{"type":"FeatureCollection","features":[{"type":"Feature","properties":{"campus_id":"alexander-academy","institution_id":"alexander-academy","institution":"Alexander Academy","campus":null,"address":"55 Massachusetts Avenue ","city":"Lunenburg","zip_code":"01462","telephone":"(978) 345-0011","website":"http://www.alexanderacademy.com/","institution_type":"PRI","category":"Private Vocational School","degrees_offered":"C","awards_offered":"One but less than two years certificate","largest_program":"Cosmetology/Barbering","campus_setting":"Suburb: Midsize","campus_housing":"No","nces_id":"476735","nces_type":"< 2-year, Private for-profit","source_municipality":"LUNENBURG","county_id":"25027","municipality_id":"162","cbsa_id":"49340"},"geometry":{"type":"Point","coordinates":[-71.76921,42.587746]}},{"type":"Feature","properties":{"campus_id":"american-international-college--edgewood-gardens","institution_id":"american-international-college","institution":"American International College","campus":"Edgewood Gardens","address":"125 Cortland Street","city":"Springfield","zip_code":"01109","telephone":"1 (800) 242-3142","website":"http://www.aic.edu","institution_type":"PRI","category":"Liberal Arts College","degrees_offered":"A, B, PBC, M, PMC, D","awards_offered":"Associate's degree;Bachelor's degree;Postbaccalaureate certificate;Master's degree;Post-master's certificate;Doctor's degree - research/scholarship;Doctor's degree - professional practice","largest_program":null,"campus_setting":"City: Midsize","campus_housing":"Yes","nces_id":"164447","nces_type":"4-year, Private not-for-profit","source_municipality":"SPRINGFIELD","county_id":"25013","municipality_id":"281","cbsa_id":"44140"},"geometry":{"type":"Point","coordinates":[-72.55433,42.11833]}},{"type":"Feature","properties":{"campus_id":"american-international-college--main-campus","institution_id":"american-international-college","institution":"American International College","campus":"Main Campus","address":"1000 State Street","city":"Springfield","zip_code":"01109","telephone":"(413) 737-7000","website":"http://www.aic.edu","institution_type":"PRI","category":"Liberal Arts College","degrees_offered":"A, B, PBC, M, PMC, D","awards_offered":"Associate's degree;Bachelor's degree;Postbaccalaureate certificate;Master's degree;Post-master's certificate;Doctor's degree - research/scholarship;Doctor's degree - professional practice","largest_program":null,"campus_setting":"City: Midsize","campus_housing":"Yes","nces_id":"164447","nces_type":"4-year, Private not-for-profit","source_municipality":"SPRINGFIELD","county_id":"25013","municipality_id":"281","cbsa_id":"44140"},"geometry":{"type":"Point","coordinates":[-72.558595,42.11268]}},{"type":"Feature","properties":{"campus_id":"amherst-college","institution_id":"amherst-college","institution":"Amherst College","campus":null,"address":"220 South Pleasant Street","city":"Amherst","zip_code":"01002","telephone":"(413) 542-2000","website":"http://www.amherst.edu","institution_type":"PRI","category":"Liberal Arts College","degrees_offered":"B","awards_offered":"Bachelor's degree","largest_program":null,"campus_setting":"Suburb: Large","campus_housing":"Yes","nces_id":"164465","nces_type":"4-year, Private not-for-profit","source_municipality":"AMHERST","county_id":"25015","municipality_id":"8","cbsa_id":"11200"},"geometry":{"type":"Point","coordinates":[-72.518799,42.369444]}},{"type":"Feature","properties":{"campus_id":"assabet-after-dark","institution_id":"assabet-after-dark","institution":"Assabet After Dark","campus":null,"address":"215 Fitchburg Street","city":"Marlborough","zip_code":"01752","telephone":"(508) 263-9651","website":"http://www.assabetafterdark.com/","institution_type":"PUB","category":"Adult Education","degrees_offered":"C","awards_offered":"One but less than two years certificate","largest_program":"Licensed Practical/Vocational Nurse Training","campus_setting":"Suburb: Large","campus_housing":"No","nces_id":"164535","nces_type":"< 2-year, Public","source_municipality":"MARLBOROUGH","county_id":"25017","municipality_id":"170","cbsa_id":"14460"},"geometry":{"type":"Point","coordinates":[-71.566804,42.367842]}},{"type":"Feature","properties":{"campus_id":"assumption-university","institution_id":"assumption-university","institution":"Assumption University","campus":null,"address":"500 Salisbury Street","city":"Worcester","zip_code":"01609","telephone":"(508) 767-7000","website":"http://www.assumption.edu","institution_type":"PRI","category":"Liberal Arts College","degrees_offered":"C, A, B, PBC, M, PMC","awards_offered":"Bachelor's degree;Postbaccalaureate certificate;Master's degree;Post-master's certificate","largest_program":null,"campus_setting":"City: Midsize","campus_housing":"Yes","nces_id":"164562","nces_type":"4-year, Private not-for-profit","source_municipality":"WORCESTER","county_id":"25027","municipality_id":"348","cbsa_id":"49340"},"geometry":{"type":"Point","coordinates":[-71.828981,42.294183]}},{"type":"Feature","properties":{"campus_id":"babson-college","institution_id":"babson-college","institution":"Babson College","campus":null,"address":"231 Forest Street","city":"Wellesley","zip_code":"02457","telephone":"(781) 235-1200","website":"http://www.babson.edu","institution_type":"PRI","category":"Business School","degrees_offered":"B, M, PMC","awards_offered":"Bachelor's degree;Postbaccalaureate certificate;Master's degree","largest_program":"Business","campus_setting":"Suburb: Large","campus_housing":"Yes","nces_id":"164580","nces_type":"4-year, Private not-for-profit","source_municipality":"WELLESLEY","county_id":"25021","municipality_id":"317","cbsa_id":"14460"},"geometry":{"type":"Point","coordinates":[-71.266197,42.297957]}},{"type":"Feature","properties":{"campus_id":"bard-college-holyoke-microcollege","institution_id":"bard-college-holyoke-microcollege","institution":"Bard College - Holyoke Microcollege","campus":null,"address":"247 Cabot Street ","city":"Holyoke","zip_code":"01040","telephone":"(413) 532-2900","website":"http://www.carecenterholyoke.org/academics/care-center-college/clemente-course/","institution_type":"PRI","category":"Adult Education","degrees_offered":"A","awards_offered":"Associate's degree","largest_program":null,"campus_setting":"Suburb: Large","campus_housing":"No","nces_id":"18908801","nces_type":"2-year, Private not-for-profit","source_municipality":"HOLYOKE","county_id":"25013","municipality_id":"137","cbsa_id":"44140"},"geometry":{"type":"Point","coordinates":[-72.617675,42.206052]}},{"type":"Feature","properties":{"campus_id":"bay-path-university","institution_id":"bay-path-university","institution":"Bay Path University","campus":null,"address":"588 Longmeadow Street","city":"Longmeadow","zip_code":"01106","telephone":"(413) 565-1000","website":"http://www.baypath.edu","institution_type":"PRI","category":"Women's Liberal Arts College, Coed Graduate School","degrees_offered":"C, A, B, PBC, M, PMC, D","awards_offered":"Less than one year certificate;Associate's degree;Bachelor's degree;Postbaccalaureate certificate;Master's degree;Post-master's certificate;Doctor's degree - professional practice","largest_program":"Business","campus_setting":"Suburb: Large","campus_housing":"Yes","nces_id":"164632","nces_type":"4-year, Private not-for-profit","source_municipality":"LONGMEADOW","county_id":"25013","municipality_id":"159","cbsa_id":"44140"},"geometry":{"type":"Point","coordinates":[-72.583378,42.055134]}},{"type":"Feature","properties":{"campus_id":"benjamin-franklin-cummings-institute-of-technology","institution_id":"benjamin-franklin-cummings-institute-of-technology","institution":"Benjamin Franklin Cummings Institute of Technology","campus":null,"address":"1011 Harrison Avenue","city":"Roxbury","zip_code":"02119","telephone":"(877) 400-2348","website":"http://www.bfit.edu","institution_type":"PRI","category":"Technical College","degrees_offered":"C, A, B","awards_offered":"Less than one year certificate;Associate's degree;Bachelor's degree","largest_program":null,"campus_setting":"City: Large","campus_housing":"No","nces_id":"165884","nces_type":"4-year, primarily associate's, Private not-for-profit","source_municipality":"BOSTON","county_id":"25025","municipality_id":"35","cbsa_id":"14460"},"geometry":{"type":"Point","coordinates":[-71.080682,42.331646]}},{"type":"Feature","properties":{"campus_id":"bentley-university","institution_id":"bentley-university","institution":"Bentley University","campus":null,"address":"175 Forest Street","city":"Waltham","zip_code":"02452","telephone":"(781) 891-2000","website":"http://www.bentley.edu","institution_type":"PRI","category":"Business School","degrees_offered":"C, A, B, PBC, M, PMC, D","awards_offered":"Less than one year certificate;Bachelor's degree;Postbaccalaureate certificate;Master's degree;Post-master's certificate;Doctor's degree - research/scholarship","largest_program":"Business","campus_setting":"City: Small","campus_housing":"Yes","nces_id":"164739","nces_type":"4-year, Private not-for-profit","source_municipality":"WALTHAM","county_id":"25017","municipality_id":"308","cbsa_id":"14460"},"geometry":{"type":"Point","coordinates":[-71.220168,42.388808]}},{"type":"Feature","properties":{"campus_id":"berklee-college-of-music","institution_id":"berklee-college-of-music","institution":"Berklee College of Music","campus":null,"address":"1140 Boylston Street","city":"Boston","zip_code":"02215","telephone":"(617) 266-1400","website":"http://www.berklee.edu","institution_type":"PRI","category":"Performing Arts College","degrees_offered":"C, B, PBC, M, PMC","awards_offered":"One but less than two years certificate;Two but less than 4 years certificate;Bachelor's degree;Postbaccalaureate certificate;Master's degree;Post-master's certificate","largest_program":"Music","campus_setting":"City: Large","campus_housing":"Yes","nces_id":"164748","nces_type":"4-year, Private not-for-profit","source_municipality":"BOSTON","county_id":"25025","municipality_id":"35","cbsa_id":"14460"},"geometry":{"type":"Point","coordinates":[-71.089379,42.346573]}},{"type":"Feature","properties":{"campus_id":"berkshire-community-college","institution_id":"berkshire-community-college","institution":"Berkshire Community College","campus":null,"address":"1350 West Street","city":"Pittsfield","zip_code":"01201","telephone":"(413) 499-4660","website":"http://www.berkshirecc.edu","institution_type":"PUB","category":"Community College","degrees_offered":"C, A","awards_offered":"Less than one year certificate;One but less than two years certificate;Associate's degree","largest_program":null,"campus_setting":"Rural: Fringe","campus_housing":"No","nces_id":"164775","nces_type":"2-year, Public","source_municipality":"PITTSFIELD","county_id":"25003","municipality_id":"236","cbsa_id":"38340"},"geometry":{"type":"Point","coordinates":[-73.315213,42.459761]}},{"type":"Feature","properties":{"campus_id":"blackstone-valley-vocational-regional-school-post-secondary-nursing-program","institution_id":"blackstone-valley-vocational-regional-school-post-secondary-nursing-program","institution":"Blackstone Valley Vocational Regional School Post-Secondary Nursing Program","campus":null,"address":"65 Pleasant Street","city":"Upton","zip_code":"01568","telephone":"(508) 529-2403","website":"https://www.valleytech.k12.ma.us/programs/vocational","institution_type":"PUB","category":"Medical Program","degrees_offered":"C","awards_offered":"One but less than two years certificate","largest_program":"Licensed Practical/Vocational Nurse Training","campus_setting":"Suburb: Large","campus_housing":"No","nces_id":"457615","nces_type":"< 2-year, Public","source_municipality":"UPTON","county_id":"25027","municipality_id":"303","cbsa_id":"49340"},"geometry":{"type":"Point","coordinates":[-71.61644,42.162892]}},{"type":"Feature","properties":{"campus_id":"blessing-channels-nail-academy","institution_id":"blessing-channels-nail-academy","institution":"Blessing Channels Nail Academy","campus":null,"address":"76 Winn Street, #1C","city":"Woburn","zip_code":"01801","telephone":"(781) 729-8868","website":"https://www.bcnailschool.com/","institution_type":"PRI","category":"Private Vocational School","degrees_offered":"C","awards_offered":null,"largest_program":"Cosmetology","campus_setting":"Suburb: Large","campus_housing":"No","nces_id":null,"nces_type":"< 2-year, Private for-profit","source_municipality":"WOBURN","county_id":"25017","municipality_id":"347","cbsa_id":"14460"},"geometry":{"type":"Point","coordinates":[-71.155619,42.482188]}},{"type":"Feature","properties":{"campus_id":"blue-hills-regional-technical-school-practical-nursing-program","institution_id":"blue-hills-regional-technical-school-practical-nursing-program","institution":"Blue Hills Regional Technical School Practical Nursing Program","campus":null,"address":"800 Randolph Street","city":"Canton","zip_code":"02021","telephone":"(781) 828-5800","website":"https://www.bluehills.org/practical-nursing/overview","institution_type":"PUB","category":"Medical Program","degrees_offered":"C","awards_offered":"One but less than two years certificate","largest_program":"Licensed Practical/Vocational Nurse Training","campus_setting":"Suburb: Large","campus_housing":"No","nces_id":"243799","nces_type":"< 2-year, Public","source_municipality":"CANTON","county_id":"25021","municipality_id":"50","cbsa_id":"14460"},"geometry":{"type":"Point","coordinates":[-71.104139,42.182143]}},{"type":"Feature","properties":{"campus_id":"boston-architectural-college","institution_id":"boston-architectural-college","institution":"Boston Architectural College","campus":null,"address":"320 Newbury Street","city":"Boston","zip_code":"02115","telephone":"(617) 262-5000","website":"http://www.the-bac.edu","institution_type":"PRI","category":"Private College","degrees_offered":"C, B, M","awards_offered":"Less than one year certificate;Bachelor's degree;Master's degree","largest_program":"Architecture","campus_setting":"City: Large","campus_housing":"No","nces_id":"164872","nces_type":"4-year, Private not-for-profit","source_municipality":"BOSTON","county_id":"25025","municipality_id":"35","cbsa_id":"14460"},"geometry":{"type":"Point","coordinates":[-71.08578,42.34849]}},{"type":"Feature","properties":{"campus_id":"boston-baptist-college","institution_id":"boston-baptist-college","institution":"Boston Baptist College","campus":null,"address":"950 Metropolitan Avenue","city":"Boston","zip_code":"02136","telephone":"(617) 364-3510","website":"http://www.boston.edu","institution_type":"PRI","category":"Divinity School","degrees_offered":"C, A, B","awards_offered":"One but less than two years certificate;Associate's degree;Bachelor's degree","largest_program":"Biblical Studies","campus_setting":"City: Large","campus_housing":"Yes","nces_id":"164614","nces_type":"4-year, Private not-for-profit","source_municipality":"BOSTON","county_id":"25025","municipality_id":"35","cbsa_id":"14460"},"geometry":{"type":"Point","coordinates":[-71.110065,42.253824]}},{"type":"Feature","properties":{"campus_id":"boston-college--brighton-campus","institution_id":"boston-college","institution":"Boston College","campus":"Brighton Campus","address":"129 Lake Street","city":"Brighton","zip_code":"02135","telephone":"(617) 552-8000","website":"http://www.bc.edu/","institution_type":"PRI","category":"Research University","degrees_offered":"C, B, PBC, M, PMC, D","awards_offered":"Less than one year certificate;Bachelor's degree;Postbaccalaureate certificate;Master's degree;Post-master's certificate;Doctor's degree - research/scholarship;Doctor's degree - professional practice","largest_program":null,"campus_setting":"City: Small","campus_housing":"Yes","nces_id":"164924","nces_type":"4-year, Private not-for-profit","source_municipality":"BOSTON","county_id":"25025","municipality_id":"35","cbsa_id":"14460"},"geometry":{"type":"Point","coordinates":[-71.162594,42.343966]}},{"type":"Feature","properties":{"campus_id":"boston-college--main-campus","institution_id":"boston-college","institution":"Boston College","campus":"Main Campus","address":"140 Commonwealth Avenue","city":"Chestnut Hill","zip_code":"02467","telephone":"(617) 552-8000","website":"http://www.bc.edu","institution_type":"PRI","category":"Research University","degrees_offered":"C, B, PBC, M, PMC, D","awards_offered":"Less than one year certificate;Bachelor's degree;Postbaccalaureate certificate;Master's degree;Post-master's certificate;Doctor's degree - research/scholarship;Doctor's degree - professional practice","largest_program":null,"campus_setting":"City: Small","campus_housing":"Yes","nces_id":"164924","nces_type":"4-year, Private not-for-profit","source_municipality":"NEWTON","county_id":"25017","municipality_id":"207","cbsa_id":"14460"},"geometry":{"type":"Point","coordinates":[-71.168755,42.335021]}},{"type":"Feature","properties":{"campus_id":"boston-college--newton-campus","institution_id":"boston-college","institution":"Boston College","campus":"Newton Campus","address":"885 Centre Street","city":"Newton","zip_code":"02459","telephone":"(617) 552-8000","website":"http://www.bc.edu/","institution_type":"PRI","category":"Research University","degrees_offered":"C, B, PBC, M, PMC, D","awards_offered":"Less than one year certificate;Bachelor's degree;Postbaccalaureate certificate;Master's degree;Post-master's certificate;Doctor's degree - research/scholarship;Doctor's degree - professional practice","largest_program":null,"campus_setting":"City: Small","campus_housing":"Yes","nces_id":"164924","nces_type":"4-year, Private not-for-profit","source_municipality":"NEWTON","county_id":"25017","municipality_id":"207","cbsa_id":"14460"},"geometry":{"type":"Point","coordinates":[-71.193954,42.34182]}},{"type":"Feature","properties":{"campus_id":"boston-graduate-school-of-psychoanalysis-inc","institution_id":"boston-graduate-school-of-psychoanalysis-inc","institution":"Boston Graduate School of Psychoanalysis Inc","campus":null,"address":"1581 Beacon Street","city":"Brookline","zip_code":"02446","telephone":"(617) 277-3915","website":"http://www.bgsp.edu","institution_type":"PRI","category":"Graduate Medical Program","degrees_offered":"M, PMC, D","awards_offered":"Master's degree;Post-master's certificate;Doctor's degree - professional practice;Doctor's degree - other","largest_program":"Psychoanalysis","campus_setting":"Suburb: Large","campus_housing":"No","nces_id":"164915","nces_type":"4-year, Private not-for-profit","source_municipality":"BROOKLINE","county_id":"25021","municipality_id":"46","cbsa_id":"14460"},"geometry":{"type":"Point","coordinates":[-71.133096,42.339184]}},{"type":"Feature","properties":{"campus_id":"boston-university--charles-river-campus","institution_id":"boston-university","institution":"Boston University","campus":"Charles River Campus","address":"1 Silber Way","city":"Boston","zip_code":"02215","telephone":"(617) 353-2000","website":"http://www.bu.edu","institution_type":"PRI","category":"Research University","degrees_offered":"C, B, PBC, M, PMC, D","awards_offered":"Less than one year certificate;One but less than two years certificate;Two but less than 4 years certificate;Bachelor's degree;Postbaccalaureate certificate;Master's degree;Post-master's certificate;Doctor's degree - research/scholarship;Doctor's degree -","largest_program":null,"campus_setting":"City: Large","campus_housing":"Yes","nces_id":"164988","nces_type":"4-year, Private not-for-profit","source_municipality":"BOSTON","county_id":"25025","municipality_id":"35","cbsa_id":"14460"},"geometry":{"type":"Point","coordinates":[-71.099677,42.349604]}},{"type":"Feature","properties":{"campus_id":"boston-university-chobanian-avedisian-school-of-medicine--medical-campus","institution_id":"boston-university-chobanian-avedisian-school-of-medicine","institution":"Boston University Chobanian & Avedisian School of Medicine","campus":"Medical Campus","address":"72 E Concord Street","city":"Boston","zip_code":"02118","telephone":"(617) 638-5300","website":"http://www.bumc.bu.edu/busm/","institution_type":"PRI","category":"Medical School","degrees_offered":"C, B, PBC, M, PMC, D","awards_offered":"Less than one year certificate;One but less than two years certificate;Two but less than 4 years certificate;Bachelor's degree;Postbaccalaureate certificate;Master's degree;Post-master's certificate;Doctor's degree - research/scholarship;Doctor's degree -","largest_program":null,"campus_setting":"City: Large","campus_housing":"Yes","nces_id":"164988","nces_type":"4-year, Private not-for-profit","source_municipality":"BOSTON","county_id":"25025","municipality_id":"35","cbsa_id":"14460"},"geometry":{"type":"Point","coordinates":[-71.072455,42.336322]}},{"type":"Feature","properties":{"campus_id":"brandeis-university","institution_id":"brandeis-university","institution":"Brandeis University","campus":null,"address":"415 South Street","city":"Waltham","zip_code":"02454","telephone":"(781) 736-2000","website":"http://www.brandeis.edu","institution_type":"PRI","category":"Research University","degrees_offered":"B, M, PMC, D","awards_offered":"Bachelor's degree;Master's degree;Post-master's certificate;Doctor's degree - research/scholarship","largest_program":null,"campus_setting":"City: Small","campus_housing":"Yes","nces_id":"165015","nces_type":"4-year, Private not-for-profit","source_municipality":"WALTHAM","county_id":"25017","municipality_id":"308","cbsa_id":"14460"},"geometry":{"type":"Point","coordinates":[-71.260065,42.365773]}},{"type":"Feature","properties":{"campus_id":"bridgewater-state-university","institution_id":"bridgewater-state-university","institution":"Bridgewater State University","campus":null,"address":"131 Summer Street","city":"Bridgewater","zip_code":"02325","telephone":"(508) 531-1000","website":"http://www.bridgew.edu","institution_type":"PUB","category":"State University","degrees_offered":"C, B, PBC, M, PMC","awards_offered":"Less than one year certificate;Bachelor's degree;Postbaccalaureate certificate;Master's degree;Post-master's certificate","largest_program":"Education","campus_setting":"Suburb: Large","campus_housing":"Yes","nces_id":"165024","nces_type":"4-year, Public","source_municipality":"BRIDGEWATER","county_id":"25023","municipality_id":"42","cbsa_id":"14460"},"geometry":{"type":"Point","coordinates":[-70.974504,41.987514]}},{"type":"Feature","properties":{"campus_id":"bristol-community-college--attleboro","institution_id":"bristol-community-college","institution":"Bristol Community College","campus":"Attleboro","address":"11 Field Road","city":"Attleboro","zip_code":"02703","telephone":"(508) 226-2484","website":"https://bristolcc.edu/locations/attleboro/index.html","institution_type":"PUB","category":"Community College","degrees_offered":"C, A","awards_offered":"Less than one year certificate;One but less than two years certificate;Associate's degree","largest_program":null,"campus_setting":"Suburb: Large","campus_housing":"No","nces_id":"165033","nces_type":"2-year, Public","source_municipality":"ATTLEBORO","county_id":"25005","municipality_id":"16","cbsa_id":"39300"},"geometry":{"type":"Point","coordinates":[-71.273689,41.947806]}},{"type":"Feature","properties":{"campus_id":"bristol-community-college--fall-river","institution_id":"bristol-community-college","institution":"Bristol Community College","campus":"Fall River","address":"777 Elsbree Street","city":"Fall River","zip_code":"02720","telephone":"(508) 678-2811","website":"https://bristolcc.edu/locations/taunton/index.html","institution_type":"PUB","category":"Community College","degrees_offered":"C, A","awards_offered":"Less than one year certificate;One but less than two years certificate;Associate's degree","largest_program":null,"campus_setting":"Suburb: Large","campus_housing":"No","nces_id":"165033","nces_type":"2-year, Public","source_municipality":"FALL RIVER","county_id":"25005","municipality_id":"95","cbsa_id":"39300"},"geometry":{"type":"Point","coordinates":[-71.119949,41.721372]}},{"type":"Feature","properties":{"campus_id":"bristol-community-college--new-bedford","institution_id":"bristol-community-college","institution":"Bristol Community College","campus":"New Bedford","address":"800 Purchase Street","city":"New Bedford","zip_code":"02740","telephone":"(508) 984-8226","website":"https://bristolcc.edu/locations/newbedford/index.html","institution_type":"PUB","category":"Community College","degrees_offered":"C, A","awards_offered":"Less than one year certificate;One but less than two years certificate;Associate's degree","largest_program":null,"campus_setting":"Suburb: Large","campus_housing":"No","nces_id":"165033","nces_type":"2-year, Public","source_municipality":"NEW BEDFORD","county_id":"25005","municipality_id":"201","cbsa_id":"39300"},"geometry":{"type":"Point","coordinates":[-70.925621,41.635258]}},{"type":"Feature","properties":{"campus_id":"bristol-community-college--taunton","institution_id":"bristol-community-college","institution":"Bristol Community College","campus":"Taunton","address":"2 Hamilton Street","city":"Taunton","zip_code":"02780","telephone":"(774) 357-3767","website":"https://bristolcc.edu/locations/taunton/index.html","institution_type":"PUB","category":"Community College","degrees_offered":"C, A","awards_offered":"Less than one year certificate;One but less than two years certificate;Associate's degree","largest_program":null,"campus_setting":"Suburb: Large","campus_housing":"No","nces_id":"165033","nces_type":"2-year, Public","source_municipality":"TAUNTON","county_id":"25005","municipality_id":"293","cbsa_id":"39300"},"geometry":{"type":"Point","coordinates":[-71.095426,41.909156]}},{"type":"Feature","properties":{"campus_id":"bunker-hill-community-college--charlestown","institution_id":"bunker-hill-community-college","institution":"Bunker Hill Community College","campus":"Charlestown","address":"250 New Rutherford Avenue","city":"Boston","zip_code":"02129","telephone":"(617) 228-2000","website":"http://www.bhcc.mass.edu","institution_type":"PUB","category":"Community College","degrees_offered":"C, A","awards_offered":"Less than one year certificate;Associate's degree","largest_program":null,"campus_setting":"City: Large","campus_housing":"No","nces_id":"165112","nces_type":"2-year, Public","source_municipality":"BOSTON","county_id":"25025","municipality_id":"35","cbsa_id":"14460"},"geometry":{"type":"Point","coordinates":[-71.069445,42.375484]}},{"type":"Feature","properties":{"campus_id":"bunker-hill-community-college--chelsea","institution_id":"bunker-hill-community-college","institution":"Bunker Hill Community College","campus":"Chelsea","address":"70 Everett Avenue","city":"Chelsea","zip_code":"02150","telephone":"(617) 228-2101","website":"https://www.bhcc.edu/chelsea/","institution_type":"PUB","category":"Community College","degrees_offered":"C, A","awards_offered":"Less than one year certificate;Associate's degree","largest_program":null,"campus_setting":"City: Large","campus_housing":"No","nces_id":"165112","nces_type":"2-year, Public","source_municipality":"CHELSEA","county_id":"25025","municipality_id":"57","cbsa_id":"14460"},"geometry":{"type":"Point","coordinates":[-71.040613,42.392974]}},{"type":"Feature","properties":{"campus_id":"cambridge-college--lawrence","institution_id":"cambridge-college","institution":"Cambridge College","campus":"Lawrence","address":"280 Merrimack Street","city":"Lawrence","zip_code":"01843","telephone":"1 (800) 877-4723","website":"https://lawrence.cambridgecollege.edu/","institution_type":"PRI","category":"Private College","degrees_offered":"C, B, PBC, M, PMC, D","awards_offered":"Less than one year certificate;Associate's degree;Bachelor's degree;Postbaccalaureate certificate;Master's degree;Post-master's certificate;Doctor's degree - research/scholarship","largest_program":"Education","campus_setting":"City: Midsize","campus_housing":"No","nces_id":"165167","nces_type":"4-year, Private not-for-profit","source_municipality":"LAWRENCE","county_id":"25009","municipality_id":"149","cbsa_id":"14460"},"geometry":{"type":"Point","coordinates":[-71.148477,42.703154]}},{"type":"Feature","properties":{"campus_id":"cambridge-college--main-campus","institution_id":"cambridge-college","institution":"Cambridge College","campus":"Main Campus","address":"500 Rutherford Avenue","city":"Boston","zip_code":"02129","telephone":"1 (800) 877-4723","website":"http://www.cambridgecollege.edu","institution_type":"PRI","category":"Private College","degrees_offered":"C, B, PBC, M, PMC, D","awards_offered":"Less than one year certificate;Associate's degree;Bachelor's degree;Postbaccalaureate certificate;Master's degree;Post-master's certificate;Doctor's degree - research/scholarship","largest_program":null,"campus_setting":"City: Large","campus_housing":"No","nces_id":"165167","nces_type":"4-year, Private not-for-profit","source_municipality":"BOSTON","county_id":"25025","municipality_id":"35","cbsa_id":"14460"},"geometry":{"type":"Point","coordinates":[-71.072962,42.381407]}},{"type":"Feature","properties":{"campus_id":"cambridge-college--springfield","institution_id":"cambridge-college","institution":"Cambridge College","campus":"Springfield","address":"1500 Main Street","city":"Springfield","zip_code":"01115","telephone":"(413) 747-0204","website":"https://springfield.cambridgecollege.edu/","institution_type":"PRI","category":"Private College","degrees_offered":"C, B, PBC, M, PMC, D","awards_offered":"Less than one year certificate;Associate's degree;Bachelor's degree;Postbaccalaureate certificate;Master's degree;Post-master's certificate;Doctor's degree - research/scholarship","largest_program":null,"campus_setting":"City: Midsize","campus_housing":"No","nces_id":"165167","nces_type":"4-year, Private not-for-profit","source_municipality":"SPRINGFIELD","county_id":"25013","municipality_id":"281","cbsa_id":"44140"},"geometry":{"type":"Point","coordinates":[-72.59192,42.102424]}},{"type":"Feature","properties":{"campus_id":"cape-cod-community-college--burnell-hall-at-bridgewater-state","institution_id":"cape-cod-community-college","institution":"Cape Cod Community College","campus":"Burnell Hall at Bridgewater State","address":"66 Hooper Street","city":"Bridgewater","zip_code":"02325","telephone":"(508) 362-2131","website":"http://www.capecod.edu/","institution_type":"PUB","category":"Community College","degrees_offered":"C, A","awards_offered":"Less than one year certificate;Associate's degree","largest_program":null,"campus_setting":"City: Small","campus_housing":"No","nces_id":"165194","nces_type":"2-year, Public","source_municipality":"BRIDGEWATER","county_id":"25023","municipality_id":"42","cbsa_id":"14460"},"geometry":{"type":"Point","coordinates":[-70.965057,41.989524]}},{"type":"Feature","properties":{"campus_id":"cape-cod-community-college--main-campus","institution_id":"cape-cod-community-college","institution":"Cape Cod Community College","campus":"Main Campus","address":"2240 Iyannough Road","city":"West Barnstable","zip_code":"02668","telephone":"(508) 362-2131","website":"http://www.capecod.edu/","institution_type":"PUB","category":"Community College","degrees_offered":"C, A","awards_offered":"Less than one year certificate;Associate's degree","largest_program":null,"campus_setting":"City: Small","campus_housing":"No","nces_id":"165194","nces_type":"2-year, Public","source_municipality":"BARNSTABLE","county_id":"25001","municipality_id":"20","cbsa_id":"12700"},"geometry":{"type":"Point","coordinates":[-70.336722,41.692282]}},{"type":"Feature","properties":{"campus_id":"cape-cod-community-college--plymouth-municipal-airport","institution_id":"cape-cod-community-college","institution":"Cape Cod Community College","campus":"Plymouth Municipal Airport","address":"246 South Meadow Road","city":"Plymouth","zip_code":"02360","telephone":"(508) 362-2131","website":"http://www.capecod.edu/","institution_type":"PUB","category":"Community College","degrees_offered":"C, A","awards_offered":"Less than one year certificate;Associate's degree","largest_program":null,"campus_setting":"City: Small","campus_housing":"No","nces_id":"165194","nces_type":"2-year, Public","source_municipality":"PLYMOUTH","county_id":"25023","municipality_id":"239","cbsa_id":"14460"},"geometry":{"type":"Point","coordinates":[-70.732751,41.909942]}},{"type":"Feature","properties":{"campus_id":"cape-cod-community-college--satellite-campus-hyannis","institution_id":"cape-cod-community-college","institution":"Cape Cod Community College","campus":"Satellite Campus Hyannis","address":"540 Main Street","city":"Hyannis","zip_code":"02601","telephone":"(508) 362-2131","website":"http://www.capecod.edu/","institution_type":"PUB","category":"Community College","degrees_offered":"C, A","awards_offered":"Less than one year certificate;Associate's degree","largest_program":null,"campus_setting":"City: Small","campus_housing":"No","nces_id":"165194","nces_type":"2-year, Public","source_municipality":"BARNSTABLE","county_id":"25001","municipality_id":"20","cbsa_id":"12700"},"geometry":{"type":"Point","coordinates":[-70.289399,41.650946]}},{"type":"Feature","properties":{"campus_id":"cape-cod-community-college-adult-and-continuing-education-martha-s-vineyard--martha-s-vineyard","institution_id":"cape-cod-community-college-adult-and-continuing-education-martha-s-vineyard","institution":"Cape Cod Community College Adult and Continuing Education - Martha's Vineyard","campus":"Martha's Vineyard","address":"100 Edgartown Vineyard Haven Road","city":"Oak Bluffs","zip_code":"02557","telephone":"(508) 367-5792","website":"https://www.capecod.edu/mv/","institution_type":"PUB","category":"Community College","degrees_offered":"C, A","awards_offered":"Less than one year certificate;Associate's degree","largest_program":null,"campus_setting":"City: Small","campus_housing":"No","nces_id":"165194","nces_type":"2-year, Public","source_municipality":"OAK BLUFFS","county_id":"25007","municipality_id":"221","cbsa_id":"47240"},"geometry":{"type":"Point","coordinates":[-70.5956,41.418372]}},{"type":"Feature","properties":{"campus_id":"catherine-hinds-institute-of-esthetics","institution_id":"catherine-hinds-institute-of-esthetics","institution":"Catherine Hinds Institute of Esthetics","campus":null,"address":"300 Wildwood Avenue","city":"Woburn","zip_code":"01801","telephone":"(781) 935-3344","website":"https://catherinehindscompany.com/","institution_type":"PRI","category":"Private Vocational School","degrees_offered":"C","awards_offered":"Less than one year certificate;One but less than two years certificate","largest_program":"Master Aesthetician/Esthetician","campus_setting":"Suburb: Large","campus_housing":"No","nces_id":"165255","nces_type":"< 2-year, Private for-profit","source_municipality":"WOBURN","county_id":"25017","municipality_id":"347","cbsa_id":"14460"},"geometry":{"type":"Point","coordinates":[-71.137147,42.493278]}},{"type":"Feature","properties":{"campus_id":"charles-h-mccann-technical-school-adult-evening-classes","institution_id":"charles-h-mccann-technical-school-adult-evening-classes","institution":"Charles H. McCann Technical School Adult Evening Classes","campus":null,"address":"70 Hodges Cross Road","city":"North Adams","zip_code":"01247","telephone":"(413) 663-5383","website":"https://www.mccanntech.org/educational-programs/adult-evening-courses","institution_type":"PUB","category":"Adult Education","degrees_offered":"C","awards_offered":"One but less than two years certificate","largest_program":"Licensed Practical/Vocational Nurse Training","campus_setting":"Rural: Fringe","campus_housing":"No","nces_id":"419095","nces_type":"< 2-year, Public","source_municipality":"NORTH ADAMS","county_id":"25003","municipality_id":"209","cbsa_id":"38340"},"geometry":{"type":"Point","coordinates":[-73.100727,42.664298]}},{"type":"Feature","properties":{"campus_id":"clark-university","institution_id":"clark-university","institution":"Clark University","campus":null,"address":"950 Main Street","city":"Worcester","zip_code":"01610","telephone":"(508) 793-7711","website":"http://www.clarku.edu","institution_type":"PRI","category":"Research University","degrees_offered":"C, B, PBC, M, PMC, D","awards_offered":"Less than one year certificate;Bachelor's degree;Postbaccalaureate certificate;Master's degree;Post-master's certificate;Doctor's degree - research/scholarship","largest_program":null,"campus_setting":"City: Midsize","campus_housing":"Yes","nces_id":"165334","nces_type":"4-year, Private not-for-profit","source_municipality":"WORCESTER","county_id":"25027","municipality_id":"348","cbsa_id":"49340"},"geometry":{"type":"Point","coordinates":[-71.823927,42.251308]}},{"type":"Feature","properties":{"campus_id":"collectiv-academy--braintree","institution_id":"collectiv-academy","institution":"Collectiv Academy","campus":"Braintree","address":"727A Granite Street","city":"Braintree","zip_code":"02184","telephone":"(781) 428-3099","website":"https://collectivacademy.com/schools/massachusetts/braintree/","institution_type":"PRI","category":"Private Vocational School","degrees_offered":"C","awards_offered":"One but less than two years certificate","largest_program":"Cosmetology","campus_setting":"Suburb: Midsize","campus_housing":"No","nces_id":"434344","nces_type":"< 2-year, Private for-profit","source_municipality":"BRAINTREE","county_id":"25021","municipality_id":"40","cbsa_id":"14460"},"geometry":{"type":"Point","coordinates":[-71.02452,42.206288]}},{"type":"Feature","properties":{"campus_id":"college-of-our-lady-of-the-elms","institution_id":"college-of-our-lady-of-the-elms","institution":"College of Our Lady of the Elms","campus":null,"address":"291 Springfield Street","city":"Chicopee","zip_code":"01013","telephone":"(413) 594-2761","website":"http://www.elms.edu","institution_type":"PRI","category":"Liberal Arts College","degrees_offered":"C, A, B, PBC, M, PMC, D","awards_offered":"Less than one year certificate;One but less than two years certificate;Associate's degree;Bachelor's degree;Postbaccalaureate certificate;Master's degree;Post-master's certificate;Doctor's degree - professional practice","largest_program":null,"campus_setting":"Suburb: Large","campus_housing":"Yes","nces_id":"167394","nces_type":"4-year, Private not-for-profit","source_municipality":"CHICOPEE","county_id":"25013","municipality_id":"61","cbsa_id":"44140"},"geometry":{"type":"Point","coordinates":[-72.600348,42.141696]}},{"type":"Feature","properties":{"campus_id":"college-of-the-holy-cross","institution_id":"college-of-the-holy-cross","institution":"College of the Holy Cross","campus":null,"address":"1 College Street","city":"Worcester","zip_code":"01610","telephone":"(508) 793-2011","website":"http://www.holycross.edu","institution_type":"PRI","category":"Liberal Arts College","degrees_offered":"B","awards_offered":"Bachelor's degree","largest_program":null,"campus_setting":"City: Midsize","campus_housing":"Yes","nces_id":"166124","nces_type":"4-year, Private not-for-profit","source_municipality":"WORCESTER","county_id":"25027","municipality_id":"348","cbsa_id":"49340"},"geometry":{"type":"Point","coordinates":[-71.808268,42.237551]}},{"type":"Feature","properties":{"campus_id":"conway-school-of-landscape-design--main-campus","institution_id":"conway-school-of-landscape-design","institution":"Conway School of Landscape Design","campus":"Main Campus","address":"88 Village Hill Road","city":"Northampton","zip_code":"01060","telephone":"(413) 369-4044","website":"http://www.csld.edu","institution_type":"PRI","category":"Graduate Landscape Program","degrees_offered":"M","awards_offered":"Master's degree","largest_program":"Landscape Design","campus_setting":"Suburb: Large","campus_housing":"No","nces_id":"165495","nces_type":"4-year, Private not-for-profit","source_municipality":"NORTHAMPTON","county_id":"25015","municipality_id":"214","cbsa_id":"11200"},"geometry":{"type":"Point","coordinates":[-72.648771,42.313814]}},{"type":"Feature","properties":{"campus_id":"curry-college","institution_id":"curry-college","institution":"Curry College","campus":null,"address":"1071 Blue Hill Avenue","city":"Milton","zip_code":"02186","telephone":"(617) 333-2210","website":"http://www.curry.edu","institution_type":"PRI","category":"Liberal Arts College","degrees_offered":"B, M, PMC","awards_offered":"Bachelor's degree;Master's degree;Post-master's certificate","largest_program":"Medical Program","campus_setting":"Suburb: Large","campus_housing":"Yes","nces_id":"165529","nces_type":"4-year, Private not-for-profit","source_municipality":"MILTON","county_id":"25021","municipality_id":"189","cbsa_id":"14460"},"geometry":{"type":"Point","coordinates":[-71.114732,42.240842]}},{"type":"Feature","properties":{"campus_id":"david-nicholas-international","institution_id":"david-nicholas-international","institution":"David Nicholas International","campus":null,"address":"18 Park Street","city":"Andover","zip_code":"01810","telephone":"(617) 242-0177","website":"https://www.dnimakeup.com/","institution_type":"PRI","category":"Private Vocational School","degrees_offered":"C","awards_offered":null,"largest_program":"Cosmetology","campus_setting":"Suburb: Large","campus_housing":"No","nces_id":null,"nces_type":"< 2-year, Private for-profit","source_municipality":"ANDOVER","county_id":"25009","municipality_id":"9","cbsa_id":"14460"},"geometry":{"type":"Point","coordinates":[-71.139653,42.656613]}},{"type":"Feature","properties":{"campus_id":"dean-college","institution_id":"dean-college","institution":"Dean College","campus":null,"address":"99 Main Street","city":"Franklin","zip_code":"02038","telephone":"(877) 879-3326","website":"http://www.dean.edu","institution_type":"PRI","category":"Liberal Arts College","degrees_offered":"C, A, B","awards_offered":"Less than one year certificate;Associate's degree;Bachelor's degree","largest_program":null,"campus_setting":"Suburb: Large","campus_housing":"Yes","nces_id":"165574","nces_type":"4-year, Private not-for-profit","source_municipality":"FRANKLIN","county_id":"25021","municipality_id":"101","cbsa_id":"14460"},"geometry":{"type":"Point","coordinates":[-71.397882,42.085655]}},{"type":"Feature","properties":{"campus_id":"digrigoli-school-of-cosmetology","institution_id":"digrigoli-school-of-cosmetology","institution":"DiGrigoli School of Cosmetology","campus":null,"address":"1578 Riverdale Street","city":"West Springfield","zip_code":"01089","telephone":"(413) 827-0037","website":"http://www.digrigoli.com/","institution_type":"PRI","category":"Private Vocational School","degrees_offered":"C","awards_offered":"One but less than two years certificate","largest_program":"Cosmetology/Cosmetologist, General","campus_setting":"Suburb: Large","campus_housing":"No","nces_id":"451255","nces_type":"< 2-year, Private for-profit","source_municipality":"WEST SPRINGFIELD","county_id":"25013","municipality_id":"325","cbsa_id":"44140"},"geometry":{"type":"Point","coordinates":[-72.630296,42.14639]}},{"type":"Feature","properties":{"campus_id":"diman-regional-technical-institute-division-of-continuing-education","institution_id":"diman-regional-technical-institute-division-of-continuing-education","institution":"Diman Regional Technical Institute Division of Continuing Education","campus":null,"address":"1082 Davol Street","city":"Fall River","zip_code":"02720","telephone":"(508) 678-2891","website":"https://www.dimanregional.org/domain/1100","institution_type":"PUB","category":"Adult Education","degrees_offered":"C","awards_offered":"One but less than two years certificate","largest_program":"Licensed Practical/Vocational Nurse Training","campus_setting":"Suburb: Large","campus_housing":"No","nces_id":"165608","nces_type":"< 2-year, Public","source_municipality":"FALL RIVER","county_id":"25005","municipality_id":"95","cbsa_id":"39300"},"geometry":{"type":"Point","coordinates":[-71.155045,41.718444]}},{"type":"Feature","properties":{"campus_id":"electrology-institute-of-new-england-inc","institution_id":"electrology-institute-of-new-england-inc","institution":"Electrology Institute of New England, Inc","campus":null,"address":"1501 Main Street","city":"Tewksbury","zip_code":"01876","telephone":"1 (800) 548-6339","website":"http://electrologyinstitute.com/","institution_type":"PRI","category":"Private Vocational School","degrees_offered":"C","awards_offered":"Less than one year certificate;One but less than two years certificate","largest_program":"Electrolysis/Electrology and Electrolysis Technician","campus_setting":"Suburb: Large","campus_housing":"No","nces_id":"410964","nces_type":"< 2-year, Private for-profit","source_municipality":"TEWKSBURY","county_id":"25017","municipality_id":"295","cbsa_id":"14460"},"geometry":{"type":"Point","coordinates":[-71.220837,42.597485]}},{"type":"Feature","properties":{"campus_id":"emerson-college","institution_id":"emerson-college","institution":"Emerson College","campus":null,"address":"120 Boylston Street","city":"Boston","zip_code":"02116","telephone":"(617) 824-8500","website":"http://www.emerson.edu","institution_type":"PRI","category":"Private College","degrees_offered":"B, M","awards_offered":"Bachelor's degree;Master's degree","largest_program":"Communications, Performing Arts","campus_setting":"City: Large","campus_housing":"Yes","nces_id":"165662","nces_type":"4-year, Private not-for-profit","source_municipality":"BOSTON","county_id":"25025","municipality_id":"35","cbsa_id":"14460"},"geometry":{"type":"Point","coordinates":[-71.065278,42.351964]}},{"type":"Feature","properties":{"campus_id":"emmanuel-college","institution_id":"emmanuel-college","institution":"Emmanuel College","campus":null,"address":"400 The Fenway","city":"Boston","zip_code":"02115","telephone":"(617) 735-9715","website":"http://www.emmanuel.edu","institution_type":"PRI","category":"Liberal Arts College","degrees_offered":"B, PBC, M, PMC","awards_offered":"Bachelor's degree;Postbaccalaureate certificate;Master's degree;Post-master's certificate","largest_program":null,"campus_setting":"City: Large","campus_housing":"Yes","nces_id":"165671","nces_type":"4-year, Private not-for-profit","source_municipality":"BOSTON","county_id":"25025","municipality_id":"35","cbsa_id":"14460"},"geometry":{"type":"Point","coordinates":[-71.102421,42.341141]}},{"type":"Feature","properties":{"campus_id":"empire-beauty-school--malden","institution_id":"empire-beauty-school","institution":"Empire Beauty School","campus":"Malden","address":"347 Pleasant Street","city":"Malden","zip_code":"02148","telephone":"(781) 397-7400","website":"http://www.empire.edu","institution_type":"PRI","category":"Private Vocational School","degrees_offered":"C","awards_offered":"One but less than two years certificate","largest_program":"Cosmetology/Cosmetologist, General","campus_setting":"Suburb: Large","campus_housing":"No","nces_id":"407179","nces_type":"< 2-year, Private for-profit","source_municipality":"MALDEN","county_id":"25017","municipality_id":"165","cbsa_id":"14460"},"geometry":{"type":"Point","coordinates":[-71.076621,42.427455]}},{"type":"Feature","properties":{"campus_id":"endicott-college","institution_id":"endicott-college","institution":"Endicott College","campus":null,"address":"376 Hale Street","city":"Beverly","zip_code":"01915","telephone":"(978) 927-0585","website":"http://www.endicott.edu","institution_type":"PRI","category":"Liberal Arts College","degrees_offered":"C, A, B, PBC, M, PMC, D","awards_offered":"Less than one year certificate;Associate's degree;Bachelor's degree;Postbaccalaureate certificate;Master's degree;Post-master's certificate;Doctor's degree - research/scholarship","largest_program":null,"campus_setting":"Suburb: Large","campus_housing":"Yes","nces_id":"165699","nces_type":"4-year, Private not-for-profit","source_municipality":"BEVERLY","county_id":"25009","municipality_id":"30","cbsa_id":"14460"},"geometry":{"type":"Point","coordinates":[-70.843341,42.553369]}},{"type":"Feature","properties":{"campus_id":"fine-mortuary-college","institution_id":"fine-mortuary-college","institution":"FINE Mortuary College","campus":null,"address":"150 Kerry Place","city":"Norwood","zip_code":"02090","telephone":"(781) 461-9080","website":"http://www.fmc.edu","institution_type":"PRI","category":"Private Occupational Program","degrees_offered":"A","awards_offered":"Associate's degree","largest_program":"Mortuary Science","campus_setting":"Suburb: Large","campus_housing":"No","nces_id":"436599","nces_type":"2-year, Private for-profit","source_municipality":"NORWOOD","county_id":"25021","municipality_id":"220","cbsa_id":"14460"},"geometry":{"type":"Point","coordinates":[-71.191735,42.181005]}},{"type":"Feature","properties":{"campus_id":"fisher-college","institution_id":"fisher-college","institution":"Fisher College","campus":null,"address":"118 Beacon Street","city":"Boston","zip_code":"02116","telephone":"(617) 236-8800","website":"http://www.fisher.edu","institution_type":"PRI","category":"Liberal Arts College","degrees_offered":"C, A, B, M","awards_offered":"One but less than two years certificate;Associate's degree;Bachelor's degree;Master's degree","largest_program":null,"campus_setting":"City: Large","campus_housing":"Yes","nces_id":"165802","nces_type":"4-year, Private not-for-profit","source_municipality":"BOSTON","county_id":"25025","municipality_id":"35","cbsa_id":"14460"},"geometry":{"type":"Point","coordinates":[-71.073986,42.355293]}},{"type":"Feature","properties":{"campus_id":"fitchburg-state-university","institution_id":"fitchburg-state-university","institution":"Fitchburg State University","campus":null,"address":"160 Pearl Street","city":"Fitchburg","zip_code":"01420","telephone":"(978) 345-2151","website":"http://www.fitchburgstate.edu","institution_type":"PUB","category":"State University","degrees_offered":"C, B, PBC, M, PMC","awards_offered":"Less than one year certificate;One but less than two years certificate;Bachelor's degree;Postbaccalaureate certificate;Master's degree;Post-master's certificate","largest_program":"Education","campus_setting":"Suburb: Midsize","campus_housing":"Yes","nces_id":"165820","nces_type":"4-year, Public","source_municipality":"FITCHBURG","county_id":"25027","municipality_id":"97","cbsa_id":"49340"},"geometry":{"type":"Point","coordinates":[-71.78844,42.59024]}},{"type":"Feature","properties":{"campus_id":"flavia-leal-beauty-school--framingham","institution_id":"flavia-leal-beauty-school","institution":"Flavia Leal Beauty School","campus":"Framingham","address":"63 Fountain Street #501","city":"Framingham","zip_code":"01702","telephone":"(781) 995-4009","website":"https://flavialeal.com/","institution_type":"PRI","category":"Private Vocational School","degrees_offered":"C","awards_offered":null,"largest_program":"Cosmetology","campus_setting":"City: Small","campus_housing":"No","nces_id":null,"nces_type":"< 2-year, Private for-profit","source_municipality":"FRAMINGHAM","county_id":"25017","municipality_id":"100","cbsa_id":"14460"},"geometry":{"type":"Point","coordinates":[-71.426042,42.275975]}},{"type":"Feature","properties":{"campus_id":"flavia-leal-beauty-school--revere","institution_id":"flavia-leal-beauty-school","institution":"Flavia Leal Beauty School","campus":"Revere","address":"268A Broadway","city":"Revere","zip_code":"02151","telephone":"(781) 995-4009","website":"https://flavialeal.com/","institution_type":"PRI","category":"Private Vocational School","degrees_offered":"C","awards_offered":null,"largest_program":"Cosmetology","campus_setting":"City: Small","campus_housing":"No","nces_id":null,"nces_type":"< 2-year, Private for-profit","source_municipality":"REVERE","county_id":"25025","municipality_id":"248","cbsa_id":"14460"},"geometry":{"type":"Point","coordinates":[-71.013986,42.407906]}},{"type":"Feature","properties":{"campus_id":"flavia-leal-beauty-school--woburn","institution_id":"flavia-leal-beauty-school","institution":"Flavia Leal Beauty School","campus":"Woburn","address":"36 Cummings Park Drive","city":"Woburn","zip_code":"01801","telephone":"(781) 995-4009","website":"https://flavialeal.com/","institution_type":"PRI","category":"Private Vocational School","degrees_offered":"C","awards_offered":null,"largest_program":"Cosmetology","campus_setting":"Suburb: Large","campus_housing":"No","nces_id":null,"nces_type":"< 2-year, Private for-profit","source_municipality":"WOBURN","county_id":"25017","municipality_id":"347","cbsa_id":"14460"},"geometry":{"type":"Point","coordinates":[-71.124492,42.498463]}},{"type":"Feature","properties":{"campus_id":"framingham-state-university","institution_id":"framingham-state-university","institution":"Framingham State University","campus":null,"address":"100 State Street","city":"Framingham","zip_code":"01701","telephone":"(508) 620-1220","website":"http://www.framingham.edu","institution_type":"PUB","category":"State University","degrees_offered":"B, PBC, M","awards_offered":"Less than one year certificate;Bachelor's degree;Postbaccalaureate certificate;Master's degree;Post-master's certificate","largest_program":"Education","campus_setting":"City: Small","campus_housing":"Yes","nces_id":"165866","nces_type":"4-year, Public","source_municipality":"FRAMINGHAM","county_id":"25017","municipality_id":"100","cbsa_id":"14460"},"geometry":{"type":"Point","coordinates":[-71.436079,42.298015]}},{"type":"Feature","properties":{"campus_id":"franklin-w-olin-college-of-engineering","institution_id":"franklin-w-olin-college-of-engineering","institution":"Franklin W. Olin College of Engineering","campus":null,"address":"1000 Olin Way","city":"Needham","zip_code":"02492","telephone":"(781) 292-2300","website":"http://www.olin.edu","institution_type":"PRI","category":"Private College","degrees_offered":"B","awards_offered":"Bachelor's degree","largest_program":"Engineering","campus_setting":"Suburb: Large","campus_housing":"Yes","nces_id":"441982","nces_type":"4-year, Private not-for-profit","source_municipality":"NEEDHAM","county_id":"25021","municipality_id":"199","cbsa_id":"14460"},"geometry":{"type":"Point","coordinates":[-71.263953,42.293455]}},{"type":"Feature","properties":{"campus_id":"gordon-college","institution_id":"gordon-college","institution":"Gordon College","campus":null,"address":"255 Grapevine Road","city":"Wenham","zip_code":"01984","telephone":"(978) 927-2300","website":"http://www.gordon.edu","institution_type":"PRI","category":"Liberal Arts College","degrees_offered":"B, M, PMC","awards_offered":"Bachelor's degree;Master's degree;Post-master's certificate","largest_program":null,"campus_setting":"Suburb: Large","campus_housing":"Yes","nces_id":"165936","nces_type":"4-year, Private not-for-profit","source_municipality":"WENHAM","county_id":"25009","municipality_id":"320","cbsa_id":"14460"},"geometry":{"type":"Point","coordinates":[-70.821484,42.590502]}},{"type":"Feature","properties":{"campus_id":"gordon-conwell-theological-seminary--boston","institution_id":"gordon-conwell-theological-seminary","institution":"Gordon-Conwell Theological Seminary","campus":"Boston","address":"90 Warren Street","city":"Roxbury","zip_code":"02119","telephone":"(617) 427-7293","website":"http://www.gordonconwell.edu/","institution_type":"PRI","category":"Divinity School","degrees_offered":"PBC, M, D","awards_offered":"Postbaccalaureate certificate;Master's degree;Doctor's degree","largest_program":"Evangelical Seminary","campus_setting":"Suburb: Large","campus_housing":"Yes","nces_id":"165945","nces_type":"4-year, Private not-for-profit","source_municipality":"BOSTON","county_id":"25025","municipality_id":"35","cbsa_id":"14460"},"geometry":{"type":"Point","coordinates":[-71.082732,42.327655]}},{"type":"Feature","properties":{"campus_id":"gordon-conwell-theological-seminary--south-hamilton","institution_id":"gordon-conwell-theological-seminary","institution":"Gordon-Conwell Theological Seminary","campus":"South Hamilton","address":"130 Essex Street","city":"South Hamilton","zip_code":"01982","telephone":"(978) 468-7111","website":"http://www.gordonconwell.edu","institution_type":"PRI","category":"Divinity School","degrees_offered":"PBC, M, D","awards_offered":"Postbaccalaureate certificate;Master's degree;Doctor's degree","largest_program":"Evangelical Seminary","campus_setting":"Suburb: Large","campus_housing":"Yes","nces_id":"165945","nces_type":"4-year, Private not-for-profit","source_municipality":"HAMILTON","county_id":"25009","municipality_id":"119","cbsa_id":"14460"},"geometry":{"type":"Point","coordinates":[-70.845066,42.612466]}},{"type":"Feature","properties":{"campus_id":"gould-construction-institute","institution_id":"gould-construction-institute","institution":"Gould Construction Institute","campus":null,"address":"100 Unicorn Park Drive, Suite 2","city":"Woburn","zip_code":"01801","telephone":"(781) 270-9990","website":"http://www.gwgci.org/","institution_type":"PRI","category":"Private Occupational Program","degrees_offered":"C","awards_offered":null,"largest_program":"Construction","campus_setting":"Suburb: Large","campus_housing":"No","nces_id":null,"nces_type":"< 2-year, Private for-profit","source_municipality":"WOBURN","county_id":"25017","municipality_id":"347","cbsa_id":"14460"},"geometry":{"type":"Point","coordinates":[-71.114307,42.481055]}},{"type":"Feature","properties":{"campus_id":"greater-lowell-technical-school-adult-education","institution_id":"greater-lowell-technical-school-adult-education","institution":"Greater Lowell Technical School Adult Education","campus":null,"address":"250 Pawtucket Boulevard","city":"Tyngsboro","zip_code":"01879","telephone":"(978) 441-4870","website":"https://www.gltech.org/domain/71","institution_type":"PUB","category":"Adult Education","degrees_offered":"C","awards_offered":"One but less than two years certificate","largest_program":"Practical Nursing, Vocational Nursing and Nursing Assistants, Other","campus_setting":"Suburb: Large","campus_housing":"No","nces_id":"382416","nces_type":"< 2-year, Public","source_municipality":"TYNGSBOROUGH","county_id":"25017","municipality_id":"301","cbsa_id":"14460"},"geometry":{"type":"Point","coordinates":[-71.38584,42.65398]}},{"type":"Feature","properties":{"campus_id":"greenfield-community-college","institution_id":"greenfield-community-college","institution":"Greenfield Community College","campus":null,"address":"1 College Drive","city":"Greenfield","zip_code":"01301","telephone":"(413) 775-1000","website":"http://www.gcc.mass.edu","institution_type":"PUB","category":"Community College","degrees_offered":"C, A","awards_offered":"Less than one year certificate;One but less than two years certificate;Associate's degree","largest_program":null,"campus_setting":"Town: Distant","campus_housing":"No","nces_id":"165981","nces_type":"2-year, Public","source_municipality":"GREENFIELD","county_id":"25011","municipality_id":"114","cbsa_id":"24640"},"geometry":{"type":"Point","coordinates":[-72.631086,42.599563]}},{"type":"Feature","properties":{"campus_id":"hair-s-how","institution_id":"hair-s-how","institution":"Hair's How","campus":null,"address":"99 Preston Street","city":"Wakefield","zip_code":"01880","telephone":"(781) 224-4800","website":"https://www.hairshowschool.com/","institution_type":"PRI","category":"Private Vocational School","degrees_offered":"C","awards_offered":null,"largest_program":"Cosmetology","campus_setting":"Suburb: Small","campus_housing":"No","nces_id":null,"nces_type":"< 2-year, Private for-profit","source_municipality":"WAKEFIELD","county_id":"25017","municipality_id":"305","cbsa_id":"14460"},"geometry":{"type":"Point","coordinates":[-71.060276,42.50352]}},{"type":"Feature","properties":{"campus_id":"harvard-smithsonian--center-for-astrophysics","institution_id":"harvard-smithsonian","institution":"Harvard-Smithsonian","campus":"Center for Astrophysics","address":"60 Garden Street","city":"Cambridge","zip_code":"02138","telephone":"(617) 495-7461","website":"http://cfa-www.harvard.edu","institution_type":"PRI","category":"Research University","degrees_offered":"A, B, PBC, M, PMC, D","awards_offered":"Less than one year certificate;Associate's degree;Bachelor's degree;Postbaccalaureate certificate;Master's degree;Post-master's certificate;Doctor's degree - research/scholarship;Doctor's degree - professional practice","largest_program":null,"campus_setting":"City: Midsize","campus_housing":"Yes","nces_id":"166027","nces_type":"4-year, Private not-for-profit","source_municipality":"CAMBRIDGE","county_id":"25017","municipality_id":"49","cbsa_id":"14460"},"geometry":{"type":"Point","coordinates":[-71.128006,42.381548]}},{"type":"Feature","properties":{"campus_id":"harvard-university--business-school","institution_id":"harvard-university","institution":"Harvard University","campus":"Business School","address":"117 Western Ave/Soldiers Field","city":"Boston","zip_code":"02163","telephone":"(617) 495-6128","website":"http://www.hbs.edu","institution_type":"PRI","category":"Research University","degrees_offered":"A, B, PBC, M, PMC, D","awards_offered":"Less than one year certificate;Associate's degree;Bachelor's degree;Postbaccalaureate certificate;Master's degree;Post-master's certificate;Doctor's degree - research/scholarship;Doctor's degree - professional practice","largest_program":null,"campus_setting":"City: Midsize","campus_housing":"Yes","nces_id":"166027","nces_type":"4-year, Private not-for-profit","source_municipality":"BOSTON","county_id":"25025","municipality_id":"35","cbsa_id":"14460"},"geometry":{"type":"Point","coordinates":[-71.122777,42.366397]}},{"type":"Feature","properties":{"campus_id":"harvard-university--graduate-school-of-design","institution_id":"harvard-university","institution":"Harvard University","campus":"Graduate School of Design","address":"48 Quincy Street","city":"Cambridge","zip_code":"02138","telephone":"(617) 495-3880","website":"http://www.gsd.harvard.edu","institution_type":"PRI","category":"Research University","degrees_offered":"A, B, PBC, M, PMC, D","awards_offered":"Less than one year certificate;Associate's degree;Bachelor's degree;Postbaccalaureate certificate;Master's degree;Post-master's certificate;Doctor's degree - research/scholarship;Doctor's degree - professional practice","largest_program":null,"campus_setting":"City: Midsize","campus_housing":"Yes","nces_id":"166027","nces_type":"4-year, Private not-for-profit","source_municipality":"CAMBRIDGE","county_id":"25017","municipality_id":"49","cbsa_id":"14460"},"geometry":{"type":"Point","coordinates":[-71.113954,42.375847]}},{"type":"Feature","properties":{"campus_id":"harvard-university--law-school","institution_id":"harvard-university","institution":"Harvard University","campus":"Law School","address":"1585 Massachusetts Avenue","city":"Cambridge","zip_code":"02138","telephone":"(617) 496-8214","website":"http://www.law.harvard.edu","institution_type":"PRI","category":"Research University","degrees_offered":"A, B, PBC, M, PMC, D","awards_offered":"Less than one year certificate;Associate's degree;Bachelor's degree;Postbaccalaureate certificate;Master's degree;Post-master's certificate;Doctor's degree - research/scholarship;Doctor's degree - professional practice","largest_program":null,"campus_setting":"City: Midsize","campus_housing":"Yes","nces_id":"166027","nces_type":"4-year, Private not-for-profit","source_municipality":"CAMBRIDGE","county_id":"25017","municipality_id":"49","cbsa_id":"14460"},"geometry":{"type":"Point","coordinates":[-71.118838,42.379076]}},{"type":"Feature","properties":{"campus_id":"harvard-university--main-campus","institution_id":"harvard-university","institution":"Harvard University","campus":"Main Campus","address":"8 Garden Street/Radcliffe Yard","city":"Cambridge","zip_code":"02138","telephone":"(617) 495-1000","website":"http://www.harvard.edu","institution_type":"PRI","category":"Liberal Arts College","degrees_offered":"A, B, PBC, M, PMC, D","awards_offered":"Less than one year certificate;Associate's degree;Bachelor's degree;Postbaccalaureate certificate;Master's degree;Post-master's certificate;Doctor's degree - research/scholarship;Doctor's degree - professional practice","largest_program":null,"campus_setting":"City: Midsize","campus_housing":"Yes","nces_id":"166027","nces_type":"4-year, Private not-for-profit","source_municipality":"CAMBRIDGE","county_id":"25017","municipality_id":"49","cbsa_id":"14460"},"geometry":{"type":"Point","coordinates":[-71.121042,42.375795]}},{"type":"Feature","properties":{"campus_id":"harvard-university--medical-school","institution_id":"harvard-university","institution":"Harvard University","campus":"Medical School","address":"25 Shattuck Street","city":"Boston","zip_code":"02115","telephone":"(617) 432-1000","website":"http://www.hms.harvard.edu","institution_type":"PRI","category":"Research University","degrees_offered":"A, B, PBC, M, PMC, D","awards_offered":"Less than one year certificate;Associate's degree;Bachelor's degree;Postbaccalaureate certificate;Master's degree;Post-master's certificate;Doctor's degree - research/scholarship;Doctor's degree - professional practice","largest_program":null,"campus_setting":"City: Midsize","campus_housing":"Yes","nces_id":"166027","nces_type":"4-year, Private not-for-profit","source_municipality":"BOSTON","county_id":"25025","municipality_id":"35","cbsa_id":"14460"},"geometry":{"type":"Point","coordinates":[-71.104114,42.335577]}},{"type":"Feature","properties":{"campus_id":"harvard-university--school-of-government","institution_id":"harvard-university","institution":"Harvard University","campus":"School of Government","address":"79 JFK Street\r\n","city":"Cambridge","zip_code":"02138","telephone":"(617) 495-1100","website":"http://www.ksg.harvard.edu","institution_type":"PRI","category":"Research University","degrees_offered":"A, B, PBC, M, PMC, D","awards_offered":"Less than one year certificate;Associate's degree;Bachelor's degree;Postbaccalaureate certificate;Master's degree;Post-master's certificate;Doctor's degree - research/scholarship;Doctor's degree - professional practice","largest_program":null,"campus_setting":"City: Midsize","campus_housing":"Yes","nces_id":"166027","nces_type":"4-year, Private not-for-profit","source_municipality":"CAMBRIDGE","county_id":"25017","municipality_id":"49","cbsa_id":"14460"},"geometry":{"type":"Point","coordinates":[-71.122023,42.370995]}},{"type":"Feature","properties":{"campus_id":"harvard-university--school-of-public-health","institution_id":"harvard-university","institution":"Harvard University","campus":"School of Public Health","address":"677 Huntington Ave","city":"Boston","zip_code":"02115","telephone":"(617) 432-1031","website":"http://www.hsph.harvard.edu/","institution_type":"PRI","category":"Research University","degrees_offered":"A, B, PBC, M, PMC, D","awards_offered":"Less than one year certificate;Associate's degree;Bachelor's degree;Postbaccalaureate certificate;Master's degree;Post-master's certificate;Doctor's degree - research/scholarship;Doctor's degree - professional practice","largest_program":null,"campus_setting":"City: Midsize","campus_housing":"Yes","nces_id":"166027","nces_type":"4-year, Private not-for-profit","source_municipality":"BOSTON","county_id":"25025","municipality_id":"35","cbsa_id":"14460"},"geometry":{"type":"Point","coordinates":[-71.102951,42.335311]}},{"type":"Feature","properties":{"campus_id":"hebrew-college","institution_id":"hebrew-college","institution":"Hebrew College","campus":null,"address":"160 Herrick Road","city":"Newton Centre","zip_code":"02459","telephone":"(617) 559-8600","website":"http://www.hebrewcollege.edu","institution_type":"PRI","category":"Divinity School","degrees_offered":"B, PBC, M, PMC","awards_offered":"Postbaccalaureate certificate;Master's degree","largest_program":"Jewish Studies","campus_setting":"City: Small","campus_housing":"No","nces_id":"166045","nces_type":"4-year, Private not-for-profit","source_municipality":"NEWTON","county_id":"25017","municipality_id":"207","cbsa_id":"14460"},"geometry":{"type":"Point","coordinates":[-71.18921,42.325685]}},{"type":"Feature","properties":{"campus_id":"hellenic-college-holy-cross-greek-orthodox-school-of-theology","institution_id":"hellenic-college-holy-cross-greek-orthodox-school-of-theology","institution":"Hellenic College-Holy Cross Greek Orthodox School of Theology","campus":null,"address":"50 Goddard Avenue","city":"Brookline","zip_code":"02445","telephone":"(617) 731-3500","website":"http://www.hchc.edu","institution_type":"PRI","category":"Liberal Arts College","degrees_offered":"B, M","awards_offered":"Bachelor's degree;Postbaccalaureate certificate;Master's degree","largest_program":"Greek Orthodox Studies","campus_setting":"Suburb: Large","campus_housing":"Yes","nces_id":"166054","nces_type":"4-year, Private not-for-profit","source_municipality":"BROOKLINE","county_id":"25021","municipality_id":"46","cbsa_id":"14460"},"geometry":{"type":"Point","coordinates":[-71.129252,42.317041]}},{"type":"Feature","properties":{"campus_id":"holyoke-community-college","institution_id":"holyoke-community-college","institution":"Holyoke Community College","campus":null,"address":"303 Homestead Avenue","city":"Holyoke","zip_code":"01040","telephone":"(413) 538-7000","website":"http://www.hcc.edu","institution_type":"PUB","category":"Community College","degrees_offered":"C, A","awards_offered":"Less than one year certificate;One but less than two years certificate;Associate's degree","largest_program":null,"campus_setting":"Suburb: Large","campus_housing":"No","nces_id":"166133","nces_type":"2-year, Public","source_municipality":"HOLYOKE","county_id":"25013","municipality_id":"137","cbsa_id":"44140"},"geometry":{"type":"Point","coordinates":[-72.651818,42.194914]}},{"type":"Feature","properties":{"campus_id":"hult-international-business-school","institution_id":"hult-international-business-school","institution":"Hult International Business School","campus":null,"address":"1 Education Street","city":"Cambridge","zip_code":"02141","telephone":"(617) 746-1990","website":"http://www.hult.edu","institution_type":"PRI","category":"Business School","degrees_offered":"B, M","awards_offered":"Bachelor's degree;Master's degree","largest_program":"Business","campus_setting":"City: Midsize","campus_housing":"Yes","nces_id":"164368","nces_type":"4-year, Private not-for-profit","source_municipality":"CAMBRIDGE","county_id":"25017","municipality_id":"49","cbsa_id":"14460"},"geometry":{"type":"Point","coordinates":[-71.070698,42.370011]}},{"type":"Feature","properties":{"campus_id":"jupiter-beauty-academy","institution_id":"jupiter-beauty-academy","institution":"Jupiter Beauty Academy","campus":null,"address":"95 Freeport Street","city":"Boston","zip_code":"02122","telephone":"(617) 288-1811","website":"http://www.jupiterbeautyacademy.com/","institution_type":"PRI","category":"Private Vocational School","degrees_offered":"C","awards_offered":"Less than one year certificate;One but less than two years certificate","largest_program":"Nail Technician/Specialist and Manicurist","campus_setting":"City: Large","campus_housing":"No","nces_id":"484057","nces_type":"< 2-year, Private for-profit","source_municipality":"BOSTON","county_id":"25025","municipality_id":"35","cbsa_id":"14460"},"geometry":{"type":"Point","coordinates":[-71.05656,42.306314]}},{"type":"Feature","properties":{"campus_id":"laboure-college-of-healthcare","institution_id":"laboure-college-of-healthcare","institution":"Laboure College of Healthcare","campus":null,"address":"303 Adams Street","city":"Milton","zip_code":"02186","telephone":"(617) 202-3149","website":"http://www.laboure.edu","institution_type":"PRI","category":"Medical Program","degrees_offered":"C, A, B","awards_offered":"Less than one year certificate;Associate's degree;Bachelor's degree","largest_program":null,"campus_setting":"Suburb: Large","campus_housing":"No","nces_id":"165264","nces_type":"4-year, primarily associate's, Private not-for-profit","source_municipality":"MILTON","county_id":"25021","municipality_id":"189","cbsa_id":"14460"},"geometry":{"type":"Point","coordinates":[-71.058293,42.260853]}},{"type":"Feature","properties":{"campus_id":"lasell-university","institution_id":"lasell-university","institution":"Lasell University","campus":null,"address":"1844 Commonwealth Avenue","city":"Newton","zip_code":"02466","telephone":"(617) 243-2000","website":"http://www.lasell.edu","institution_type":"PRI","category":"Liberal Arts College","degrees_offered":"B, M","awards_offered":"Bachelor's degree;Postbaccalaureate certificate;Master's degree","largest_program":"Business Program","campus_setting":"City: Small","campus_housing":"Yes","nces_id":"166391","nces_type":"4-year, Private not-for-profit","source_municipality":"NEWTON","county_id":"25017","municipality_id":"207","cbsa_id":"14460"},"geometry":{"type":"Point","coordinates":[-71.241645,42.343049]}},{"type":"Feature","properties":{"campus_id":"lawrence-memorial-hospital-regis-college-school-of-nursing","institution_id":"lawrence-memorial-hospital-regis-college-school-of-nursing","institution":"Lawrence Memorial Hospital/Regis College School of Nursing","campus":null,"address":"170 Governors Avenue","city":"Medford","zip_code":"02155","telephone":"(781) 306-6600","website":"http://www.lmregis.org","institution_type":"PRI","category":"Medical Program","degrees_offered":"A","awards_offered":"Associate's degree","largest_program":"Licensed Practical/Vocational Nurse Training","campus_setting":"Suburb: Large","campus_housing":"No","nces_id":"166407","nces_type":"2-year, Private not-for-profit","source_municipality":"MEDFORD","county_id":"25017","municipality_id":"176","cbsa_id":"14460"},"geometry":{"type":"Point","coordinates":[-71.111097,42.426231]}},{"type":"Feature","properties":{"campus_id":"lawrence-training-school","institution_id":"lawrence-training-school","institution":"Lawrence Training School","campus":null,"address":"530 Broadway Street","city":"Lawrence","zip_code":"01841","telephone":"(978) 794-0449","website":"https://ltsacademyofcosmetology.com/","institution_type":"PRI","category":"Technical Institute","degrees_offered":"C","awards_offered":null,"largest_program":"Cosmetology","campus_setting":"Suburb: Midsize","campus_housing":"No","nces_id":null,"nces_type":"< 2-year, Private for-profit","source_municipality":"LAWRENCE","county_id":"25009","municipality_id":"149","cbsa_id":"14460"},"geometry":{"type":"Point","coordinates":[-71.1768,42.714906]}},{"type":"Feature","properties":{"campus_id":"lesley-university","institution_id":"lesley-university","institution":"Lesley University","campus":null,"address":"29 Everett Street","city":"Cambridge","zip_code":"02138","telephone":"(617) 868-9600","website":"http://www.lesley.edu","institution_type":"PRI","category":"Private University","degrees_offered":"C, A, B, PBC, M, PMC, D","awards_offered":"Associate's degree;Two but less than 4 years certificate;Bachelor's degree;Postbaccalaureate certificate;Master's degree;Post-master's certificate;Doctor's degree - research/scholarship","largest_program":"Education Program","campus_setting":"City: Midsize","campus_housing":"Yes","nces_id":"166452","nces_type":"4-year, Private not-for-profit","source_municipality":"CAMBRIDGE","county_id":"25017","municipality_id":"49","cbsa_id":"14460"},"geometry":{"type":"Point","coordinates":[-71.117296,42.380291]}},{"type":"Feature","properties":{"campus_id":"longy-school-of-music-of-bard-college","institution_id":"longy-school-of-music-of-bard-college","institution":"Longy School of Music of Bard College","campus":null,"address":"27 Garden Street","city":"Cambridge","zip_code":"02138","telephone":"(617) 876-0956","website":"https://longy.edu/","institution_type":"PRI","category":"Performing Arts College","degrees_offered":"C, PBC, M, PMC","awards_offered":"Two but less than 4 years certificate;Postbaccalaureate certificate;Master's degree;Post-master's certificate","largest_program":"Music","campus_setting":"City: Midsize","campus_housing":"No","nces_id":"166489","nces_type":"4-year, Private not-for-profit","source_municipality":"CAMBRIDGE","county_id":"25017","municipality_id":"49","cbsa_id":"14460"},"geometry":{"type":"Point","coordinates":[-71.123417,42.378537]}},{"type":"Feature","properties":{"campus_id":"lowell-academy-hairstyling-institute","institution_id":"lowell-academy-hairstyling-institute","institution":"Lowell Academy Hairstyling Institute","campus":null,"address":"136 Central Street","city":"Lowell","zip_code":"01852","telephone":"(978) 453-3235","website":"http://www.lowellacademy.com","institution_type":"PRI","category":"Private Vocational School","degrees_offered":"C","awards_offered":"One but less than two years certificate","largest_program":"Cosmetology/Cosmetologist, General","campus_setting":"Suburb: Large","campus_housing":"No","nces_id":"166498","nces_type":"< 2-year, Private for-profit","source_municipality":"LOWELL","county_id":"25017","municipality_id":"160","cbsa_id":"14460"},"geometry":{"type":"Point","coordinates":[-71.308157,42.643621]}},{"type":"Feature","properties":{"campus_id":"mafy-s-nails-academy","institution_id":"mafy-s-nails-academy","institution":"Mafy's Nails Academy","campus":null,"address":"2071 Main Street","city":"Brockton","zip_code":"02301","telephone":"(781) 767-1111","website":"http://mafysnailsacademy.com/","institution_type":"PRI","category":"Private Vocational School","degrees_offered":"C","awards_offered":null,"largest_program":"Cosmetology","campus_setting":"Suburb: Large","campus_housing":"No","nces_id":null,"nces_type":"< 2-year, Private for-profit","source_municipality":"BROCKTON","county_id":"25023","municipality_id":"44","cbsa_id":"14460"},"geometry":{"type":"Point","coordinates":[-71.011776,42.043862]}},{"type":"Feature","properties":{"campus_id":"martin-electrical-school","institution_id":"martin-electrical-school","institution":"Martin Electrical School","campus":null,"address":"130 Kerry Place","city":"Norwood","zip_code":"02062","telephone":"(781) 769-2376","website":"http://martinelectricalschool.org/","institution_type":"PRI","category":"Private Occupational Program","degrees_offered":"C","awards_offered":null,"largest_program":"Electrician","campus_setting":"Suburb: Small","campus_housing":"No","nces_id":null,"nces_type":"< 2-year, Private for-profit","source_municipality":"NORWOOD","county_id":"25021","municipality_id":"220","cbsa_id":"14460"},"geometry":{"type":"Point","coordinates":[-71.193061,42.181177]}},{"type":"Feature","properties":{"campus_id":"massachusetts-bay-community-college--ashland-auto-tech-center","institution_id":"massachusetts-bay-community-college","institution":"Massachusetts Bay Community College","campus":"Ashland - Auto Tech Center","address":"250 Eliot Street","city":"Ashland","zip_code":"01721","telephone":"(781) 239-3030","website":"http://www.massbay.edu","institution_type":"PUB","category":"Community College","degrees_offered":"C, A","awards_offered":"Less than one year certificate;One but less than two years certificate;Associate's degree","largest_program":null,"campus_setting":"Suburb: Large","campus_housing":"No","nces_id":"166647","nces_type":"2-year, Public","source_municipality":"ASHLAND","county_id":"25017","municipality_id":"14","cbsa_id":"14460"},"geometry":{"type":"Point","coordinates":[-71.436035,42.242108]}},{"type":"Feature","properties":{"campus_id":"massachusetts-bay-community-college--framingham","institution_id":"massachusetts-bay-community-college","institution":"Massachusetts Bay Community College","campus":"Framingham","address":"19 Flagg Drive","city":"Framingham","zip_code":"01702","telephone":"(508) 270-4000","website":"http://www.massbay.edu","institution_type":"PUB","category":"Community College","degrees_offered":"C, A","awards_offered":"Less than one year certificate;One but less than two years certificate;Associate's degree","largest_program":null,"campus_setting":"Suburb: Large","campus_housing":"No","nces_id":"166647","nces_type":"2-year, Public","source_municipality":"FRAMINGHAM","county_id":"25017","municipality_id":"100","cbsa_id":"14460"},"geometry":{"type":"Point","coordinates":[-71.414066,42.292167]}},{"type":"Feature","properties":{"campus_id":"massachusetts-bay-community-college--wellesley-hills","institution_id":"massachusetts-bay-community-college","institution":"Massachusetts Bay Community College","campus":"Wellesley Hills","address":"50 Oakland Street","city":"Wellesley Hills","zip_code":"02481","telephone":"(781) 239-3000","website":"http://www.massbay.edu","institution_type":"PUB","category":"Community College","degrees_offered":"C, A","awards_offered":"Less than one year certificate;One but less than two years certificate;Associate's degree","largest_program":null,"campus_setting":"Suburb: Large","campus_housing":"No","nces_id":"166647","nces_type":"2-year, Public","source_municipality":"WELLESLEY","county_id":"25021","municipality_id":"317","cbsa_id":"14460"},"geometry":{"type":"Point","coordinates":[-71.263648,42.312001]}},{"type":"Feature","properties":{"campus_id":"massachusetts-college-of-art-and-design","institution_id":"massachusetts-college-of-art-and-design","institution":"Massachusetts College of Art and Design","campus":null,"address":"621 Huntington Avenue","city":"Boston","zip_code":"02115","telephone":"(617) 879-7000","website":"http://www.massart.edu","institution_type":"PUB","category":"State University","degrees_offered":"C, B, PBC, M","awards_offered":"Less than one year certificate;One but less than two years certificate;Bachelor's degree;Postbaccalaureate certificate;Master's degree","largest_program":"Visual Art","campus_setting":"City: Large","campus_housing":"Yes","nces_id":"166674","nces_type":"4-year, Public","source_municipality":"BOSTON","county_id":"25025","municipality_id":"35","cbsa_id":"14460"},"geometry":{"type":"Point","coordinates":[-71.098764,42.336796]}},{"type":"Feature","properties":{"campus_id":"massachusetts-college-of-liberal-arts","institution_id":"massachusetts-college-of-liberal-arts","institution":"Massachusetts College of Liberal Arts","campus":null,"address":"375 Church Street","city":"North Adams","zip_code":"01247","telephone":"(413) 662-5000","website":"http://www.mcla.edu","institution_type":"PUB","category":"State University","degrees_offered":"C, B, PBC, M, PMC","awards_offered":"Less than one year certificate;Bachelor's degree;Postbaccalaureate certificate;Master's degree;Post-master's certificate","largest_program":null,"campus_setting":"Town: Fringe","campus_housing":"Yes","nces_id":"167288","nces_type":"4-year, Public","source_municipality":"NORTH ADAMS","county_id":"25003","municipality_id":"209","cbsa_id":"38340"},"geometry":{"type":"Point","coordinates":[-73.10346,42.691612]}},{"type":"Feature","properties":{"campus_id":"massachusetts-college-of-pharmacy-and-health-science--boston","institution_id":"massachusetts-college-of-pharmacy-and-health-science","institution":"Massachusetts College of Pharmacy and Health Science","campus":"Boston","address":"179 Longwood Avenue","city":"Boston","zip_code":"02115","telephone":"(617) 879-5964","website":"http://www.mcphs.edu","institution_type":"PRI","category":"Medical School","degrees_offered":"C, B, PBC, M, PMC, D","awards_offered":"Less than one year certificate;One but less than two years certificate;Bachelor's degree;Postbaccalaureate certificate;Master's degree;Post-master's certificate;Doctor's degree - research/scholarship;Doctor's degree - professional practice;Doctor's degree","largest_program":"Pharmacy/Health Science","campus_setting":"City: Large","campus_housing":"Yes","nces_id":"166656","nces_type":"4-year, Private not-for-profit","source_municipality":"BOSTON","county_id":"25025","municipality_id":"35","cbsa_id":"14460"},"geometry":{"type":"Point","coordinates":[-71.101119,42.33669]}},{"type":"Feature","properties":{"campus_id":"massachusetts-college-of-pharmacy-and-health-science--worcester","institution_id":"massachusetts-college-of-pharmacy-and-health-science","institution":"Massachusetts College of Pharmacy and Health Science","campus":"Worcester","address":"19 Foster Street","city":"Worcester","zip_code":"01608","telephone":"(508) 373-5607","website":"https://www.mcphs.edu/","institution_type":"PRI","category":"Medical School","degrees_offered":"C, B, PBC, M, PMC, D","awards_offered":"Less than one year certificate;One but less than two years certificate;Bachelor's degree;Postbaccalaureate certificate;Master's degree;Post-master's certificate;Doctor's degree - research/scholarship;Doctor's degree - professional practice;Doctor's degree","largest_program":"Pharmacy/Health Science","campus_setting":"City: Midsize","campus_housing":"Yes","nces_id":"166656","nces_type":"4-year, Private not-for-profit","source_municipality":"WORCESTER","county_id":"25027","municipality_id":"348","cbsa_id":"49340"},"geometry":{"type":"Point","coordinates":[-71.800478,42.264368]}},{"type":"Feature","properties":{"campus_id":"massachusetts-institute-of-technology","institution_id":"massachusetts-institute-of-technology","institution":"Massachusetts Institute of Technology","campus":null,"address":"77 Massachusetts Avenue","city":"Cambridge","zip_code":"02139","telephone":"(617) 253-1000","website":"http://web.mit.edu","institution_type":"PRI","category":"Research University","degrees_offered":"B, M, D","awards_offered":"Bachelor's degree;Master's degree;Doctor's degree - research/scholarship","largest_program":null,"campus_setting":"City: Midsize","campus_housing":"Yes","nces_id":"166683","nces_type":"4-year, Private not-for-profit","source_municipality":"CAMBRIDGE","county_id":"25017","municipality_id":"49","cbsa_id":"14460"},"geometry":{"type":"Point","coordinates":[-71.09196,42.359717]}},{"type":"Feature","properties":{"campus_id":"massachusetts-maritime-academy","institution_id":"massachusetts-maritime-academy","institution":"Massachusetts Maritime Academy","campus":null,"address":"101 Academy Drive","city":"Buzzards Bay","zip_code":"02532","telephone":"(508) 830-5000","website":"http://www.maritime.edu","institution_type":"PUB","category":"State University","degrees_offered":"B, M","awards_offered":"Bachelor's degree;Master's degree","largest_program":null,"campus_setting":"Suburb: Midsize","campus_housing":"Yes","nces_id":"166692","nces_type":"4-year, Public","source_municipality":"BOURNE","county_id":"25001","municipality_id":"36","cbsa_id":"12700"},"geometry":{"type":"Point","coordinates":[-70.621792,41.740753]}},{"type":"Feature","properties":{"campus_id":"massachusetts-school-of-barbering","institution_id":"massachusetts-school-of-barbering","institution":"Massachusetts School of Barbering","campus":null,"address":"58 General James C. McConville Way","city":"Quincy","zip_code":"02169","telephone":"(617) 770-4444","website":"http://www.massschoolofbarbering.com","institution_type":"PRI","category":"Private Vocational School","degrees_offered":"C","awards_offered":"One but less than two years certificate","largest_program":"Barbering/Barber","campus_setting":"Suburb: Large","campus_housing":"No","nces_id":"166805","nces_type":"< 2-year, Private for-profit","source_municipality":"QUINCY","county_id":"25021","municipality_id":"243","cbsa_id":"14460"},"geometry":{"type":"Point","coordinates":[-71.001758,42.247647]}},{"type":"Feature","properties":{"campus_id":"massachusetts-school-of-law","institution_id":"massachusetts-school-of-law","institution":"Massachusetts School of Law","campus":null,"address":"500 Federal Street Woodland Park","city":"Andover","zip_code":"01810","telephone":"(978) 681-0800","website":"http://www.mslaw.edu","institution_type":"PRI","category":"Law School","degrees_offered":"D","awards_offered":"Doctor's degree - professional practice","largest_program":"Law","campus_setting":"Suburb: Large","campus_housing":"No","nces_id":"369002","nces_type":"4-year, Private not-for-profit","source_municipality":"ANDOVER","county_id":"25009","municipality_id":"9","cbsa_id":"14460"},"geometry":{"type":"Point","coordinates":[-71.199624,42.682106]}},{"type":"Feature","properties":{"campus_id":"massasoit-community-college--brockton","institution_id":"massasoit-community-college","institution":"Massasoit Community College","campus":"Brockton","address":"1 Massasoit Boulevard","city":"Brockton","zip_code":"02302","telephone":"(508) 588-9100","website":"http://www.massasoit.mass.edu","institution_type":"PUB","category":"Community College","degrees_offered":"C, A","awards_offered":"Less than one year certificate;One but less than two years certificate;Associate's degree","largest_program":null,"campus_setting":"Suburb: Large","campus_housing":"No","nces_id":"166823","nces_type":"2-year, Public","source_municipality":"BROCKTON","county_id":"25023","municipality_id":"44","cbsa_id":"14460"},"geometry":{"type":"Point","coordinates":[-70.990294,42.075658]}},{"type":"Feature","properties":{"campus_id":"massasoit-community-college--canton","institution_id":"massasoit-community-college","institution":"Massasoit Community College","campus":"Canton","address":"900 Randolph Street","city":"Canton","zip_code":"02021","telephone":"(508) 588-9100","website":"http://www.massasoit.mass.edu","institution_type":"PUB","category":"Community College","degrees_offered":"C, A","awards_offered":"Less than one year certificate;One but less than two years certificate;Associate's degree","largest_program":null,"campus_setting":"Suburb: Large","campus_housing":"No","nces_id":"166823","nces_type":"2-year, Public","source_municipality":"CANTON","county_id":"25021","municipality_id":"50","cbsa_id":"14460"},"geometry":{"type":"Point","coordinates":[-71.10067,42.183644]}},{"type":"Feature","properties":{"campus_id":"massasoit-community-college--middleborough-center","institution_id":"massasoit-community-college","institution":"Massasoit Community College","campus":"Middleborough Center","address":"49 Union Street","city":"Middleborough","zip_code":"02346","telephone":"(508) 588-9100","website":"http://www.massasoit.edu/","institution_type":"PUB","category":"Community College","degrees_offered":"C, A","awards_offered":"Less than one year certificate;One but less than two years certificate;Associate's degree","largest_program":null,"campus_setting":"Suburb: Large","campus_housing":"No","nces_id":"166823","nces_type":"2-year, Public","source_municipality":"MIDDLEBOROUGH","county_id":"25023","municipality_id":"182","cbsa_id":"14460"},"geometry":{"type":"Point","coordinates":[-70.912303,41.89233]}},{"type":"Feature","properties":{"campus_id":"merrimack-college","institution_id":"merrimack-college","institution":"Merrimack College","campus":null,"address":"315 Turnpike Street","city":"North Andover","zip_code":"01845","telephone":"(978) 837-5000","website":"http://www.merrimack.edu","institution_type":"PRI","category":"Liberal Arts College","degrees_offered":"B, M, PMC","awards_offered":"Less than one year certificate;Associate's degree;Bachelor's degree;Postbaccalaureate certificate;Master's degree;Post-master's certificate","largest_program":"Business Program","campus_setting":"Suburb: Large","campus_housing":"Yes","nces_id":"166850","nces_type":"4-year, Private not-for-profit","source_municipality":"NORTH ANDOVER","county_id":"25009","municipality_id":"210","cbsa_id":"14460"},"geometry":{"type":"Point","coordinates":[-71.124334,42.668763]}},{"type":"Feature","properties":{"campus_id":"mgh-institute-of-health-professions","institution_id":"mgh-institute-of-health-professions","institution":"MGH Institute of Health Professions","campus":null,"address":"36 1st Avenue","city":"Boston","zip_code":"02129","telephone":"(617) 726-3140","website":"http://www.mghihp.edu","institution_type":"PRI","category":"Medical School","degrees_offered":"B, M, PMC, D","awards_offered":"Bachelor's degree;Master's degree;Post-master's certificate;Doctor's degree - research/scholarship;Doctor's degree - professional practice;Doctor's degree - other","largest_program":null,"campus_setting":"City: Large","campus_housing":"No","nces_id":"166869","nces_type":"4-year, Private not-for-profit","source_municipality":"BOSTON","county_id":"25025","municipality_id":"35","cbsa_id":"14460"},"geometry":{"type":"Point","coordinates":[-71.053916,42.374956]}},{"type":"Feature","properties":{"campus_id":"middlesex-community-college--bedford","institution_id":"middlesex-community-college","institution":"Middlesex Community College","campus":"Bedford","address":"591 Springs Road","city":"Bedford","zip_code":"01730","telephone":"(781) 280-3200","website":"https://www.middlesex.mass.edu/","institution_type":"PUB","category":"Community College","degrees_offered":"C, A","awards_offered":"Less than one year certificate;One but less than two years certificate;Associate's degree","largest_program":null,"campus_setting":"Suburb: Large","campus_housing":"No","nces_id":"166887","nces_type":"2-year, Public","source_municipality":"BEDFORD","county_id":"25017","municipality_id":"23","cbsa_id":"14460"},"geometry":{"type":"Point","coordinates":[-71.274131,42.524606]}},{"type":"Feature","properties":{"campus_id":"middlesex-community-college--lowell","institution_id":"middlesex-community-college","institution":"Middlesex Community College","campus":"Lowell","address":"33 Kearney Square","city":"Lowell","zip_code":"01852","telephone":"(978) 656-3200","website":"https://www.middlesex.mass.edu/","institution_type":"PUB","category":"Community College","degrees_offered":"C, A","awards_offered":"Less than one year certificate;One but less than two years certificate;Associate's degree","largest_program":null,"campus_setting":"Suburb: Large","campus_housing":"No","nces_id":"166887","nces_type":"2-year, Public","source_municipality":"LOWELL","county_id":"25017","municipality_id":"160","cbsa_id":"14460"},"geometry":{"type":"Point","coordinates":[-71.306606,42.644607]}},{"type":"Feature","properties":{"campus_id":"millennium-training-institute--main-campus","institution_id":"millennium-training-institute","institution":"Millennium Training Institute","campus":"Main Campus","address":"800 West Cummings Park","city":"Woburn","zip_code":"01801","telephone":"(781) 933-8877","website":"https://www.millennium.edu/","institution_type":"PRI","category":"Technical Institute","degrees_offered":"C","awards_offered":"Less than one year certificate","largest_program":"Accounting Technology/Technician and Bookkeeping","campus_setting":"Suburb: Large","campus_housing":"No","nces_id":null,"nces_type":"< 2-year, Private for-profit","source_municipality":"WOBURN","county_id":"25017","municipality_id":"347","cbsa_id":"14460"},"geometry":{"type":"Point","coordinates":[-71.125824,42.496139]}},{"type":"Feature","properties":{"campus_id":"millennium-training-institute--satellite-location","institution_id":"millennium-training-institute","institution":"Millennium Training Institute","campus":"Satellite Location","address":"10 Forbes Road, Suite 256E","city":"Braintree","zip_code":"02184","telephone":"(781) 933-8877","website":"https://www.millennium.edu/","institution_type":"PRI","category":"Technical Institute","degrees_offered":"C","awards_offered":"Less than one year certificate","largest_program":"Accounting Technology/Technician and Bookkeeping","campus_setting":"Suburb: Large","campus_housing":"No","nces_id":null,"nces_type":"< 2-year, Private for-profit","source_municipality":"BRAINTREE","county_id":"25021","municipality_id":"40","cbsa_id":"14460"},"geometry":{"type":"Point","coordinates":[-71.029445,42.219243]}},{"type":"Feature","properties":{"campus_id":"monarch-school-of-cosmetology","institution_id":"monarch-school-of-cosmetology","institution":"Monarch School of Cosmetology","campus":null,"address":"2701 Boston Road, Suite 2","city":"Wilbraham","zip_code":"01095","telephone":"(413) 599-4600","website":"http://monarchschoolofcosmetology.com/","institution_type":"PRI","category":"Private Vocational School","degrees_offered":"C","awards_offered":null,"largest_program":"Cosmetology","campus_setting":"Town: Fringe","campus_housing":"No","nces_id":null,"nces_type":"< 2-year, Private for-profit","source_municipality":"WILBRAHAM","county_id":"25013","municipality_id":"339","cbsa_id":"44140"},"geometry":{"type":"Point","coordinates":[-72.429897,42.150668]}},{"type":"Feature","properties":{"campus_id":"montachusett-regional-vocational-technical-school-practical-nursing-program","institution_id":"montachusett-regional-vocational-technical-school-practical-nursing-program","institution":"Montachusett Regional Vocational Technical School Practical Nursing Program","campus":null,"address":"1050 Westminster Street","city":"Fitchburg","zip_code":"01420","telephone":"(978) 345-9200","website":"https://www.montytech.net/domain/71","institution_type":"PUB","category":"Medical Program","degrees_offered":"C","awards_offered":"One but less than two years certificate","largest_program":"Licensed Practical/Vocational Nurse Training","campus_setting":"Suburb: Midsize","campus_housing":"No","nces_id":"433040","nces_type":"< 2-year, Public","source_municipality":"FITCHBURG","county_id":"25027","municipality_id":"97","cbsa_id":"49340"},"geometry":{"type":"Point","coordinates":[-71.86081,42.56069]}},{"type":"Feature","properties":{"campus_id":"montserrat-college-of-art","institution_id":"montserrat-college-of-art","institution":"Montserrat College of Art","campus":null,"address":"23 Essex Street","city":"Beverly","zip_code":"01915","telephone":"(978) 922-8222","website":"http://www.montserrat.edu","institution_type":"PRI","category":"Visual Arts College","degrees_offered":"B","awards_offered":"Bachelor's degree","largest_program":"Visual Arts","campus_setting":"Suburb: Large","campus_housing":"Yes","nces_id":"166911","nces_type":"4-year, Private not-for-profit","source_municipality":"BEVERLY","county_id":"25009","municipality_id":"30","cbsa_id":"14460"},"geometry":{"type":"Point","coordinates":[-70.876128,42.5502]}},{"type":"Feature","properties":{"campus_id":"motoring-technical-training-institute","institution_id":"motoring-technical-training-institute","institution":"Motoring Technical Training Institute","campus":null,"address":"1241 Fall River Avenue","city":"Seekonk","zip_code":"02771","telephone":"(508) 336-6611","website":"https://www.mtti.edu/","institution_type":"PRI","category":"Technical Institute","degrees_offered":"C","awards_offered":"One but less than two years certificate","largest_program":"Electrician, Heating, Air Conditioning, Ventilation and Refrigeration Maintenance Technology","campus_setting":"Suburb: Large","campus_housing":"No","nces_id":"414124","nces_type":"< 2-year, Private for-profit","source_municipality":"SEEKONK","county_id":"25005","municipality_id":"265","cbsa_id":"39300"},"geometry":{"type":"Point","coordinates":[-71.325108,41.791924]}},{"type":"Feature","properties":{"campus_id":"mount-holyoke-college","institution_id":"mount-holyoke-college","institution":"Mount Holyoke College","campus":null,"address":"50 College Street","city":"South Hadley","zip_code":"01075","telephone":"(413) 538-2000","website":"http://www.mtholyoke.edu","institution_type":"PRI","category":"Women's Liberal Arts College","degrees_offered":"B, PBC, M","awards_offered":"Bachelor's degree;Master's degree","largest_program":null,"campus_setting":"Suburb: Large","campus_housing":"Yes","nces_id":"166939","nces_type":"4-year, Private not-for-profit","source_municipality":"SOUTH HADLEY","county_id":"25015","municipality_id":"275","cbsa_id":"11200"},"geometry":{"type":"Point","coordinates":[-72.575695,42.256636]}},{"type":"Feature","properties":{"campus_id":"mount-wachusett-community-college","institution_id":"mount-wachusett-community-college","institution":"Mount Wachusett Community College","campus":null,"address":"444 Green Street","city":"Gardner","zip_code":"01440","telephone":"(978) 632-6600","website":"http://www.mwcc.edu","institution_type":"PUB","category":"Community College","degrees_offered":"C, A","awards_offered":"Less than one year certificate;One but less than two years certificate;Associate's degree","largest_program":null,"campus_setting":"Rural: Fringe","campus_housing":"No","nces_id":"166957","nces_type":"2-year, Public","source_municipality":"GARDNER","county_id":"25027","municipality_id":"103","cbsa_id":"49340"},"geometry":{"type":"Point","coordinates":[-71.983922,42.59331]}},{"type":"Feature","properties":{"campus_id":"national-aviation-academy-of-new-england--concord","institution_id":"national-aviation-academy-of-new-england","institution":"National Aviation Academy of New England","campus":"Concord","address":"130 Baker Ave Extension","city":"Concord","zip_code":"01742","telephone":"(781) 274-8448","website":"http://www.naa.edu","institution_type":"PRI","category":"Technical Institute","degrees_offered":"C","awards_offered":"Two but less than 4 years certificate","largest_program":"Airframe Mechanics and Aircraft Maintenance Technology/Technician","campus_setting":"Suburb: Large","campus_housing":"No","nces_id":"165635","nces_type":"2-year, Private for-profit","source_municipality":"CONCORD","county_id":"25017","municipality_id":"67","cbsa_id":"14460"},"geometry":{"type":"Point","coordinates":[-71.387069,42.462227]}},{"type":"Feature","properties":{"campus_id":"new-england-college-of-optometry","institution_id":"new-england-college-of-optometry","institution":"New England College of Optometry","campus":null,"address":"424 Beacon Street","city":"Boston","zip_code":"02115","telephone":"(617) 266-2030","website":"http://www.neco.edu","institution_type":"PRI","category":"Graduate Medical Program","degrees_offered":"M, PMC, D","awards_offered":"Master's degree;Post-master's certificate;Doctor's degree - professional practice","largest_program":"Optometry","campus_setting":"City: Large","campus_housing":"No","nces_id":"167093","nces_type":"4-year, Private not-for-profit","source_municipality":"BOSTON","county_id":"25025","municipality_id":"35","cbsa_id":"14460"},"geometry":{"type":"Point","coordinates":[-71.086807,42.351858]}},{"type":"Feature","properties":{"campus_id":"new-england-hair-academy","institution_id":"new-england-hair-academy","institution":"New England Hair Academy","campus":null,"address":"110 Florence Street","city":"Malden","zip_code":"02148","telephone":"(781) 324-6799","website":"http://www.newenglandhairacademy.com","institution_type":"PRI","category":"Private Vocational School","degrees_offered":"C","awards_offered":"Less than one year certificate;One but less than two years certificate","largest_program":"Cosmetology/Cosmetologist, General","campus_setting":"Suburb: Large","campus_housing":"No","nces_id":"373678","nces_type":"< 2-year, Private for-profit","source_municipality":"MALDEN","county_id":"25017","municipality_id":"165","cbsa_id":"14460"},"geometry":{"type":"Point","coordinates":[-71.068392,42.428976]}},{"type":"Feature","properties":{"campus_id":"new-england-law-boston","institution_id":"new-england-law-boston","institution":"New England Law Boston","campus":null,"address":"154 Stuart Street","city":"Boston","zip_code":"02116","telephone":"(617) 451-0010","website":"http://www.nesl.edu","institution_type":"PRI","category":"Law School","degrees_offered":"D","awards_offered":"Doctor's degree - professional practice","largest_program":"Law","campus_setting":"City: Large","campus_housing":"No","nces_id":"167215","nces_type":"4-year, Private not-for-profit","source_municipality":"BOSTON","county_id":"25025","municipality_id":"35","cbsa_id":"14460"},"geometry":{"type":"Point","coordinates":[-71.066403,42.350839]}},{"type":"Feature","properties":{"campus_id":"new-england-school-of-acupuncture-at-mcphs--worcester","institution_id":"new-england-school-of-acupuncture-at-mcphs","institution":"New England School of Acupuncture at MCPHS","campus":"Worcester","address":"19 Norwich Street","city":"Worcester","zip_code":"01608","telephone":"(508) 373-5607","website":"https://www.mcphs.edu/academics/school-of-acupuncture","institution_type":"PRI","category":"Graduate Medical Program","degrees_offered":"C, M, D","awards_offered":"Less than one year certificate;One but less than two years certificate;Bachelor's degree;Postbaccalaureate certificate;Master's degree;Post-master's certificate;Doctor's degree - research/scholarship;Doctor's degree - professional practice;Doctor's degree","largest_program":"Accupuncture","campus_setting":"City: Midsize","campus_housing":"No","nces_id":"166656","nces_type":"4-year, Private not-for-profit","source_municipality":"WORCESTER","county_id":"25027","municipality_id":"348","cbsa_id":"49340"},"geometry":{"type":"Point","coordinates":[-71.800624,42.263974]}},{"type":"Feature","properties":{"campus_id":"new-england-tractor-trailer-training-school-of-massachusetts--north-andover","institution_id":"new-england-tractor-trailer-training-school-of-massachusetts","institution":"New England Tractor Trailer Training School of Massachusetts","campus":"North Andover","address":"1600 Osgood Street","city":"North Andover","zip_code":"01845","telephone":"(978) 965-2969","website":"https://nettts.com/","institution_type":"PRI","category":"Technical Institute","degrees_offered":"C","awards_offered":"Less than one year certificate;One but less than two years certificate","largest_program":"Truck and Bus Driver/Commercial Vehicle Operator and Instructor","campus_setting":"Suburb: Large","campus_housing":"No","nces_id":"468963","nces_type":"< 2-year, Private for-profit","source_municipality":"NORTH ANDOVER","county_id":"25009","municipality_id":"210","cbsa_id":"14460"},"geometry":{"type":"Point","coordinates":[-71.116429,42.731129]}},{"type":"Feature","properties":{"campus_id":"nichols-college","institution_id":"nichols-college","institution":"Nichols College","campus":null,"address":"121 Center Road","city":"Dudley","zip_code":"01571","telephone":"(508) 213-1560","website":"http://www.nichols.edu","institution_type":"PRI","category":"Liberal Arts College","degrees_offered":"A, B, M","awards_offered":"Associate's degree;Bachelor's degree;Master's degree","largest_program":"Business Program","campus_setting":"Suburb: Large","campus_housing":"Yes","nces_id":"167260","nces_type":"4-year, Private not-for-profit","source_municipality":"DUDLEY","county_id":"25027","municipality_id":"80","cbsa_id":"49340"},"geometry":{"type":"Point","coordinates":[-71.929568,42.042428]}},{"type":"Feature","properties":{"campus_id":"north-bennet-street-school","institution_id":"north-bennet-street-school","institution":"North Bennet Street School","campus":null,"address":"150 North Street","city":"Boston","zip_code":"02109","telephone":"(617) 227-0155","website":"http://www.nbss.org","institution_type":"PRI","category":"Technical Institute","degrees_offered":"C","awards_offered":"One but less than two years certificate;Two but less than 4 years certificate","largest_program":"Furniture Design and Manufacturing","campus_setting":"City: Large","campus_housing":"No","nces_id":"167297","nces_type":"2-year, Private not-for-profit","source_municipality":"BOSTON","county_id":"25025","municipality_id":"35","cbsa_id":"14460"},"geometry":{"type":"Point","coordinates":[-71.054549,42.362848]}},{"type":"Feature","properties":{"campus_id":"north-shore-community-college--danvers","institution_id":"north-shore-community-college","institution":"North Shore Community College","campus":"Danvers","address":"1 Ferncroft Road","city":"Danvers","zip_code":"01923","telephone":"(978) 762-4000","website":"http://www.northshore.edu","institution_type":"PUB","category":"Community College","degrees_offered":"C, A","awards_offered":"Less than one year certificate;One but less than two years certificate;Associate's degree","largest_program":null,"campus_setting":"Suburb: Large","campus_housing":"No","nces_id":"167312","nces_type":"2-year, Public","source_municipality":"DANVERS","county_id":"25009","municipality_id":"71","cbsa_id":"14460"},"geometry":{"type":"Point","coordinates":[-70.968715,42.590076]}},{"type":"Feature","properties":{"campus_id":"north-shore-community-college--lynn-campus","institution_id":"north-shore-community-college","institution":"North Shore Community College","campus":"Lynn Campus","address":"300 Broad Street","city":"Lynn","zip_code":"01901","telephone":"(781) 593-6722","website":"http://www.northshore.edu","institution_type":"PUB","category":"Community College","degrees_offered":"C, A","awards_offered":"Less than one year certificate;One but less than two years certificate;Associate's degree","largest_program":null,"campus_setting":"Suburb: Large","campus_housing":"No","nces_id":"167312","nces_type":"2-year, Public","source_municipality":"LYNN","county_id":"25009","municipality_id":"163","cbsa_id":"14460"},"geometry":{"type":"Point","coordinates":[-70.944108,42.460726]}},{"type":"Feature","properties":{"campus_id":"northeastern-university--burlington","institution_id":"northeastern-university","institution":"Northeastern University","campus":"Burlington","address":"145 South Bedford Street","city":"Burlington","zip_code":"01803","telephone":"(781) 238-8400","website":"https://www.burlington.northeastern.edu/","institution_type":"PRI","category":"Research University","degrees_offered":"B, M, PMC, D","awards_offered":"Bachelor's degree;Master's degree;Post-master's certificate;Doctor's degree - research/scholarship;Doctor's degree - professional practice;Doctor's degree - other","largest_program":null,"campus_setting":"City: Large","campus_housing":"Yes","nces_id":"167358","nces_type":"4-year, Private not-for-profit","source_municipality":"BURLINGTON","county_id":"25017","municipality_id":"48","cbsa_id":"14460"},"geometry":{"type":"Point","coordinates":[-71.190678,42.478791]}},{"type":"Feature","properties":{"campus_id":"northeastern-university--coastal-sustainability-institute","institution_id":"northeastern-university","institution":"Northeastern University","campus":"Coastal Sustainability Institute","address":"430 Nahant Road","city":"Nahant","zip_code":"01908","telephone":"(781) 581-7370","website":"https://csi.northeastern.edu/","institution_type":"PRI","category":"Research University","degrees_offered":"B, M, PMC, D","awards_offered":"Bachelor's degree;Master's degree;Post-master's certificate;Doctor's degree - research/scholarship;Doctor's degree - professional practice;Doctor's degree - other","largest_program":null,"campus_setting":"City: Large","campus_housing":"Yes","nces_id":"167358","nces_type":"4-year, Private not-for-profit","source_municipality":"NAHANT","county_id":"25009","municipality_id":"196","cbsa_id":"14460"},"geometry":{"type":"Point","coordinates":[-70.907337,42.418431]}},{"type":"Feature","properties":{"campus_id":"northeastern-university--main-campus","institution_id":"northeastern-university","institution":"Northeastern University","campus":"Main Campus","address":"360 Huntington Avenue","city":"Boston","zip_code":"02115","telephone":"(617) 373-2000","website":"http://www.northeastern.edu","institution_type":"PRI","category":"Research University","degrees_offered":"B, M, PMC, D","awards_offered":"Bachelor's degree;Master's degree;Post-master's certificate;Doctor's degree - research/scholarship;Doctor's degree - professional practice;Doctor's degree - other","largest_program":null,"campus_setting":"City: Large","campus_housing":"Yes","nces_id":"167358","nces_type":"4-year, Private not-for-profit","source_municipality":"BOSTON","county_id":"25025","municipality_id":"35","cbsa_id":"14460"},"geometry":{"type":"Point","coordinates":[-71.088748,42.33996]}},{"type":"Feature","properties":{"campus_id":"northeastern-university-professional-programs--professional-advancement","institution_id":"northeastern-university-professional-programs","institution":"Northeastern University Professional Programs","campus":"Professional Advancement","address":"360 Huntington Avenue","city":"Boston","zip_code":"02115","telephone":"(617) 373-2000","website":"https://www.northeastern.edu/pan/","institution_type":"PRI","category":"Private University","degrees_offered":"C, A, B, PBC, M, PMC, D","awards_offered":"Less than one year certificate;One but less than two years certificate;Bachelor's degree;Postbaccalaureate certificate;Master's degree;Post-master's certificate;Doctor's degree - professional practice;Doctor's degree - other","largest_program":null,"campus_setting":"City: Large","campus_housing":"Yes","nces_id":"482705","nces_type":"4-year, Private not-for-profit","source_municipality":"BOSTON","county_id":"25025","municipality_id":"35","cbsa_id":"14460"},"geometry":{"type":"Point","coordinates":[-71.088415,42.339364]}},{"type":"Feature","properties":{"campus_id":"northern-essex-community-college--haverhill","institution_id":"northern-essex-community-college","institution":"Northern Essex Community College","campus":"Haverhill","address":"100 Elliott Street","city":"Haverhill","zip_code":"01830","telephone":"(978) 556-3000","website":"http://www.necc.mass.edu","institution_type":"PUB","category":"Community College","degrees_offered":"C, A","awards_offered":"Less than one year certificate;One but less than two years certificate;Associate's degree","largest_program":null,"campus_setting":"Suburb: Large","campus_housing":"No","nces_id":"167376","nces_type":"2-year, Public","source_municipality":"HAVERHILL","county_id":"25009","municipality_id":"128","cbsa_id":"14460"},"geometry":{"type":"Point","coordinates":[-71.047371,42.796478]}},{"type":"Feature","properties":{"campus_id":"northern-essex-community-college--lawrence","institution_id":"northern-essex-community-college","institution":"Northern Essex Community College","campus":"Lawrence","address":"45 Franklin Street","city":"Lawrence","zip_code":"01840","telephone":"(978) 738-7000","website":"http://www.necc.mass.edu","institution_type":"PUB","category":"Community College","degrees_offered":"C, A","awards_offered":"Less than one year certificate;One but less than two years certificate;Associate's degree","largest_program":null,"campus_setting":"Suburb: Large","campus_housing":"No","nces_id":"167376","nces_type":"2-year, Public","source_municipality":"LAWRENCE","county_id":"25009","municipality_id":"149","cbsa_id":"14460"},"geometry":{"type":"Point","coordinates":[-71.167452,42.70731]}},{"type":"Feature","properties":{"campus_id":"northern-essex-community-college--salisbury-satellite-location","institution_id":"northern-essex-community-college","institution":"Northern Essex Community College","campus":"Salisbury Satellite Location","address":"80 Elm Street","city":"Salisbury","zip_code":"01952","telephone":"(978) 556-3000","website":"http://www.necc.mass.edu/","institution_type":"PUB","category":"Community College","degrees_offered":"C, A","awards_offered":"Less than one year certificate;One but less than two years certificate;Associate's degree","largest_program":null,"campus_setting":"Suburb: Large","campus_housing":"No","nces_id":"167376","nces_type":"2-year, Public","source_municipality":"SALISBURY","county_id":"25009","municipality_id":"259","cbsa_id":"14460"},"geometry":{"type":"Point","coordinates":[-70.873766,42.84266]}},{"type":"Feature","properties":{"campus_id":"northpoint-bible-college","institution_id":"northpoint-bible-college","institution":"Northpoint Bible College","campus":null,"address":"320 South Main Street","city":"Haverhill","zip_code":"01835","telephone":"(978) 478-3400","website":"http://www.northpoint.edu/","institution_type":"PRI","category":"Divinity School","degrees_offered":"C, A, B, M","awards_offered":"One but less than two years certificate;Associate's degree;Bachelor's degree;Master's degree","largest_program":"Pentecostal Ministry","campus_setting":"Suburb: Large","campus_housing":"Yes","nces_id":"217606","nces_type":"4-year, Private not-for-profit","source_municipality":"HAVERHILL","county_id":"25009","municipality_id":"128","cbsa_id":"14460"},"geometry":{"type":"Point","coordinates":[-71.079282,42.7651]}},{"type":"Feature","properties":{"campus_id":"nv-my-hair-academy","institution_id":"nv-my-hair-academy","institution":"NV My Hair Academy","campus":null,"address":"296 Newton Street","city":"Waltham","zip_code":"02453","telephone":"(617) 834-3333","website":"https://www.facebook.com/nvmyhairacademy/","institution_type":"PRI","category":"Private Vocational School","degrees_offered":"C","awards_offered":null,"largest_program":"Cosmetology","campus_setting":"City: Small","campus_housing":"No","nces_id":null,"nces_type":"< 2-year, Private for-profit","source_municipality":"WALTHAM","county_id":"25017","municipality_id":"308","cbsa_id":"14460"},"geometry":{"type":"Point","coordinates":[-71.230995,42.367095]}},{"type":"Feature","properties":{"campus_id":"pec-university","institution_id":"pec-university","institution":"PEC University","campus":null,"address":"980 Turnpike Street","city":"Canton","zip_code":"02021","telephone":"(781) 769-7767","website":"https://www.pecofct.com/pec-university/","institution_type":"PRI","category":"Private Occupational Program","degrees_offered":"C","awards_offered":null,"largest_program":"Electrician","campus_setting":"Suburb: Large","campus_housing":"No","nces_id":null,"nces_type":"< 2-year, Private for-profit","source_municipality":"CANTON","county_id":"25021","municipality_id":"50","cbsa_id":"14460"},"geometry":{"type":"Point","coordinates":[-71.103315,42.152032]}},{"type":"Feature","properties":{"campus_id":"peterson-school--westwood","institution_id":"peterson-school","institution":"Peterson School","campus":"Westwood","address":"350 University Avenue","city":"Westwood","zip_code":"02090","telephone":"(781) 320-3292","website":"https://www.petersonschool.com/","institution_type":"PRI","category":"Private Occupational Program","degrees_offered":"C","awards_offered":null,"largest_program":"Electric/Plumbing/Facilities","campus_setting":"Suburb: Small","campus_housing":"No","nces_id":null,"nces_type":"< 2-year, Private for-profit","source_municipality":"WESTWOOD","county_id":"25021","municipality_id":"335","cbsa_id":"14460"},"geometry":{"type":"Point","coordinates":[-71.154323,42.198448]}},{"type":"Feature","properties":{"campus_id":"peterson-school--woburn","institution_id":"peterson-school","institution":"Peterson School","campus":"Woburn","address":"25 Montvale Road","city":"Woburn","zip_code":"01801","telephone":"(781) 938-5656","website":"https://www.petersonschool.com/","institution_type":"PRI","category":"Private Occupational Program","degrees_offered":"C","awards_offered":null,"largest_program":"Electric/Plumbing/Facilities","campus_setting":"Suburb: Large","campus_housing":"No","nces_id":null,"nces_type":"< 2-year, Private for-profit","source_municipality":"WOBURN","county_id":"25017","municipality_id":"347","cbsa_id":"14460"},"geometry":{"type":"Point","coordinates":[-71.150647,42.479086]}},{"type":"Feature","properties":{"campus_id":"peterson-school--worcester","institution_id":"peterson-school","institution":"Peterson School","campus":"Worcester","address":"705 Plantation Street","city":"Worcester","zip_code":"01605","telephone":"(774) 823-3047","website":"https://www.petersonschool.com/","institution_type":"PRI","category":"Private Occupational Program","degrees_offered":"C","awards_offered":null,"largest_program":"Electric/Plumbing/Facilities","campus_setting":"City: Midsize","campus_housing":"No","nces_id":null,"nces_type":"< 2-year, Private for-profit","source_municipality":"WORCESTER","county_id":"25027","municipality_id":"348","cbsa_id":"49340"},"geometry":{"type":"Point","coordinates":[-71.763256,42.299386]}},{"type":"Feature","properties":{"campus_id":"pope-st-john-xxiii-national-seminary","institution_id":"pope-st-john-xxiii-national-seminary","institution":"Pope St John XXIII National Seminary","campus":null,"address":"558 South Avenue","city":"Weston","zip_code":"02493","telephone":"(781) 899-5500","website":"http://www.psjs.edu","institution_type":"PRI","category":"Divinity School","degrees_offered":"M","awards_offered":"Master's degree","largest_program":"Catholic Seminary","campus_setting":"Suburb: Large","campus_housing":"Yes","nces_id":null,"nces_type":"4-year, Private not-for-profit","source_municipality":"WESTON","county_id":"25017","municipality_id":"333","cbsa_id":"14460"},"geometry":{"type":"Point","coordinates":[-71.310985,42.339621]}},{"type":"Feature","properties":{"campus_id":"porter-and-chester-institute--brockton","institution_id":"porter-and-chester-institute","institution":"Porter And Chester Institute","campus":"Brockton","address":"609 Belmont Street","city":"Brockton","zip_code":"02301","telephone":"(774) 360-8300","website":"https://www.porterchester.com","institution_type":"PRI","category":"Technical Institute","degrees_offered":"C","awards_offered":"One but less than two years certificate","largest_program":null,"campus_setting":"Suburb: Large","campus_housing":"No","nces_id":"13017408","nces_type":"< 2-year, Private for-profit","source_municipality":"BROCKTON","county_id":"25023","municipality_id":"44","cbsa_id":"14460"},"geometry":{"type":"Point","coordinates":[-71.04471,42.073229]}},{"type":"Feature","properties":{"campus_id":"porter-and-chester-institute--chicopee","institution_id":"porter-and-chester-institute","institution":"Porter And Chester Institute","campus":"Chicopee","address":"1984 Westover Road","city":"Chicopee","zip_code":"01022","telephone":"(413) 459-9760","website":"https://porterchester.edu/campuses/massachusetts/chicopee-ma/","institution_type":"PRI","category":"Technical Institute","degrees_offered":"C","awards_offered":"One but less than two years certificate","largest_program":null,"campus_setting":"Suburb: Large","campus_housing":"No","nces_id":"13017409","nces_type":"< 2-year, Private for-profit","source_municipality":"CHICOPEE","county_id":"25013","municipality_id":"61","cbsa_id":"44140"},"geometry":{"type":"Point","coordinates":[-72.561762,42.185893]}},{"type":"Feature","properties":{"campus_id":"porter-and-chester-institute--worcester","institution_id":"porter-and-chester-institute","institution":"Porter And Chester Institute","campus":"Worcester","address":"220 Brooks Street","city":"Worcester","zip_code":"01606","telephone":"(508) 304-6500","website":"https://www.porterchester.com","institution_type":"PRI","category":"Technical Institute","degrees_offered":"C","awards_offered":"One but less than two years certificate","largest_program":null,"campus_setting":"City: Midsize","campus_housing":"No","nces_id":"13017405","nces_type":"< 2-year, Private for-profit","source_municipality":"WORCESTER","county_id":"25027","municipality_id":"348","cbsa_id":"49340"},"geometry":{"type":"Point","coordinates":[-71.799792,42.317933]}},{"type":"Feature","properties":{"campus_id":"quincy-college","institution_id":"quincy-college","institution":"Quincy College","campus":null,"address":"1250 Hancock Street","city":"Quincy","zip_code":"02169","telephone":"1 (800) 698-1700","website":"http://www.quincycollege.edu","institution_type":"PUB","category":"Municipally Affiliated College","degrees_offered":"C, A","awards_offered":"Less than one year certificate;One but less than two years certificate;Associate's degree;Bachelor's degree","largest_program":null,"campus_setting":"Suburb: Large","campus_housing":"No","nces_id":"167525","nces_type":"4-year, primarily associate's, Public","source_municipality":"QUINCY","county_id":"25021","municipality_id":"243","cbsa_id":"14460"},"geometry":{"type":"Point","coordinates":[-71.003488,42.252478]}},{"type":"Feature","properties":{"campus_id":"quinsigamond-community-college","institution_id":"quinsigamond-community-college","institution":"Quinsigamond Community College","campus":null,"address":"670 West Boylston Street","city":"Worcester","zip_code":"01606","telephone":"(508) 854-4262","website":"http://www.qcc.edu","institution_type":"PUB","category":"Community College","degrees_offered":"C, A","awards_offered":"Less than one year certificate;One but less than two years certificate;Associate's degree","largest_program":null,"campus_setting":"City: Midsize","campus_housing":"No","nces_id":"167534","nces_type":"2-year, Public","source_municipality":"WORCESTER","county_id":"25027","municipality_id":"348","cbsa_id":"49340"},"geometry":{"type":"Point","coordinates":[-71.794928,42.313775]}},{"type":"Feature","properties":{"campus_id":"regis-college","institution_id":"regis-college","institution":"Regis College","campus":null,"address":"235 Wellesley Street","city":"Weston","zip_code":"02493","telephone":"(781) 768-7000","website":"http://www.regiscollege.edu","institution_type":"PRI","category":"Liberal Arts College","degrees_offered":"A, B, PBC, M, PMC, D","awards_offered":"Associate's degree;Bachelor's degree;Postbaccalaureate certificate;Master's degree;Post-master's certificate;Doctor's degree - professional practice","largest_program":null,"campus_setting":"Suburb: Large","campus_housing":"Yes","nces_id":"167598","nces_type":"4-year, Private not-for-profit","source_municipality":"WESTON","county_id":"25017","municipality_id":"333","cbsa_id":"14460"},"geometry":{"type":"Point","coordinates":[-71.310553,42.351257]}},{"type":"Feature","properties":{"campus_id":"rob-roy-academy--fall-river","institution_id":"rob-roy-academy","institution":"Rob Roy Academy","campus":"Fall River","address":"260 S Main Street","city":"Fall River","zip_code":"02720","telephone":"(508) 672-4751","website":"http://www.rob-roy.com","institution_type":"PRI","category":"Private Vocational School","degrees_offered":"C","awards_offered":"Less than one year certificate;One but less than two years certificate","largest_program":"Cosmetology/Cosmetologist, General","campus_setting":"Suburb: Large","campus_housing":"No","nces_id":"165750","nces_type":"< 2-year, Private for-profit","source_municipality":"FALL RIVER","county_id":"25005","municipality_id":"95","cbsa_id":"39300"},"geometry":{"type":"Point","coordinates":[-71.15773,41.698879]}},{"type":"Feature","properties":{"campus_id":"rob-roy-academy--new-bedford","institution_id":"rob-roy-academy","institution":"Rob Roy Academy","campus":"New Bedford","address":"1872 Acushnet Avenue","city":"New Bedford","zip_code":"02720","telephone":"(508) 995-8711","website":"http://www.rob-roy.com","institution_type":"PRI","category":"Private Vocational School","degrees_offered":"C","awards_offered":"One but less than two years certificate","largest_program":"Cosmetology/Cosmetologist, General","campus_setting":"Suburb: Midsize","campus_housing":"No","nces_id":"167039","nces_type":"< 2-year, Private for-profit","source_municipality":"NEW BEDFORD","county_id":"25005","municipality_id":"201","cbsa_id":"39300"},"geometry":{"type":"Point","coordinates":[-70.92518,41.671922]}},{"type":"Feature","properties":{"campus_id":"rob-roy-academy--taunton","institution_id":"rob-roy-academy","institution":"Rob Roy Academy","campus":"Taunton","address":"1 School Street","city":"Taunton","zip_code":"02780","telephone":"(508) 822-1405","website":"http://www.rob-roy.com","institution_type":"PRI","category":"Private Vocational School","degrees_offered":"C","awards_offered":"One but less than two years certificate","largest_program":"Cosmetology/Cosmetologist, General","campus_setting":"Suburb: Large","campus_housing":"No","nces_id":"168032","nces_type":"< 2-year, Private for-profit","source_municipality":"TAUNTON","county_id":"25005","municipality_id":"293","cbsa_id":"39300"},"geometry":{"type":"Point","coordinates":[-71.091964,41.901942]}},{"type":"Feature","properties":{"campus_id":"rob-roy-academy--worcester","institution_id":"rob-roy-academy","institution":"Rob Roy Academy","campus":"Worcester","address":"150 Pleasant Sreett","city":"Worcester","zip_code":"01609","telephone":"(508) 799-2111","website":"http://www.rob-roy.com","institution_type":"PRI","category":"Private Vocational School","degrees_offered":"C","awards_offered":"Less than one year certificate;One but less than two years certificate","largest_program":"Cosmetology/Cosmetologist, General","campus_setting":"City: Midsize","campus_housing":"No","nces_id":"373696","nces_type":"< 2-year, Private for-profit","source_municipality":"WORCESTER","county_id":"25027","municipality_id":"348","cbsa_id":"49340"},"geometry":{"type":"Point","coordinates":[-71.80766,42.263646]}},{"type":"Feature","properties":{"campus_id":"roxbury-community-college","institution_id":"roxbury-community-college","institution":"Roxbury Community College","campus":null,"address":"1234 Columbus Avenue","city":"Roxbury Crossing","zip_code":"02120","telephone":"(617) 427-0060","website":"https://www.rcc.mass.edu/","institution_type":"PUB","category":"Community College","degrees_offered":"C, A","awards_offered":"Less than one year certificate;One but less than two years certificate;Associate's degree","largest_program":null,"campus_setting":"City: Large","campus_housing":"No","nces_id":"167631","nces_type":"2-year, Public","source_municipality":"BOSTON","county_id":"25025","municipality_id":"35","cbsa_id":"14460"},"geometry":{"type":"Point","coordinates":[-71.095529,42.32925]}},{"type":"Feature","properties":{"campus_id":"saint-john-s-seminary","institution_id":"saint-john-s-seminary","institution":"Saint John's Seminary","campus":null,"address":"127 Lake Street","city":"Brighton","zip_code":"02135","telephone":"(617) 254-2610","website":"http://www.sjs.edu","institution_type":"PRI","category":"Divinity School","degrees_offered":"B, M","awards_offered":"Bachelor's degree;Master's degree","largest_program":"Catholic Seminary","campus_setting":"City: Large","campus_housing":"Yes","nces_id":"167677","nces_type":"4-year, Private not-for-profit","source_municipality":"BOSTON","county_id":"25025","municipality_id":"35","cbsa_id":"14460"},"geometry":{"type":"Point","coordinates":[-71.162674,42.344341]}},{"type":"Feature","properties":{"campus_id":"salem-state-university","institution_id":"salem-state-university","institution":"Salem State University","campus":null,"address":"352 Lafayette Street","city":"Salem","zip_code":"01970","telephone":"(978) 542-6000","website":"http://www.salemstate.edu","institution_type":"PUB","category":"State University","degrees_offered":"B, PBC, M, PMC","awards_offered":"Bachelor's degree;Postbaccalaureate certificate;Master's degree;Post-master's certificate","largest_program":null,"campus_setting":"Suburb: Large","campus_housing":"Yes","nces_id":"167729","nces_type":"4-year, Public","source_municipality":"SALEM","county_id":"25009","municipality_id":"258","cbsa_id":"14460"},"geometry":{"type":"Point","coordinates":[-70.890362,42.503622]}},{"type":"Feature","properties":{"campus_id":"sattler-college","institution_id":"sattler-college","institution":"Sattler College","campus":null,"address":"100 Cambridge Street, Suite 1701","city":"Boston","zip_code":"02114","telephone":"(617) 420-1820","website":"https://sattler.edu/","institution_type":"PRI","category":"Liberal Arts College","degrees_offered":"C, B","awards_offered":"Less than one year certificate; Bachelor's degree","largest_program":null,"campus_setting":"City: Large","campus_housing":"Yes","nces_id":"494542","nces_type":"4-year, Private not-for-profit","source_municipality":"BOSTON","county_id":"25025","municipality_id":"35","cbsa_id":"14460"},"geometry":{"type":"Point","coordinates":[-71.062111,42.360435]}},{"type":"Feature","properties":{"campus_id":"school-of-the-museum-of-fine-arts","institution_id":"school-of-the-museum-of-fine-arts","institution":"School of the Museum of Fine Arts","campus":null,"address":"230 The Fenway","city":"Boston","zip_code":"02115","telephone":"(617) 267-6100","website":"https://smfa.tufts.edu/","institution_type":"PRI","category":"Visual Arts College","degrees_offered":"B, M","awards_offered":"Less than one year certificate;Bachelor's degree;Postbaccalaureate certificate;Master's degree;Post-master's certificate;Doctor's degree - research/scholarship;Doctor's degree - professional practice","largest_program":"Visual Arts","campus_setting":"City: Large","campus_housing":"No","nces_id":"168148","nces_type":"4-year, Private not-for-profit","source_municipality":"BOSTON","county_id":"25025","municipality_id":"35","cbsa_id":"14460"},"geometry":{"type":"Point","coordinates":[-71.096595,42.338584]}},{"type":"Feature","properties":{"campus_id":"shawsheen-valley-school-of-practical-nursing","institution_id":"shawsheen-valley-school-of-practical-nursing","institution":"Shawsheen Valley School of Practical Nursing","campus":null,"address":"100 Cook Street","city":"Billerica","zip_code":"01821","telephone":"(978) 667-2111","website":"https://www.shawsheenpracticalnursing.com/","institution_type":"PUB","category":"Adult Education","degrees_offered":"C","awards_offered":"One but less than two years certificate","largest_program":"Licensed Practical/Vocational Nurse Training","campus_setting":"Suburb: Large","campus_housing":"No","nces_id":"412535","nces_type":"< 2-year, Public","source_municipality":"BILLERICA","county_id":"25017","municipality_id":"31","cbsa_id":"14460"},"geometry":{"type":"Point","coordinates":[-71.218035,42.547669]}},{"type":"Feature","properties":{"campus_id":"signature-healthcare-brockton-hospital-school-of-nursing","institution_id":"signature-healthcare-brockton-hospital-school-of-nursing","institution":"Signature Healthcare Brockton Hospital School of Nursing","campus":null,"address":"53 Adams Street","city":"Brockton","zip_code":"02302","telephone":"(508) 941-7040","website":"http://www.bhson.org/","institution_type":"PRI","category":"Medical Program","degrees_offered":"C","awards_offered":"Two but less than 4 years certificate","largest_program":"Registered Nursing/Registered Nurse","campus_setting":"Suburb: Large","campus_housing":"No","nces_id":"165060","nces_type":"2-year, Private not-for-profit","source_municipality":"BROCKTON","county_id":"25023","municipality_id":"44","cbsa_id":"14460"},"geometry":{"type":"Point","coordinates":[-70.992833,42.088016]}},{"type":"Feature","properties":{"campus_id":"simmons-university--main-campus","institution_id":"simmons-university","institution":"Simmons University","campus":"Main Campus","address":"300 The Fenway","city":"Boston","zip_code":"02115","telephone":"(617) 521-2000","website":"http://www.simmons.edu","institution_type":"PRI","category":"Women's Liberal Arts College, Coed Graduate School","degrees_offered":"B, PBC, M, PMC, D","awards_offered":"Bachelor's degree;Master's degree;Post-master's certificate;Doctor's degree - research/scholarship;Doctor's degree - professional practice","largest_program":null,"campus_setting":"City: Large","campus_housing":"Yes","nces_id":"167783","nces_type":"4-year, Private not-for-profit","source_municipality":"BOSTON","county_id":"25025","municipality_id":"35","cbsa_id":"14460"},"geometry":{"type":"Point","coordinates":[-71.099855,42.339345]}},{"type":"Feature","properties":{"campus_id":"simmons-university--residence-campus","institution_id":"simmons-university","institution":"Simmons University","campus":"Residence Campus","address":"321 Brookline Avenue","city":"Boston","zip_code":"02215","telephone":"(617) 521-2000","website":"http://www.simmons.edu","institution_type":"PRI","category":"Women's Liberal Arts College, Coed Graduate School","degrees_offered":"B, PBC, M, PMC, D","awards_offered":"Bachelor's degree;Master's degree;Post-master's certificate;Doctor's degree - research/scholarship;Doctor's degree - professional practice","largest_program":null,"campus_setting":"City: Large","campus_housing":"Yes","nces_id":"167783","nces_type":"4-year, Private not-for-profit","source_municipality":"BOSTON","county_id":"25025","municipality_id":"35","cbsa_id":"14460"},"geometry":{"type":"Point","coordinates":[-71.105687,42.341267]}},{"type":"Feature","properties":{"campus_id":"smith-college","institution_id":"smith-college","institution":"Smith College","campus":null,"address":"33 Elm Street","city":"Northampton","zip_code":"01063","telephone":"(413) 585-2700","website":"http://www.smith.edu","institution_type":"PRI","category":"Women's Liberal Arts College","degrees_offered":"B, PBC, M, PMC, D","awards_offered":"Bachelor's degree;Postbaccalaureate certificate;Master's degree;Doctor's degree - research/scholarship","largest_program":null,"campus_setting":"Suburb: Large","campus_housing":"Yes","nces_id":"167835","nces_type":"4-year, Private not-for-profit","source_municipality":"NORTHAMPTON","county_id":"25015","municipality_id":"214","cbsa_id":"11200"},"geometry":{"type":"Point","coordinates":[-72.635375,42.318857]}},{"type":"Feature","properties":{"campus_id":"southeastern-technical-institute","institution_id":"southeastern-technical-institute","institution":"Southeastern Technical Institute","campus":null,"address":"250 Foundry Street","city":"South Easton","zip_code":"02375","telephone":"(508) 238-1860","website":"http://www.stitech.edu","institution_type":"PUB","category":"Technical Institute","degrees_offered":"C","awards_offered":"Less than one year certificate;One but less than two years certificate","largest_program":"Licensed Practical/Vocational Nurse Training","campus_setting":"Rural: Fringe","campus_housing":"No","nces_id":"167871","nces_type":"< 2-year, Public","source_municipality":"EASTON","county_id":"25005","municipality_id":"88","cbsa_id":"39300"},"geometry":{"type":"Point","coordinates":[-71.081867,42.010112]}},{"type":"Feature","properties":{"campus_id":"spa-tech-institute--north-andover","institution_id":"spa-tech-institute","institution":"Spa Tech Institute","campus":"North Andover","address":"202 Sutton Street Suite 460","city":"North Andover","zip_code":"01845","telephone":"(978) 620-5250","website":"https://www.spatech.edu/","institution_type":"PRI","category":"Private Vocational School","degrees_offered":"C","awards_offered":"Less than one year certificate","largest_program":"Aesthetician/Esthetician and Skin Care Specialist","campus_setting":"Suburb: Large","campus_housing":"No","nces_id":"497888","nces_type":"< 2-year, Private for-profit","source_municipality":"NORTH ANDOVER","county_id":"25009","municipality_id":"210","cbsa_id":"14460"},"geometry":{"type":"Point","coordinates":[-71.131885,42.7076]}},{"type":"Feature","properties":{"campus_id":"spa-tech-institute--plymouth","institution_id":"spa-tech-institute","institution":"Spa Tech Institute","campus":"Plymouth","address":"59 Industrial Park Road","city":"Plymouth","zip_code":"02360","telephone":"1 (800) 262-8530","website":"https://www.spatech.edu/","institution_type":"PRI","category":"Private Vocational School","degrees_offered":"C","awards_offered":"Less than one year certificate","largest_program":"Aesthetician/Esthetician and Skin Care Specialist","campus_setting":"Suburb: Large","campus_housing":"No","nces_id":"445656","nces_type":"< 2-year, Private for-profit","source_municipality":"PLYMOUTH","county_id":"25023","municipality_id":"239","cbsa_id":"14460"},"geometry":{"type":"Point","coordinates":[-70.704441,41.95847]}},{"type":"Feature","properties":{"campus_id":"spa-tech-institute--westboro","institution_id":"spa-tech-institute","institution":"Spa Tech Institute","campus":"Westboro","address":"227 Turnpike Road","city":"Westboro","zip_code":"01581","telephone":"(508) 836-8864","website":"https://www.spatech.edu/","institution_type":"PRI","category":"Private Vocational School","degrees_offered":"C","awards_offered":"Less than one year certificate","largest_program":"Aesthetician/Esthetician and Skin Care Specialist","campus_setting":"Suburb: Large","campus_housing":"No","nces_id":"445647","nces_type":"< 2-year, Private for-profit","source_municipality":"WESTBOROUGH","county_id":"25027","municipality_id":"328","cbsa_id":"49340"},"geometry":{"type":"Point","coordinates":[-71.635739,42.286137]}},{"type":"Feature","properties":{"campus_id":"springfield-college--main-campus","institution_id":"springfield-college","institution":"Springfield College","campus":"Main Campus","address":"263 Alden Street","city":"Springfield","zip_code":"01109","telephone":"(413) 748-3000","website":"http://www.springfield.edu/","institution_type":"PRI","category":"Private College","degrees_offered":"B, M, PMC, D","awards_offered":"Bachelor's degree;Postbaccalaureate certificate;Master's degree;Post-master's certificate;Doctor's degree - research/scholarship;Doctor's degree - professional practice","largest_program":null,"campus_setting":"City: Midsize","campus_housing":"Yes","nces_id":"167899","nces_type":"4-year, Private not-for-profit","source_municipality":"SPRINGFIELD","county_id":"25013","municipality_id":"281","cbsa_id":"44140"},"geometry":{"type":"Point","coordinates":[-72.55665,42.102183]}},{"type":"Feature","properties":{"campus_id":"springfield-college-regional-online-and-continuing-education","institution_id":"springfield-college-regional-online-and-continuing-education","institution":"Springfield College-Regional, Online, and Continuing Education","campus":null,"address":"263 Alden Street","city":"Springfield","zip_code":"01109","telephone":"(413) 748-3000","website":"https://springfield.edu/regional-and-online","institution_type":"PRI","category":"Adult Education","degrees_offered":"B, M","awards_offered":"Bachelor's degree;Master's degree","largest_program":"Human Services","campus_setting":"City: Midsize","campus_housing":"No","nces_id":"475273","nces_type":"4-year, Private not-for-profit","source_municipality":"SPRINGFIELD","county_id":"25013","municipality_id":"281","cbsa_id":"44140"},"geometry":{"type":"Point","coordinates":[-72.556694,42.102044]}},{"type":"Feature","properties":{"campus_id":"springfield-technical-community-college","institution_id":"springfield-technical-community-college","institution":"Springfield Technical Community College","campus":null,"address":"1 Armory Square","city":"Springfield","zip_code":"01102","telephone":"(413) 781-7822","website":"http://www.stcc.edu","institution_type":"PUB","category":"Community College","degrees_offered":"C, A","awards_offered":"Less than one year certificate;One but less than two years certificate;Associate's degree","largest_program":null,"campus_setting":"City: Midsize","campus_housing":"No","nces_id":"167905","nces_type":"2-year, Public","source_municipality":"SPRINGFIELD","county_id":"25013","municipality_id":"281","cbsa_id":"44140"},"geometry":{"type":"Point","coordinates":[-72.578482,42.108811]}},{"type":"Feature","properties":{"campus_id":"stonehill-college","institution_id":"stonehill-college","institution":"Stonehill College","campus":null,"address":"320 Washington Street","city":"Easton","zip_code":"02357","telephone":"(508) 565-1000","website":"http://www.stonehill.edu","institution_type":"PRI","category":"Liberal Arts College","degrees_offered":"B, M","awards_offered":"Less than one year certificate;Bachelor's degree;Master's degree","largest_program":null,"campus_setting":"Suburb: Large","campus_housing":"Yes","nces_id":"167996","nces_type":"4-year, Private not-for-profit","source_municipality":"EASTON","county_id":"25005","municipality_id":"88","cbsa_id":"39300"},"geometry":{"type":"Point","coordinates":[-71.080614,42.059032]}},{"type":"Feature","properties":{"campus_id":"suffolk-university","institution_id":"suffolk-university","institution":"Suffolk University","campus":null,"address":"73 Tremont Street","city":"Boston","zip_code":"02108","telephone":"(617) 573-8000","website":"http://www.suffolk.edu","institution_type":"PRI","category":"Research University","degrees_offered":"C, A, B, PBC, M, PMC, D","awards_offered":"Less than one year certificate;One but less than two years certificate;Associate's degree;Two but less than 4 years certificate;Bachelor's degree;Postbaccalaureate certificate;Master's degree;Doctor's degree - research/scholarship;Doctor's degree - profes","largest_program":null,"campus_setting":"City: Large","campus_housing":"Yes","nces_id":"168005","nces_type":"4-year, Private not-for-profit","source_municipality":"BOSTON","county_id":"25025","municipality_id":"35","cbsa_id":"14460"},"geometry":{"type":"Point","coordinates":[-71.060811,42.357824]}},{"type":"Feature","properties":{"campus_id":"technology-learning-center","institution_id":"technology-learning-center","institution":"Technology Learning Center","campus":null,"address":"11 Buffum Dam Road","city":"Oxford","zip_code":"01540","telephone":"(508) 987-1852","website":"https://tlctech.edu/","institution_type":"PRI","category":"Adult Education","degrees_offered":"C","awards_offered":"Less than one year certificate","largest_program":"Heating, Air Conditioning, Ventilation and Refrigeration Maintenance Technology/Technician","campus_setting":"Suburb: Large","campus_housing":"No","nces_id":"497499","nces_type":"< 2-year, Private for-profit","source_municipality":"OXFORD","county_id":"25027","municipality_id":"226","cbsa_id":"49340"},"geometry":{"type":"Point","coordinates":[-71.900832,42.118273]}},{"type":"Feature","properties":{"campus_id":"th-beauty-nail-academy","institution_id":"th-beauty-nail-academy","institution":"TH Beauty Nail Academy","campus":null,"address":"68 Millbury Street ","city":"Worcester","zip_code":"01610","telephone":"(508) 753-6500","website":"https://www.facebook.com/people/TH-Beauty-Nail-Academy/61552043720572/?mibextid=","institution_type":"PRI","category":"Private Vocational School","degrees_offered":"C","awards_offered":null,"largest_program":"Cosmetology","campus_setting":"City: Midsize","campus_housing":"No","nces_id":null,"nces_type":"< 2-year, Private for-profit","source_municipality":"WORCESTER","county_id":"25027","municipality_id":"348","cbsa_id":"49340"},"geometry":{"type":"Point","coordinates":[-71.79891,42.25344]}},{"type":"Feature","properties":{"campus_id":"the-boston-conservatory-at-berklee","institution_id":"the-boston-conservatory-at-berklee","institution":"The Boston Conservatory at Berklee","campus":null,"address":"8 The Fenway","city":"Boston","zip_code":"02215","telephone":"(617) 536-6340","website":"https://bostonconservatory.berklee.edu/","institution_type":"PRI","category":"Performing Arts College","degrees_offered":"B, M","awards_offered":"One but less than two years certificate;Two but less than 4 years certificate;Bachelor's degree;Postbaccalaureate certificate;Master's degree;Post-master's certificate","largest_program":"Music","campus_setting":"City: Large","campus_housing":"Yes","nces_id":"164748","nces_type":"4-year, Private not-for-profit","source_municipality":"BOSTON","county_id":"25025","municipality_id":"35","cbsa_id":"14460"},"geometry":{"type":"Point","coordinates":[-71.090006,42.346202]}},{"type":"Feature","properties":{"campus_id":"the-new-england-conservatory-of-music","institution_id":"the-new-england-conservatory-of-music","institution":"The New England Conservatory of Music","campus":null,"address":"290 Huntington Avenue","city":"Boston","zip_code":"02115","telephone":"(617) 585-1100","website":"https://necmusic.edu/","institution_type":"PRI","category":"Performing Arts College","degrees_offered":"C, B, PBC, M, D","awards_offered":"Less than one year certificate;Two but less than 4 years certificate;Bachelor's degree;Postbaccalaureate certificate;Master's degree;Doctor's degree - research/scholarship","largest_program":"Music","campus_setting":"City: Large","campus_housing":"Yes","nces_id":"167057","nces_type":"4-year, Private not-for-profit","source_municipality":"BOSTON","county_id":"25025","municipality_id":"35","cbsa_id":"14460"},"geometry":{"type":"Point","coordinates":[-71.086399,42.340967]}},{"type":"Feature","properties":{"campus_id":"thomas-aquinas-college--new-england","institution_id":"thomas-aquinas-college","institution":"Thomas Aquinas College","campus":"New England","address":"231 Main Street","city":"Northfield","zip_code":"01360","telephone":"(413) 846-1200","website":"https://www.thomasaquinas.edu/","institution_type":"PRI","category":"Liberal Arts College","degrees_offered":"B","awards_offered":"Bachelor's degree","largest_program":null,"campus_setting":"Rural: Distant","campus_housing":"Yes","nces_id":"12429201","nces_type":"4-year, Private not-for-profit","source_municipality":"NORTHFIELD","county_id":"25011","municipality_id":"217","cbsa_id":"24640"},"geometry":{"type":"Point","coordinates":[-72.442938,42.714568]}},{"type":"Feature","properties":{"campus_id":"toni-guy-hairdressing-academy--worcester","institution_id":"toni-guy-hairdressing-academy","institution":"Toni & Guy Hairdressing Academy","campus":"Worcester","address":"6 Park Avenue","city":"Worcester","zip_code":"01605","telephone":"(508) 756-6060","website":"http://worcester.toniguy.edu/","institution_type":"PRI","category":"Private Vocational School","degrees_offered":"C","awards_offered":"One but less than two years certificate","largest_program":"Cosmetology/Cosmetologist, General","campus_setting":"City: Midsize","campus_housing":"No","nces_id":"434344","nces_type":"< 2-year, Private for-profit","source_municipality":"WORCESTER","county_id":"25027","municipality_id":"348","cbsa_id":"49340"},"geometry":{"type":"Point","coordinates":[-71.808193,42.284783]}},{"type":"Feature","properties":{"campus_id":"tri-county-regional-vocational-technical-high-school-adult-education","institution_id":"tri-county-regional-vocational-technical-high-school-adult-education","institution":"Tri County Regional Vocational Technical High School Adult Education","campus":null,"address":"147 Pond Street","city":"Franklin","zip_code":"02038","telephone":"(508) 528-5400","website":"https://www.tri-county.us/page/adult-education","institution_type":"PUB","category":"Adult Education","degrees_offered":"C","awards_offered":"One but less than two years certificate","largest_program":"Practical Nursing, Vocational Nursing and Nursing Assistants, Other","campus_setting":"Suburb: Large","campus_housing":"No","nces_id":"459408","nces_type":"< 2-year, Public","source_municipality":"FRANKLIN","county_id":"25021","municipality_id":"101","cbsa_id":"14460"},"geometry":{"type":"Point","coordinates":[-71.421491,42.095018]}},{"type":"Feature","properties":{"campus_id":"tufts-university--boston-campus","institution_id":"tufts-university","institution":"Tufts University","campus":"Boston Campus","address":"145 Harrison Avenue","city":"Boston","zip_code":"02111","telephone":"(617) 636-7000","website":"http://medicine.tufts.edu/","institution_type":"PRI","category":"Research University","degrees_offered":"C, B, PBC, M, PMC, D","awards_offered":"Less than one year certificate;Bachelor's degree;Postbaccalaureate certificate;Master's degree;Post-master's certificate;Doctor's degree - research/scholarship;Doctor's degree - professional practice","largest_program":null,"campus_setting":"Suburb: Large","campus_housing":"Yes","nces_id":"168148","nces_type":"4-year, Private not-for-profit","source_municipality":"BOSTON","county_id":"25025","municipality_id":"35","cbsa_id":"14460"},"geometry":{"type":"Point","coordinates":[-71.062372,42.350164]}},{"type":"Feature","properties":{"campus_id":"tufts-university--medford-somerville-campus","institution_id":"tufts-university","institution":"Tufts University","campus":"Medford/Somerville Campus","address":"419 Boston Avenue","city":"Medford","zip_code":"02155","telephone":"(617) 628-5000","website":"http://www.tufts.edu","institution_type":"PRI","category":"Research University","degrees_offered":"C, B, PBC, M, PMC, D","awards_offered":"Less than one year certificate;Bachelor's degree;Postbaccalaureate certificate;Master's degree;Post-master's certificate;Doctor's degree - research/scholarship;Doctor's degree - professional practice","largest_program":null,"campus_setting":"Suburb: Large","campus_housing":"Yes","nces_id":"168148","nces_type":"4-year, Private not-for-profit","source_municipality":"MEDFORD","county_id":"25017","municipality_id":"176","cbsa_id":"14460"},"geometry":{"type":"Point","coordinates":[-71.118345,42.408517]}},{"type":"Feature","properties":{"campus_id":"tufts-university--school-of-veterinary-medicine","institution_id":"tufts-university","institution":"Tufts University","campus":"School of Veterinary Medicine","address":"200 Westboro Road","city":"North Grafton","zip_code":"01536","telephone":"(508) 839-7920","website":"http://vet.tufts.edu/","institution_type":"PRI","category":"Research University","degrees_offered":"C, B, PBC, M, PMC, D","awards_offered":"Less than one year certificate;Bachelor's degree;Postbaccalaureate certificate;Master's degree;Post-master's certificate;Doctor's degree - research/scholarship;Doctor's degree - professional practice","largest_program":null,"campus_setting":"Suburb: Large","campus_housing":"Yes","nces_id":"168148","nces_type":"4-year, Private not-for-profit","source_municipality":"GRAFTON","county_id":"25027","municipality_id":"110","cbsa_id":"49340"},"geometry":{"type":"Point","coordinates":[-71.677015,42.246222]}},{"type":"Feature","properties":{"campus_id":"university-of-massachusetts-amherst--main-campus","institution_id":"university-of-massachusetts-amherst","institution":"University of Massachusetts Amherst","campus":"Main Campus","address":"181 Presidents Drive","city":"Amherst","zip_code":"01003","telephone":"(413) 545-0111","website":"http://www.umass.edu","institution_type":"PUB","category":"University of Massachusetts","degrees_offered":"C, A, B, PBC, M, D","awards_offered":"Less than one year certificate;Associate's degree;Bachelor's degree;Postbaccalaureate certificate;Master's degree;Post-master's certificate;Doctor's degree - research/scholarship;Doctor's degree - professional practice","largest_program":null,"campus_setting":"Suburb: Large","campus_housing":"Yes","nces_id":"166629","nces_type":"4-year, Public","source_municipality":"AMHERST","county_id":"25015","municipality_id":"8","cbsa_id":"11200"},"geometry":{"type":"Point","coordinates":[-72.526613,42.385975]}},{"type":"Feature","properties":{"campus_id":"university-of-massachusetts-boston--boston","institution_id":"university-of-massachusetts-boston","institution":"University of Massachusetts Boston","campus":"Boston","address":"100 Morrissey Boulevard","city":"Boston","zip_code":"02125","telephone":"(617) 287-5000","website":"http://www.umb.edu","institution_type":"PUB","category":"University of Massachusetts","degrees_offered":"C, B, PBC, M, PMC, D","awards_offered":"Less than one year certificate;Bachelor's degree;Postbaccalaureate certificate;Master's degree;Post-master's certificate;Doctor's degree - research/scholarship;Doctor's degree - professional practice","largest_program":null,"campus_setting":"City: Large","campus_housing":"Yes","nces_id":"166638","nces_type":"4-year, Public","source_municipality":"BOSTON","county_id":"25025","municipality_id":"35","cbsa_id":"14460"},"geometry":{"type":"Point","coordinates":[-71.039745,42.314319]}},{"type":"Feature","properties":{"campus_id":"university-of-massachusetts-chan-medical-school--worcester","institution_id":"university-of-massachusetts-chan-medical-school","institution":"University of Massachusetts Chan Medical School","campus":"Worcester","address":"55 Lake Avenue North","city":"Worcester","zip_code":"01655","telephone":"(508) 856-1542","website":"http://www.umassmed.edu","institution_type":"PUB","category":"University of Massachusetts","degrees_offered":"M, PMC, D","awards_offered":"Master's degree;Post-master's certificate;Doctor's degree - research/scholarship;Doctor's degree - professional practice","largest_program":"Medicine & Biomedical Science","campus_setting":"City: Midsize","campus_housing":"No","nces_id":"166708","nces_type":"4-year, Public","source_municipality":"WORCESTER","county_id":"25027","municipality_id":"348","cbsa_id":"49340"},"geometry":{"type":"Point","coordinates":[-71.761762,42.277619]}},{"type":"Feature","properties":{"campus_id":"university-of-massachusetts-dartmouth--dartmouth","institution_id":"university-of-massachusetts-dartmouth","institution":"University of Massachusetts Dartmouth","campus":"Dartmouth","address":"285 Old Westport Road","city":"North Dartmouth","zip_code":"02747","telephone":"(508) 999-8000","website":"http://www.umassd.edu","institution_type":"PUB","category":"University of Massachusetts","degrees_offered":"C, B, PBC, M, PMC, D","awards_offered":"Less than one year certificate;One but less than two years certificate;Bachelor's degree;Postbaccalaureate certificate;Master's degree;Post-master's certificate;Doctor's degree - research/scholarship;Doctor's degree - professional practice","largest_program":null,"campus_setting":"Suburb: Midsize","campus_housing":"Yes","nces_id":"167987","nces_type":"4-year, Public","source_municipality":"DARTMOUTH","county_id":"25005","municipality_id":"72","cbsa_id":"39300"},"geometry":{"type":"Point","coordinates":[-71.005551,41.62993]}},{"type":"Feature","properties":{"campus_id":"university-of-massachusetts-dartmouth-center-for-innovation-and-entrepreneurship--fall-river","institution_id":"university-of-massachusetts-dartmouth-center-for-innovation-and-entrepreneurship","institution":"University of Massachusetts Dartmouth Center for Innovation and Entrepreneurship","campus":"Fall River","address":"151 Martine Street","city":"Fall River","zip_code":"02723","telephone":"(508) 910-9800","website":"https://www.umassd.edu/innovate/","institution_type":"PUB","category":"University of Massachusetts","degrees_offered":"C, B, PBC, M, PMC, D","awards_offered":"Less than one year certificate;One but less than two years certificate;Bachelor's degree;Postbaccalaureate certificate;Master's degree;Post-master's certificate;Doctor's degree - research/scholarship;Doctor's degree - professional practice","largest_program":"Innovation & Entrepreneurship","campus_setting":"Suburb: Midsize","campus_housing":"Yes","nces_id":"167987","nces_type":"4-year, Public","source_municipality":"FALL RIVER","county_id":"25005","municipality_id":"95","cbsa_id":"39300"},"geometry":{"type":"Point","coordinates":[-71.127399,41.680377]}},{"type":"Feature","properties":{"campus_id":"university-of-massachusetts-dartmouth-school-for-marine-science-and-technology--new-bedford-east","institution_id":"university-of-massachusetts-dartmouth-school-for-marine-science-and-technology","institution":"University of Massachusetts Dartmouth School for Marine Science and Technology","campus":"New Bedford - East","address":"836 South Rodney French Boulevard","city":"New Bedford","zip_code":"02744","telephone":"(508) 999-8193","website":"http://www.umassd.edu/smast/","institution_type":"PUB","category":"University of Massachusetts","degrees_offered":"C, B, PBC, M, PMC, D","awards_offered":"Less than one year certificate;One but less than two years certificate;Bachelor's degree;Postbaccalaureate certificate;Master's degree;Post-master's certificate;Doctor's degree - research/scholarship;Doctor's degree - professional practice","largest_program":"Marine Science & Technology","campus_setting":"Suburb: Midsize","campus_housing":"Yes","nces_id":"167987","nces_type":"4-year, Public","source_municipality":"NEW BEDFORD","county_id":"25005","municipality_id":"201","cbsa_id":"39300"},"geometry":{"type":"Point","coordinates":[-70.906684,41.596028]}},{"type":"Feature","properties":{"campus_id":"university-of-massachusetts-dartmouth-school-for-marine-science-and-technology--new-bedford-west","institution_id":"university-of-massachusetts-dartmouth-school-for-marine-science-and-technology","institution":"University of Massachusetts Dartmouth School for Marine Science and Technology","campus":"New Bedford - West","address":"706 South Rodney French Boulevard","city":"New Bedford","zip_code":"02744","telephone":"(508) 999-8193","website":"http://www.umassd.edu/smast/","institution_type":"PUB","category":"University of Massachusetts","degrees_offered":"C, B, PBC, M, PMC, D","awards_offered":"Less than one year certificate;One but less than two years certificate;Bachelor's degree;Postbaccalaureate certificate;Master's degree;Post-master's certificate;Doctor's degree - research/scholarship;Doctor's degree - professional practice","largest_program":"Marine Science & Technology","campus_setting":"Suburb: Midsize","campus_housing":"Yes","nces_id":"167987","nces_type":"4-year, Public","source_municipality":"NEW BEDFORD","county_id":"25005","municipality_id":"201","cbsa_id":"39300"},"geometry":{"type":"Point","coordinates":[-70.910282,41.595114]}},{"type":"Feature","properties":{"campus_id":"university-of-massachusetts-lowell--lowell","institution_id":"university-of-massachusetts-lowell","institution":"University of Massachusetts Lowell","campus":"Lowell","address":"1 University Avenue","city":"Lowell","zip_code":"01854","telephone":"(978) 934-4000","website":"http://www.uml.edu","institution_type":"PUB","category":"University of Massachusetts","degrees_offered":"C, A, B, PBC, M, PMC, D","awards_offered":"Less than one year certificate;Associate's degree;Bachelor's degree;Postbaccalaureate certificate;Master's degree;Post-master's certificate;Doctor's degree - research/scholarship;Doctor's degree - professional practice","largest_program":null,"campus_setting":"Suburb: Large","campus_housing":"Yes","nces_id":"166513","nces_type":"4-year, Public","source_municipality":"LOWELL","county_id":"25017","municipality_id":"160","cbsa_id":"14460"},"geometry":{"type":"Point","coordinates":[-71.324943,42.654778]}},{"type":"Feature","properties":{"campus_id":"university-of-massachusetts-nantucket-field-station--nantucket-field-station","institution_id":"university-of-massachusetts-nantucket-field-station","institution":"University of Massachusetts Nantucket Field Station","campus":"Nantucket Field Station","address":"180 Polpis Road","city":"Nantucket","zip_code":"02554","telephone":"(508) 228-9475","website":"https://www.umb.edu/nantucket/","institution_type":"PUB","category":"University of Massachusetts","degrees_offered":"M, D","awards_offered":"Less than one year certificate;Bachelor's degree;Postbaccalaureate certificate;Master's degree;Post-master's certificate;Doctor's degree - research/scholarship;Doctor's degree - professional practice","largest_program":"Intercampus Marine Science Graduate Program","campus_setting":"City: Large","campus_housing":"Yes","nces_id":"166638","nces_type":"4-year, Public","source_municipality":"NANTUCKET","county_id":"25019","municipality_id":"197","cbsa_id":"34880"},"geometry":{"type":"Point","coordinates":[-70.040486,41.29603]}},{"type":"Feature","properties":{"campus_id":"university-of-massachusetts-school-of-law--umass-dartmouth","institution_id":"university-of-massachusetts-school-of-law","institution":"University of Massachusetts School of Law","campus":"UMass Dartmouth","address":"333 Faunce Corner Road","city":"North Dartmouth","zip_code":"02747","telephone":"(508) 999-8000","website":"http://www.umassd.edu/law/","institution_type":"PUB","category":"University of Massachusetts","degrees_offered":"D","awards_offered":"Less than one year certificate;One but less than two years certificate;Bachelor's degree;Postbaccalaureate certificate;Master's degree;Post-master's certificate;Doctor's degree - research/scholarship;Doctor's degree - professional practice","largest_program":"Law","campus_setting":"Suburb: Midsize","campus_housing":"No","nces_id":"167987","nces_type":"4-year, Public","source_municipality":"DARTMOUTH","county_id":"25005","municipality_id":"72","cbsa_id":"39300"},"geometry":{"type":"Point","coordinates":[-70.988091,41.661374]}},{"type":"Feature","properties":{"campus_id":"upper-cape-cod-regional-vocational-technical-school-practical-nursing-program","institution_id":"upper-cape-cod-regional-vocational-technical-school-practical-nursing-program","institution":"Upper Cape Cod Regional Vocational Technical School Practical Nursing Program","campus":null,"address":"220 Sandwich Road","city":"Bourne","zip_code":"02532","telephone":"(508) 759-7711","website":"http://www.uctpracticalnursing.com/","institution_type":"PUB","category":"Medical Program","degrees_offered":"C","awards_offered":"One but less than two years certificate","largest_program":"Licensed Practical/Vocational Nurse Training","campus_setting":"Suburb: Midsize","campus_housing":"No","nces_id":"373711","nces_type":"< 2-year, Public","source_municipality":"BOURNE","county_id":"25001","municipality_id":"36","cbsa_id":"12700"},"geometry":{"type":"Point","coordinates":[-70.578732,41.745276]}},{"type":"Feature","properties":{"campus_id":"urban-college-of-boston","institution_id":"urban-college-of-boston","institution":"Urban College of Boston","campus":null,"address":"2 Boylston Street","city":"Boston","zip_code":"02116","telephone":"(617) 292-4723","website":"http://www.urbancollege.edu","institution_type":"PRI","category":"Adult Education","degrees_offered":"C, A","awards_offered":"Less than one year certificate;Associate's degree","largest_program":null,"campus_setting":"City: Large","campus_housing":"No","nces_id":"429128","nces_type":"2-year, Private not-for-profit","source_municipality":"BOSTON","county_id":"25025","municipality_id":"35","cbsa_id":"14460"},"geometry":{"type":"Point","coordinates":[-71.06419,42.352905]}},{"type":"Feature","properties":{"campus_id":"vip-beauty-academy","institution_id":"vip-beauty-academy","institution":"VIP Beauty Academy","campus":null,"address":"100 Water Street","city":"Lawrence","zip_code":"01841","telephone":"(978) 683-0407","website":"https://www.facebook.com/vip.hair.nails.academy/","institution_type":"PRI","category":"Private Vocational School","degrees_offered":"C","awards_offered":null,"largest_program":"Cosmetology","campus_setting":"Suburb: Midsize","campus_housing":"No","nces_id":null,"nces_type":"< 2-year, Private for-profit","source_municipality":"LAWRENCE","county_id":"25009","municipality_id":"149","cbsa_id":"14460"},"geometry":{"type":"Point","coordinates":[-71.169936,42.700415]}},{"type":"Feature","properties":{"campus_id":"wellesley-college","institution_id":"wellesley-college","institution":"Wellesley College","campus":null,"address":"106 Central Street","city":"Wellesley","zip_code":"02481","telephone":"(781) 283-1000","website":"http://www.wellesley.edu","institution_type":"PRI","category":"Women's Liberal Arts College","degrees_offered":"B","awards_offered":"Bachelor's degree","largest_program":null,"campus_setting":"Suburb: Large","campus_housing":"Yes","nces_id":"168218","nces_type":"4-year, Private not-for-profit","source_municipality":"WELLESLEY","county_id":"25021","municipality_id":"317","cbsa_id":"14460"},"geometry":{"type":"Point","coordinates":[-71.3058,42.29351]}},{"type":"Feature","properties":{"campus_id":"wentworth-institute-of-technology","institution_id":"wentworth-institute-of-technology","institution":"Wentworth Institute of Technology","campus":null,"address":"550 Huntington Avenue","city":"Boston","zip_code":"02115","telephone":"(617) 442-9010","website":"http://www.wit.edu","institution_type":"PRI","category":"Technical College","degrees_offered":"C, A, B, M","awards_offered":"Less than one year certificate;Associate's degree;Bachelor's degree;Master's degree","largest_program":"Engineering","campus_setting":"City: Large","campus_housing":"Yes","nces_id":"168227","nces_type":"4-year, Private not-for-profit","source_municipality":"BOSTON","county_id":"25025","municipality_id":"35","cbsa_id":"14460"},"geometry":{"type":"Point","coordinates":[-71.095248,42.336871]}},{"type":"Feature","properties":{"campus_id":"western-new-england-university","institution_id":"western-new-england-university","institution":"Western New England University","campus":null,"address":"1215 Wilbraham Road","city":"Springfield","zip_code":"01119","telephone":"(413) 782-3111","website":"http://www1.wne.edu","institution_type":"PRI","category":"Private University","degrees_offered":"C, A, B, PBC, M, D","awards_offered":"Less than one year certificate;Associate's degree;Bachelor's degree;Postbaccalaureate certificate;Master's degree;Doctor's degree - research/scholarship;Doctor's degree - professional practice","largest_program":null,"campus_setting":"City: Midsize","campus_housing":"Yes","nces_id":"168254","nces_type":"4-year, Private not-for-profit","source_municipality":"SPRINGFIELD","county_id":"25013","municipality_id":"281","cbsa_id":"44140"},"geometry":{"type":"Point","coordinates":[-72.520669,42.116113]}},{"type":"Feature","properties":{"campus_id":"westfield-state-university","institution_id":"westfield-state-university","institution":"Westfield State University","campus":null,"address":"577 Western Avenue","city":"Westfield","zip_code":"01086","telephone":"(413) 572-5300","website":"http://www.westfield.ma.edu","institution_type":"PUB","category":"State University","degrees_offered":"B, PBC, M, PMC","awards_offered":"Bachelor's degree;Postbaccalaureate certificate;Master's degree;Post-master's certificate","largest_program":"Education","campus_setting":"Suburb: Large","campus_housing":"Yes","nces_id":"168263","nces_type":"4-year, Public","source_municipality":"WESTFIELD","county_id":"25013","municipality_id":"329","cbsa_id":"44140"},"geometry":{"type":"Point","coordinates":[-72.795547,42.13248]}},{"type":"Feature","properties":{"campus_id":"wheaton-college","institution_id":"wheaton-college","institution":"Wheaton College","campus":null,"address":"26 East Main Street","city":"Norton","zip_code":"02766","telephone":"(508) 286-7722","website":"http://www.wheatoncollege.edu","institution_type":"PRI","category":"Liberal Arts College","degrees_offered":"B","awards_offered":"Bachelor's degree","largest_program":null,"campus_setting":"Suburb: Large","campus_housing":"Yes","nces_id":"168281","nces_type":"4-year, Private not-for-profit","source_municipality":"NORTON","county_id":"25005","municipality_id":"218","cbsa_id":"39300"},"geometry":{"type":"Point","coordinates":[-71.184251,41.966094]}},{"type":"Feature","properties":{"campus_id":"william-james-college","institution_id":"william-james-college","institution":"William James College","campus":null,"address":"1 Wells Avenue","city":"Newton","zip_code":"02459","telephone":"(617) 327-6777","website":"http://www.williamjames.edu/","institution_type":"PRI","category":"Private College","degrees_offered":"B, PBC, M, D","awards_offered":"Bachelor's degree;Postbaccalaureate certificate;Master's degree;Post-master's certificate;Doctor's degree - professional practice","largest_program":"Psychology","campus_setting":"City: Small","campus_housing":"No","nces_id":"166717","nces_type":"4-year, Private not-for-profit","source_municipality":"NEWTON","county_id":"25017","municipality_id":"207","cbsa_id":"14460"},"geometry":{"type":"Point","coordinates":[-71.203293,42.295057]}},{"type":"Feature","properties":{"campus_id":"williams-college","institution_id":"williams-college","institution":"Williams College","campus":null,"address":"880 Main Street","city":"Williamstown","zip_code":"01267","telephone":"(413) 597-2211","website":"http://www.williams.edu","institution_type":"PRI","category":"Liberal Arts College","degrees_offered":"B, M","awards_offered":"Bachelor's degree;Master's degree","largest_program":null,"campus_setting":"Town: Fringe","campus_housing":"Yes","nces_id":"168342","nces_type":"4-year, Private not-for-profit","source_municipality":"WILLIAMSTOWN","county_id":"25003","municipality_id":"341","cbsa_id":"38340"},"geometry":{"type":"Point","coordinates":[-73.20294,42.712773]}},{"type":"Feature","properties":{"campus_id":"woburn-electrical-school","institution_id":"woburn-electrical-school","institution":"Woburn Electrical School","campus":null,"address":"14 Orange Street","city":"Woburn","zip_code":"01801","telephone":"(781) 223-1924","website":"http://woburnelectricalschool.com/","institution_type":"PRI","category":"Private Occupational Program","degrees_offered":"C","awards_offered":null,"largest_program":"Electrician","campus_setting":"Suburb: Large","campus_housing":"No","nces_id":null,"nces_type":"< 2-year, Private for-profit","source_municipality":"WOBURN","county_id":"25017","municipality_id":"347","cbsa_id":"14460"},"geometry":{"type":"Point","coordinates":[-71.125064,42.483825]}},{"type":"Feature","properties":{"campus_id":"worcester-polytechnic-institute","institution_id":"worcester-polytechnic-institute","institution":"Worcester Polytechnic Institute","campus":null,"address":"100 Institute Road","city":"Worcester","zip_code":"01609","telephone":"(508) 831-5000","website":"http://www.wpi.edu","institution_type":"PRI","category":"Research University","degrees_offered":"B, PBC, M, D","awards_offered":"Bachelor's degree;Postbaccalaureate certificate;Master's degree;Post-master's certificate;Doctor's degree - research/scholarship","largest_program":"Technical Program","campus_setting":"City: Midsize","campus_housing":"Yes","nces_id":"168421","nces_type":"4-year, Private not-for-profit","source_municipality":"WORCESTER","county_id":"25027","municipality_id":"348","cbsa_id":"49340"},"geometry":{"type":"Point","coordinates":[-71.809636,42.273809]}},{"type":"Feature","properties":{"campus_id":"worcester-state-university","institution_id":"worcester-state-university","institution":"Worcester State University","campus":null,"address":"486 Chandler Street","city":"Worcester","zip_code":"01602","telephone":"(508) 929-8000","website":"http://www.worcester.edu","institution_type":"PUB","category":"State University","degrees_offered":"B, PBC, M, PMC","awards_offered":"Less than one year certificate;Bachelor's degree;Postbaccalaureate certificate;Master's degree;Post-master's certificate","largest_program":"Education","campus_setting":"City: Midsize","campus_housing":"Yes","nces_id":"168430","nces_type":"4-year, Public","source_municipality":"WORCESTER","county_id":"25027","municipality_id":"348","cbsa_id":"49340"},"geometry":{"type":"Point","coordinates":[-71.842213,42.268678]}}]}
