{"type":"FeatureCollection","features":[{"type":"Feature","properties":{"area_id":"1","layer":"municipality","name":"Abington","municipality_type":"town","county_id":"25023"},"geometry":{"type":"Polygon","coordinates":[[[-70.946839,42.094543],[-70.976529,42.087205],[-70.975388,42.087504],[-70.97499,42.087939],[-70.975871,42.08974],[-70.975445,42.090183],[-70.975587,42.090603],[-70.97525,42.090702],[-70.975227,42.091716],[-70.975703,42.092358],[-70.975181,42.094824],[-70.975533,42.095324],[-70.975073,42.096238],[-70.975955,42.098317],[-70.976675,42.098715],[-70.977175,42.099789],[-70.977145,42.100262],[-70.976717,42.100544],[-70.977059,42.101108],[-70.976688,42.101867],[-70.976726,42.102667],[-70.977374,42.104352],[-70.977875,42.104777],[-70.977365,42.105782],[-70.977926,42.106507],[-70.978131,42.107871],[-70.978747,42.108469],[-70.980664,42.109264],[-70.98054,42.109935],[-70.980957,42.110957],[-70.979874,42.111633],[-70.978915,42.112913],[-70.978975,42.113883],[-70.979118,42.114086],[-70.998632,42.111632],[-71.001975,42.126535],[-71.002153,42.127313],[-70.981268,42.135521],[-70.940764,42.151381],[-70.931488,42.116558],[-70.915909,42.100132],[-70.946839,42.094543]]]}},{"type":"Feature","properties":{"area_id":"2","layer":"municipality","name":"Acton","municipality_type":"town","county_id":"25017"},"geometry":{"type":"Polygon","coordinates":[[[-71.430395,42.436948],[-71.464329,42.450329],[-71.498548,42.463784],[-71.47353,42.500186],[-71.44394,42.509069],[-71.435018,42.522179],[-71.428535,42.528812],[-71.423796,42.526198],[-71.399515,42.534025],[-71.397947,42.526345],[-71.391564,42.506829],[-71.384948,42.504473],[-71.430395,42.436948]]]}},{"type":"Feature","properties":{"area_id":"3","layer":"municipality","name":"Acushnet","municipality_type":"town","county_id":"25005"},"geometry":{"type":"Polygon","coordinates":[[[-70.858207,41.681155],[-70.889645,41.66851],[-70.914946,41.664299],[-70.914893,41.664933],[-70.915735,41.665502],[-70.916345,41.666472],[-70.915956,41.669485],[-70.915451,41.670148],[-70.915895,41.670765],[-70.915202,41.672101],[-70.913928,41.672039],[-70.913675,41.672289],[-70.913625,41.672824],[-70.914341,41.673598],[-70.913902,41.674769],[-70.9134,41.674913],[-70.912649,41.674302],[-70.912587,41.674584],[-70.913209,41.675805],[-70.914793,41.676387],[-70.91497,41.677188],[-70.916001,41.677151],[-70.916774,41.67851],[-70.91657,41.679356],[-70.917128,41.680718],[-70.919066,41.681853],[-70.91943,41.68179],[-70.919739,41.683593],[-70.920601,41.684557],[-70.922605,41.68581],[-70.923571,41.685756],[-70.942985,41.744672],[-70.922223,41.75485],[-70.923221,41.755661],[-70.924012,41.755638],[-70.924914,41.756599],[-70.926147,41.757026],[-70.926425,41.757626],[-70.926316,41.758853],[-70.907184,41.76355],[-70.904439,41.758008],[-70.88644,41.760241],[-70.865004,41.700172],[-70.858207,41.681155]]]}},{"type":"Feature","properties":{"area_id":"4","layer":"municipality","name":"Adams","municipality_type":"town","county_id":"25003"},"geometry":{"type":"Polygon","coordinates":[[[-73.063644,42.649807],[-73.067522,42.594051],[-73.084303,42.594768],[-73.174284,42.598516],[-73.171545,42.628715],[-73.169759,42.660182],[-73.063283,42.654712],[-73.063644,42.649807]]]}},{"type":"Feature","properties":{"area_id":"5","layer":"municipality","name":"Agawam","municipality_type":"town with city form of government","county_id":"25013"},"geometry":{"type":"Polygon","coordinates":[[[-72.58562,42.090029],[-72.584913,42.088852],[-72.584114,42.087006],[-72.582581,42.080367],[-72.582673,42.079527],[-72.583615,42.078092],[-72.587003,42.07514],[-72.589384,42.072199],[-72.591814,42.06957],[-72.600522,42.057662],[-72.606223,42.04821],[-72.607338,42.044865],[-72.607929,42.039613],[-72.607975,42.031092],[-72.640192,42.032056],[-72.672925,42.035195],[-72.699331,42.036966],[-72.714562,42.036919],[-72.713121,42.038916],[-72.712462,42.041233],[-72.71262,42.043949],[-72.711618,42.04808],[-72.708076,42.055551],[-72.707632,42.059254],[-72.708079,42.064493],[-72.70615,42.073476],[-72.706731,42.0738],[-72.70599,42.080806],[-72.705652,42.082153],[-72.702868,42.087742],[-72.701965,42.091047],[-72.696308,42.102358],[-72.695694,42.103089],[-72.69546,42.104764],[-72.694861,42.105891],[-72.688687,42.106243],[-72.684422,42.10715],[-72.68297,42.106803],[-72.682625,42.106083],[-72.682521,42.102855],[-72.68188,42.101012],[-72.681444,42.100705],[-72.68018,42.100972],[-72.676216,42.100257],[-72.675718,42.098421],[-72.67397,42.096393],[-72.673247,42.094871],[-72.670462,42.093429],[-72.669104,42.09221],[-72.667583,42.0899],[-72.666319,42.086576],[-72.66417,42.084856],[-72.663012,42.084317],[-72.661781,42.084559],[-72.66096,42.086121],[-72.660799,42.086994],[-72.661337,42.08864],[-72.661359,42.089864],[-72.660144,42.093419],[-72.65834,42.096125],[-72.657261,42.096867],[-72.655221,42.097537],[-72.651784,42.097875],[-72.649257,42.098888],[-72.647108,42.09927],[-72.643502,42.099388],[-72.638636,42.09882],[-72.636568,42.099194],[-72.634186,42.100508],[-72.631194,42.100439],[-72.630657,42.100009],[-72.629517,42.097341],[-72.629835,42.096631],[-72.630849,42.095923],[-72.631092,42.095177],[-72.628976,42.091142],[-72.627279,42.089991],[-72.619953,42.08754],[-72.613554,42.087553],[-72.609546,42.088619],[-72.605701,42.087825],[-72.601082,42.086005],[-72.60074,42.086261],[-72.598845,42.093182],[-72.598524,42.093437],[-72.594921,42.093796],[-72.591765,42.092031],[-72.588523,42.093244],[-72.58562,42.090029]]]}},{"type":"Feature","properties":{"area_id":"6","layer":"municipality","name":"Alford","municipality_type":"town","county_id":"25003"},"geometry":{"type":"Polygon","coordinates":[[[-73.39624,42.225046],[-73.414362,42.225241],[-73.414096,42.212733],[-73.460142,42.217556],[-73.431298,42.296153],[-73.415422,42.292028],[-73.415499,42.279787],[-73.400008,42.272521],[-73.40245,42.258549],[-73.39624,42.225046]]]}},{"type":"Feature","properties":{"area_id":"7","layer":"municipality","name":"Amesbury","municipality_type":"city","county_id":"25009"},"geometry":{"type":"Polygon","coordinates":[[[-70.908485,42.83375],[-70.911218,42.834272],[-70.913298,42.835561],[-70.915004,42.839734],[-70.916209,42.841117],[-70.917732,42.841639],[-70.920395,42.841299],[-70.92299,42.840227],[-70.925009,42.838647],[-70.928805,42.834563],[-70.931684,42.832083],[-70.933889,42.828026],[-70.937018,42.825617],[-70.938945,42.823335],[-70.940296,42.822557],[-70.945753,42.820689],[-70.957898,42.819721],[-70.961462,42.819903],[-70.963573,42.820344],[-70.969165,42.822472],[-70.979794,42.844871],[-71.004902,42.863356],[-70.967018,42.868809],[-70.949051,42.876169],[-70.929596,42.88504],[-70.914631,42.886656],[-70.899833,42.847395],[-70.90426,42.833902],[-70.908485,42.83375]]]}},{"type":"Feature","properties":{"area_id":"8","layer":"municipality","name":"Amherst","municipality_type":"town","county_id":"25015"},"geometry":{"type":"Polygon","coordinates":[[[-72.47229,42.351487],[-72.464195,42.308061],[-72.479695,42.306911],[-72.483101,42.305328],[-72.487765,42.304716],[-72.493588,42.302278],[-72.498035,42.305128],[-72.499119,42.306272],[-72.500747,42.305175],[-72.504152,42.30548],[-72.506666,42.306397],[-72.521422,42.302192],[-72.524675,42.303164],[-72.527969,42.301464],[-72.531213,42.303634],[-72.535152,42.304261],[-72.537998,42.320183],[-72.540903,42.319645],[-72.535787,42.359981],[-72.536781,42.359875],[-72.536464,42.365131],[-72.535467,42.36525],[-72.531588,42.401508],[-72.546777,42.400095],[-72.544201,42.427159],[-72.53097,42.428862],[-72.489892,42.433825],[-72.483688,42.40749],[-72.47229,42.351487]]]}},{"type":"Feature","properties":{"area_id":"9","layer":"municipality","name":"Andover","municipality_type":"town","county_id":"25009"},"geometry":{"type":"Polygon","coordinates":[[[-71.185503,42.675872],[-71.151213,42.681716],[-71.134538,42.676822],[-71.128813,42.674453],[-71.076168,42.604145],[-71.135406,42.599088],[-71.141203,42.603216],[-71.143187,42.604038],[-71.148653,42.613177],[-71.15442,42.615277],[-71.156565,42.614985],[-71.158598,42.612991],[-71.159518,42.607668],[-71.160668,42.605327],[-71.16391,42.60186],[-71.164879,42.59803],[-71.18135,42.608382],[-71.182047,42.608455],[-71.180455,42.60884],[-71.180684,42.608555],[-71.180249,42.608531],[-71.179978,42.608965],[-71.180456,42.609344],[-71.179199,42.608754],[-71.179477,42.609441],[-71.178211,42.609286],[-71.178524,42.608687],[-71.177496,42.608967],[-71.178036,42.609649],[-71.177266,42.610063],[-71.177404,42.61064],[-71.178426,42.610974],[-71.178072,42.61135],[-71.177202,42.611391],[-71.177501,42.611651],[-71.177184,42.612487],[-71.177954,42.613193],[-71.176854,42.613185],[-71.176926,42.614116],[-71.176117,42.61462],[-71.172692,42.615154],[-71.172216,42.615573],[-71.172207,42.616287],[-71.171757,42.616554],[-71.256189,42.657154],[-71.250763,42.66079],[-71.24948,42.661109],[-71.245455,42.661204],[-71.242491,42.662355],[-71.241377,42.663758],[-71.240398,42.666738],[-71.238179,42.669428],[-71.234091,42.67252],[-71.228664,42.679221],[-71.22565,42.685791],[-71.224623,42.693942],[-71.221368,42.698283],[-71.219821,42.699815],[-71.218174,42.700639],[-71.216426,42.701052],[-71.212799,42.701196],[-71.202329,42.698896],[-71.19455,42.698392],[-71.190986,42.697438],[-71.188858,42.696274],[-71.185503,42.675872]]]}},{"type":"Feature","properties":{"area_id":"10","layer":"municipality","name":"Arlington","municipality_type":"town","county_id":"25017"},"geometry":{"type":"Polygon","coordinates":[[[-71.146846,42.425399],[-71.145185,42.422806],[-71.142668,42.421867],[-71.142965,42.42007],[-71.14276,42.419361],[-71.141544,42.418393],[-71.140085,42.416441],[-71.138459,42.415525],[-71.136291,42.415154],[-71.134208,42.415475],[-71.132436,42.415228],[-71.132887,42.411981],[-71.132224,42.409532],[-71.134287,42.406413],[-71.134636,42.404268],[-71.135006,42.402636],[-71.136304,42.401],[-71.137859,42.400315],[-71.140373,42.399839],[-71.143588,42.397418],[-71.152057,42.401049],[-71.152245,42.400824],[-71.156321,42.402543],[-71.158084,42.40257],[-71.160627,42.403985],[-71.162533,42.404478],[-71.164056,42.405314],[-71.164204,42.405559],[-71.163794,42.405771],[-71.171577,42.408474],[-71.177152,42.410116],[-71.1839,42.411433],[-71.194291,42.415329],[-71.194516,42.414943],[-71.195298,42.415181],[-71.194244,42.413396],[-71.202643,42.414838],[-71.185559,42.432321],[-71.182278,42.436288],[-71.149887,42.435849],[-71.146846,42.425399]]]}},{"type":"Feature","properties":{"area_id":"11","layer":"municipality","name":"Ashburnham","municipality_type":"town","county_id":"25027"},"geometry":{"type":"Polygon","coordinates":[[[-71.897104,42.703736],[-71.869779,42.683656],[-71.865752,42.684119],[-71.863755,42.67956],[-71.864077,42.679566],[-71.857758,42.674991],[-71.856394,42.667652],[-71.858484,42.633824],[-71.858659,42.629033],[-71.882035,42.61992],[-71.880602,42.617348],[-71.883629,42.616359],[-71.883052,42.615334],[-71.892141,42.612476],[-71.892894,42.61377],[-71.895977,42.612773],[-71.895296,42.611612],[-71.910663,42.60671],[-71.91141,42.607876],[-71.912907,42.607429],[-71.912813,42.607826],[-71.928023,42.602019],[-71.945828,42.594914],[-71.950572,42.601703],[-71.948808,42.602531],[-71.951727,42.607567],[-71.9503,42.608089],[-71.952119,42.610706],[-71.956447,42.610281],[-71.975913,42.627523],[-71.986108,42.627764],[-71.986074,42.630025],[-71.981432,42.713237],[-71.898773,42.71132],[-71.897104,42.703736]]]}},{"type":"Feature","properties":{"area_id":"12","layer":"municipality","name":"Ashby","municipality_type":"town","county_id":"25017"},"geometry":{"type":"Polygon","coordinates":[[[-71.775757,42.644229],[-71.775326,42.636674],[-71.844845,42.637994],[-71.858484,42.633824],[-71.856394,42.667652],[-71.857758,42.674991],[-71.864077,42.679566],[-71.863755,42.67956],[-71.865752,42.684119],[-71.869779,42.683656],[-71.897104,42.703736],[-71.898773,42.71132],[-71.772552,42.70814],[-71.775757,42.644229]]]}},{"type":"Feature","properties":{"area_id":"13","layer":"municipality","name":"Ashfield","municipality_type":"town","county_id":"25011"},"geometry":{"type":"Polygon","coordinates":[[[-72.733106,42.562738],[-72.761759,42.463281],[-72.763793,42.463673],[-72.773602,42.465549],[-72.77333,42.46679],[-72.831495,42.477007],[-72.831567,42.476385],[-72.855634,42.480929],[-72.871137,42.48405],[-72.875162,42.50727],[-72.870322,42.525159],[-72.875463,42.525906],[-72.87666,42.531743],[-72.876851,42.541206],[-72.877028,42.555434],[-72.848455,42.559077],[-72.775373,42.568032],[-72.745432,42.564282],[-72.733106,42.562738]]]}},{"type":"Feature","properties":{"area_id":"14","layer":"municipality","name":"Ashland","municipality_type":"town","county_id":"25017"},"geometry":{"type":"Polygon","coordinates":[[[-71.418303,42.246513],[-71.420076,42.238133],[-71.467111,42.230782],[-71.475353,42.229493],[-71.486298,42.23126],[-71.486002,42.246969],[-71.522758,42.255216],[-71.522178,42.266463],[-71.520643,42.266606],[-71.518954,42.267721],[-71.514794,42.267751],[-71.51327,42.267379],[-71.511375,42.266012],[-71.510217,42.266165],[-71.510194,42.265395],[-71.508985,42.264495],[-71.507472,42.264109],[-71.506092,42.264401],[-71.505883,42.272946],[-71.497046,42.289837],[-71.460757,42.279072],[-71.419299,42.25729],[-71.418303,42.246513]]]}},{"type":"Feature","properties":{"area_id":"15","layer":"municipality","name":"Athol","municipality_type":"town","county_id":"25027"},"geometry":{"type":"Polygon","coordinates":[[[-72.15473,42.6201],[-72.156323,42.618746],[-72.157747,42.618049],[-72.170743,42.597006],[-72.167895,42.600153],[-72.163603,42.598298],[-72.161303,42.601078],[-72.158912,42.599434],[-72.157709,42.600142],[-72.157106,42.599464],[-72.159574,42.597038],[-72.160524,42.595075],[-72.162354,42.593756],[-72.165515,42.590317],[-72.163142,42.588864],[-72.167557,42.584887],[-72.175557,42.589878],[-72.185633,42.550351],[-72.196386,42.548929],[-72.244869,42.513448],[-72.269112,42.533434],[-72.271353,42.547236],[-72.273591,42.561008],[-72.276661,42.570447],[-72.276435,42.577383],[-72.275382,42.57673],[-72.274135,42.577006],[-72.273846,42.577442],[-72.274086,42.579113],[-72.273227,42.579351],[-72.271973,42.578551],[-72.271837,42.576945],[-72.27111,42.576167],[-72.270005,42.576346],[-72.268969,42.577763],[-72.267904,42.577876],[-72.265036,42.577526],[-72.263218,42.575886],[-72.261332,42.575929],[-72.267065,42.600821],[-72.265448,42.600966],[-72.262156,42.60026],[-72.260049,42.601151],[-72.259244,42.60226],[-72.258811,42.603729],[-72.257133,42.604249],[-72.25633,42.605131],[-72.253319,42.605345],[-72.254746,42.611622],[-72.242418,42.613407],[-72.242543,42.613812],[-72.241776,42.614114],[-72.239535,42.613797],[-72.238005,42.614722],[-72.236759,42.614161],[-72.23325,42.614352],[-72.231805,42.613945],[-72.230696,42.614823],[-72.229948,42.614397],[-72.229206,42.614605],[-72.227919,42.615636],[-72.227849,42.617979],[-72.228314,42.619128],[-72.227376,42.622029],[-72.228498,42.621666],[-72.229856,42.622098],[-72.228942,42.623598],[-72.229067,42.624008],[-72.230546,42.623791],[-72.231382,42.62428],[-72.231681,42.625194],[-72.23112,42.625905],[-72.229685,42.626297],[-72.229011,42.626072],[-72.227547,42.62668],[-72.227061,42.627247],[-72.2264,42.629235],[-72.225315,42.630435],[-72.22592,42.631786],[-72.226453,42.634955],[-72.22805,42.636257],[-72.229079,42.638363],[-72.224933,42.638945],[-72.167467,42.64652],[-72.164367,42.63262],[-72.158347,42.63322],[-72.15665,42.623608],[-72.154374,42.623847],[-72.15473,42.6201]]]}},{"type":"Feature","properties":{"area_id":"16","layer":"municipality","name":"Attleboro","municipality_type":"city","county_id":"25005"},"geometry":{"type":"Polygon","coordinates":[[[-71.208163,41.90886],[-71.222495,41.912252],[-71.30072,41.90367],[-71.338788,41.898601],[-71.381464,41.893554],[-71.38144,41.914829],[-71.335954,41.940795],[-71.268745,41.987314],[-71.259306,41.974214],[-71.208163,41.90886]]]}},{"type":"Feature","properties":{"area_id":"17","layer":"municipality","name":"Auburn","municipality_type":"town","county_id":"25027"},"geometry":{"type":"Polygon","coordinates":[[[-71.79633,42.209246],[-71.831505,42.164262],[-71.834925,42.159837],[-71.858097,42.160715],[-71.875803,42.170129],[-71.895137,42.192434],[-71.876172,42.215031],[-71.866011,42.225993],[-71.856633,42.226684],[-71.810035,42.231271],[-71.806752,42.223907],[-71.803835,42.220935],[-71.797141,42.210048],[-71.79633,42.209246]]]}},{"type":"Feature","properties":{"area_id":"18","layer":"municipality","name":"Avon","municipality_type":"town","county_id":"25021"},"geometry":{"type":"Polygon","coordinates":[[[-71.02721,42.132948],[-71.027584,42.127729],[-71.026954,42.123743],[-71.021859,42.118753],[-71.061314,42.10318],[-71.060336,42.106972],[-71.070974,42.132154],[-71.065039,42.138731],[-71.063847,42.140483],[-71.056512,42.153824],[-71.040121,42.137203],[-71.035091,42.135646],[-71.02721,42.132948]]]}},{"type":"Feature","properties":{"area_id":"19","layer":"municipality","name":"Ayer","municipality_type":"town","county_id":"25017"},"geometry":{"type":"Polygon","coordinates":[[[-71.520893,42.56432],[-71.523178,42.559836],[-71.524448,42.559673],[-71.524505,42.558701],[-71.525223,42.558476],[-71.525617,42.557703],[-71.526181,42.557743],[-71.527881,42.556235],[-71.5292,42.555915],[-71.529629,42.555222],[-71.532432,42.553806],[-71.533319,42.552916],[-71.533032,42.552735],[-71.542324,42.550344],[-71.53878,42.543039],[-71.580287,42.550476],[-71.58856,42.546304],[-71.591149,42.544504],[-71.594643,42.543379],[-71.602291,42.545213],[-71.607863,42.545388],[-71.619928,42.552511],[-71.615549,42.553654],[-71.612004,42.553698],[-71.61129,42.553977],[-71.610885,42.554535],[-71.61192,42.556587],[-71.612492,42.559197],[-71.611112,42.562147],[-71.609033,42.563974],[-71.608707,42.56537],[-71.606782,42.566167],[-71.606608,42.56652],[-71.611258,42.568387],[-71.611912,42.570288],[-71.611826,42.571304],[-71.612734,42.571949],[-71.614126,42.572124],[-71.61456,42.573277],[-71.615741,42.573933],[-71.61611,42.574704],[-71.61564,42.575119],[-71.613919,42.575235],[-71.613612,42.576474],[-71.612925,42.577031],[-71.609792,42.577931],[-71.60949,42.578393],[-71.609944,42.579788],[-71.609193,42.581224],[-71.606739,42.583211],[-71.605195,42.582456],[-71.603091,42.58203],[-71.602076,42.58208],[-71.601037,42.583032],[-71.51146,42.569392],[-71.520893,42.56432]]]}},{"type":"Feature","properties":{"area_id":"20","layer":"municipality","name":"Barnstable","municipality_type":"town with city form of government","county_id":"25001"},"geometry":{"type":"Polygon","coordinates":[[[-70.261301,41.706289],[-70.260471,41.704206],[-70.259626,41.692293],[-70.273698,41.649403],[-70.274901,41.65098],[-70.274725,41.651435],[-70.275076,41.651865],[-70.276607,41.651464],[-70.277421,41.650653],[-70.277399,41.649264],[-70.27629,41.649152],[-70.275918,41.648557],[-70.275984,41.647574],[-70.276955,41.646232],[-70.276795,41.645508],[-70.275569,41.64501],[-70.274089,41.645196],[-70.273297,41.644738],[-70.273647,41.643317],[-70.275971,41.64329],[-70.277109,41.642615],[-70.277697,41.6393],[-70.276856,41.636867],[-70.276244,41.636062],[-70.274584,41.634906],[-70.272165,41.633803],[-70.272466,41.632799],[-70.273388,41.631828],[-70.277826,41.634156],[-70.281294,41.635342],[-70.282232,41.634993],[-70.286012,41.6356],[-70.292003,41.63526],[-70.296077,41.634182],[-70.298982,41.632859],[-70.300154,41.631289],[-70.300442,41.629414],[-70.302497,41.629358],[-70.311356,41.627472],[-70.316897,41.625284],[-70.317815,41.625595],[-70.318993,41.626571],[-70.320194,41.628857],[-70.321484,41.630392],[-70.323838,41.631122],[-70.327558,41.633357],[-70.3317,41.634769],[-70.336459,41.635823],[-70.340673,41.636309],[-70.345168,41.636002],[-70.350792,41.634872],[-70.355401,41.633667],[-70.358192,41.632524],[-70.360325,41.63132],[-70.3612,41.63031],[-70.364582,41.627902],[-70.365316,41.626902],[-70.36479,41.625703],[-70.364926,41.624239],[-70.363686,41.623306],[-70.365077,41.622577],[-70.367679,41.619999],[-70.368066,41.618369],[-70.369601,41.616077],[-70.372056,41.614617],[-70.379518,41.611406],[-70.383539,41.610394],[-70.387322,41.608894],[-70.392632,41.607584],[-70.398295,41.606736],[-70.404137,41.607713],[-70.410807,41.607643],[-70.420889,41.606218],[-70.426793,41.60476],[-70.431253,41.606117],[-70.433997,41.608627],[-70.435488,41.608588],[-70.43658,41.607342],[-70.43687,41.606621],[-70.436696,41.605882],[-70.437325,41.60488],[-70.440649,41.601825],[-70.442839,41.598978],[-70.443161,41.59799],[-70.444338,41.596344],[-70.444847,41.59491],[-70.444252,41.59386],[-70.445447,41.590958],[-70.446629,41.590651],[-70.449172,41.58918],[-70.451243,41.589345],[-70.451208,41.588876],[-70.45168,41.588566],[-70.452425,41.589514],[-70.452666,41.588037],[-70.453554,41.587614],[-70.454701,41.58839],[-70.455201,41.589719],[-70.455334,41.591382],[-70.454604,41.594234],[-70.454927,41.595493],[-70.455574,41.59639],[-70.457922,41.597624],[-70.460364,41.59641],[-70.461815,41.596135],[-70.462828,41.596581],[-70.463425,41.59732],[-70.462577,41.598119],[-70.460535,41.598955],[-70.460583,41.599503],[-70.461869,41.600682],[-70.462213,41.601698],[-70.461551,41.602921],[-70.461631,41.603819],[-70.461185,41.604485],[-70.460922,41.606423],[-70.460303,41.606717],[-70.458356,41.606412],[-70.457304,41.606565],[-70.45689,41.607197],[-70.45686,41.608012],[-70.456019,41.608599],[-70.456056,41.610416],[-70.453553,41.610517],[-70.452615,41.611108],[-70.45231,41.612076],[-70.452646,41.614809],[-70.452382,41.615151],[-70.452242,41.614632],[-70.451756,41.61461],[-70.450583,41.615743],[-70.450363,41.617137],[-70.449936,41.617812],[-70.450412,41.618637],[-70.449463,41.618791],[-70.449132,41.619177],[-70.449203,41.619546],[-70.44973,41.619644],[-70.449417,41.620285],[-70.449745,41.620701],[-70.449338,41.620947],[-70.44897,41.620956],[-70.448947,41.621374],[-70.448607,41.6215],[-70.449057,41.622382],[-70.448745,41.622613],[-70.449239,41.623133],[-70.448956,41.623354],[-70.449705,41.624094],[-70.450103,41.625542],[-70.450796,41.626611],[-70.450703,41.627904],[-70.451524,41.629849],[-70.451295,41.630758],[-70.45159,41.632251],[-70.45223,41.632749],[-70.452465,41.634728],[-70.452739,41.635037],[-70.45596,41.634344],[-70.456435,41.635005],[-70.459728,41.633774],[-70.464568,41.632622],[-70.467599,41.634291],[-70.466304,41.637091],[-70.458477,41.63748],[-70.454357,41.639202],[-70.452557,41.638757],[-70.45319,41.639865],[-70.453238,41.641698],[-70.451713,41.642491],[-70.446515,41.650349],[-70.451059,41.656922],[-70.458737,41.66405],[-70.383283,41.740096],[-70.366813,41.73818],[-70.352357,41.736976],[-70.311999,41.73525],[-70.306421,41.735755],[-70.303007,41.735339],[-70.296986,41.73556],[-70.292249,41.735035],[-70.286567,41.733829],[-70.279622,41.729354],[-70.277345,41.726736],[-70.27318,41.725068],[-70.272819,41.724555],[-70.273033,41.723705],[-70.276348,41.723137],[-70.279791,41.721996],[-70.282232,41.722266],[-70.284105,41.723669],[-70.285203,41.724021],[-70.285535,41.724997],[-70.286116,41.725441],[-70.285854,41.727169],[-70.28723,41.727623],[-70.290959,41.724169],[-70.291417,41.721962],[-70.292345,41.720865],[-70.294809,41.721325],[-70.296707,41.720518],[-70.299009,41.720072],[-70.299753,41.720337],[-70.303932,41.72044],[-70.305314,41.720834],[-70.306941,41.721962],[-70.307957,41.724137],[-70.308701,41.725026],[-70.309226,41.726614],[-70.314256,41.727994],[-70.316276,41.726798],[-70.319563,41.726266],[-70.322383,41.725191],[-70.327251,41.725867],[-70.331218,41.724956],[-70.336247,41.725177],[-70.340818,41.723982],[-70.345621,41.724016],[-70.347714,41.723106],[-70.348075,41.72194],[-70.347235,41.720772],[-70.344725,41.720165],[-70.34222,41.718408],[-70.339581,41.718018],[-70.338158,41.717417],[-70.334806,41.716994],[-70.332777,41.714184],[-70.330207,41.713347],[-70.327871,41.711904],[-70.325194,41.711232],[-70.322845,41.709849],[-70.320963,41.709331],[-70.318471,41.709179],[-70.316079,41.710092],[-70.313199,41.709766],[-70.308071,41.710692],[-70.300468,41.709244],[-70.298673,41.709348],[-70.294467,41.710522],[-70.292187,41.710743],[-70.288464,41.710525],[-70.284188,41.709635],[-70.280045,41.709736],[-70.277429,41.710171],[-70.274054,41.712059],[-70.272039,41.711837],[-70.270825,41.712082],[-70.268611,41.713686],[-70.265133,41.71403],[-70.263038,41.71357],[-70.26132,41.71223],[-70.261403,41.711719],[-70.262752,41.710626],[-70.263059,41.709177],[-70.264431,41.708443],[-70.263681,41.707599],[-70.262325,41.707369],[-70.261301,41.706289]]]}},{"type":"Feature","properties":{"area_id":"21","layer":"municipality","name":"Barre","municipality_type":"town","county_id":"25027"},"geometry":{"type":"Polygon","coordinates":[[[-72.035082,42.403925],[-72.112469,42.356432],[-72.123669,42.363939],[-72.205151,42.417687],[-72.100934,42.483696],[-72.099689,42.484532],[-72.007386,42.421039],[-72.035082,42.403925]]]}},{"type":"Feature","properties":{"area_id":"22","layer":"municipality","name":"Becket","municipality_type":"town","county_id":"25003"},"geometry":{"type":"Polygon","coordinates":[[[-73.001851,42.251025],[-73.004296,42.251356],[-73.007868,42.238417],[-73.03626,42.236159],[-73.036826,42.240192],[-73.090903,42.234184],[-73.092574,42.245514],[-73.120706,42.243187],[-73.120505,42.244102],[-73.12136,42.245588],[-73.121326,42.246068],[-73.121979,42.24662],[-73.122884,42.248406],[-73.12265,42.249607],[-73.120691,42.251069],[-73.121212,42.252626],[-73.161562,42.247612],[-73.160886,42.286608],[-73.159944,42.304216],[-73.159469,42.329746],[-73.064298,42.339737],[-73.062887,42.32896],[-73.052657,42.324298],[-73.049017,42.321427],[-73.046676,42.320754],[-73.045446,42.319405],[-73.043198,42.319743],[-73.041875,42.320313],[-73.040752,42.320191],[-73.039631,42.318639],[-73.039319,42.315338],[-73.034956,42.312801],[-73.03283,42.310504],[-73.031283,42.30931],[-73.029399,42.308577],[-73.026238,42.307999],[-73.024925,42.309181],[-73.023304,42.309572],[-73.022074,42.309514],[-73.020148,42.308268],[-73.018243,42.309013],[-73.017105,42.310968],[-73.016536,42.311122],[-73.014332,42.309045],[-73.014218,42.308489],[-73.012743,42.306776],[-73.010538,42.304849],[-73.008777,42.304486],[-73.007612,42.304949],[-73.006612,42.304803],[-73.005355,42.305209],[-73.005212,42.305473],[-73.005814,42.305962],[-73.005818,42.306487],[-73.003552,42.307893],[-73.00355,42.30944],[-73.00207,42.310389],[-73.001806,42.312003],[-73.000268,42.312623],[-73.001851,42.251025]]]}},{"type":"Feature","properties":{"area_id":"23","layer":"municipality","name":"Bedford","municipality_type":"town","county_id":"25017"},"geometry":{"type":"Polygon","coordinates":[[[-71.240906,42.490022],[-71.251987,42.485025],[-71.256596,42.478508],[-71.261516,42.476255],[-71.272696,42.459713],[-71.27789,42.460719],[-71.277982,42.460244],[-71.279502,42.459686],[-71.280852,42.460177],[-71.281841,42.459649],[-71.282941,42.46118],[-71.289677,42.466191],[-71.298708,42.472913],[-71.300819,42.473661],[-71.301824,42.473249],[-71.304247,42.474727],[-71.306552,42.474436],[-71.309466,42.476413],[-71.313769,42.474191],[-71.317042,42.476488],[-71.316892,42.476633],[-71.320125,42.480341],[-71.321269,42.480524],[-71.320771,42.482265],[-71.318038,42.482885],[-71.317214,42.483569],[-71.316988,42.48419],[-71.317384,42.484908],[-71.319292,42.486301],[-71.319645,42.486941],[-71.319139,42.488074],[-71.318585,42.491166],[-71.318306,42.498203],[-71.317546,42.502431],[-71.317751,42.504579],[-71.316423,42.507345],[-71.310919,42.511266],[-71.308659,42.513263],[-71.306331,42.514402],[-71.306196,42.515088],[-71.306919,42.51709],[-71.306562,42.518914],[-71.3067,42.520602],[-71.30374,42.519935],[-71.281063,42.526355],[-71.278108,42.526722],[-71.264308,42.524098],[-71.256396,42.524],[-71.254568,42.522598],[-71.250143,42.525739],[-71.242579,42.519957],[-71.241593,42.520807],[-71.240057,42.519725],[-71.236917,42.511502],[-71.233545,42.508702],[-71.231898,42.506376],[-71.240906,42.490022]]]}},{"type":"Feature","properties":{"area_id":"24","layer":"municipality","name":"Belchertown","municipality_type":"town","county_id":"25015"},"geometry":{"type":"Polygon","coordinates":[[[-72.354768,42.339817],[-72.354022,42.340109],[-72.354158,42.339232],[-72.353456,42.339148],[-72.353664,42.338524],[-72.352885,42.338182],[-72.353501,42.337594],[-72.352668,42.337166],[-72.353184,42.336983],[-72.352929,42.336286],[-72.352358,42.335813],[-72.352088,42.336293],[-72.351556,42.335757],[-72.35164,42.335426],[-72.351046,42.335175],[-72.350977,42.334724],[-72.35157,42.334203],[-72.350991,42.33365],[-72.351493,42.333637],[-72.3517,42.333208],[-72.352202,42.333333],[-72.35204,42.332956],[-72.352764,42.331823],[-72.352533,42.331143],[-72.351962,42.330812],[-72.351129,42.329572],[-72.351901,42.329795],[-72.3521,42.329417],[-72.352494,42.329668],[-72.352902,42.329102],[-72.352231,42.328736],[-72.353595,42.327701],[-72.35267,42.327433],[-72.35233,42.326548],[-72.352946,42.326308],[-72.352437,42.325766],[-72.351843,42.325703],[-72.351881,42.32535],[-72.351179,42.324894],[-72.354254,42.32392],[-72.354331,42.323708],[-72.35359,42.323264],[-72.353528,42.322356],[-72.353998,42.322161],[-72.353003,42.32126],[-72.35442,42.319648],[-72.355206,42.319338],[-72.355098,42.319007],[-72.354581,42.319065],[-72.355228,42.318206],[-72.354696,42.317492],[-72.355212,42.316537],[-72.354533,42.315835],[-72.354941,42.314902],[-72.356151,42.314375],[-72.356097,42.313522],[-72.356929,42.313041],[-72.356451,42.312173],[-72.356952,42.31136],[-72.356327,42.311246],[-72.356381,42.311018],[-72.359055,42.309814],[-72.358638,42.309082],[-72.358954,42.308665],[-72.36048,42.308709],[-72.360595,42.308423],[-72.360102,42.307846],[-72.360633,42.307662],[-72.359099,42.30667],[-72.358798,42.305756],[-72.357865,42.305803],[-72.356676,42.303438],[-72.356019,42.303292],[-72.353647,42.302362],[-72.354725,42.300606],[-72.354893,42.299504],[-72.354492,42.298991],[-72.35077,42.298442],[-72.351964,42.297903],[-72.352648,42.295755],[-72.350027,42.294656],[-72.348632,42.294595],[-72.348852,42.2911],[-72.350751,42.285963],[-72.350681,42.284689],[-72.350118,42.284273],[-72.346365,42.283455],[-72.343267,42.281664],[-72.341148,42.281502],[-72.339451,42.280894],[-72.338293,42.27942],[-72.338852,42.275303],[-72.338259,42.274197],[-72.336457,42.273412],[-72.333256,42.272965],[-72.331976,42.272063],[-72.331584,42.271293],[-72.331731,42.270167],[-72.332891,42.26777],[-72.334514,42.266061],[-72.334399,42.265094],[-72.333659,42.264378],[-72.333781,42.262663],[-72.334279,42.262322],[-72.335894,42.262546],[-72.337384,42.261685],[-72.337764,42.260378],[-72.336713,42.259404],[-72.337993,42.259343],[-72.338501,42.258685],[-72.336682,42.258084],[-72.336408,42.257692],[-72.336739,42.257178],[-72.336238,42.255197],[-72.33476,42.251243],[-72.334869,42.247472],[-72.333543,42.245599],[-72.334872,42.245063],[-72.335208,42.244456],[-72.334788,42.241318],[-72.333784,42.240369],[-72.332949,42.237101],[-72.333321,42.23605],[-72.333158,42.234659],[-72.334182,42.233511],[-72.334473,42.232072],[-72.334011,42.230525],[-72.334017,42.229331],[-72.335761,42.227736],[-72.335433,42.226836],[-72.337076,42.223421],[-72.335449,42.222044],[-72.335969,42.220168],[-72.336321,42.219553],[-72.337283,42.219202],[-72.341681,42.219241],[-72.342963,42.218863],[-72.346125,42.216225],[-72.346242,42.214798],[-72.345519,42.212759],[-72.346783,42.210439],[-72.347395,42.210149],[-72.349569,42.210186],[-72.349742,42.209365],[-72.35037,42.208534],[-72.352324,42.207022],[-72.353715,42.207024],[-72.355019,42.208862],[-72.356551,42.209255],[-72.357339,42.209011],[-72.359228,42.206305],[-72.360519,42.205422],[-72.361205,42.20534],[-72.363293,42.206037],[-72.36333,42.206423],[-72.362139,42.206973],[-72.361992,42.207336],[-72.363483,42.207694],[-72.364889,42.207029],[-72.364537,42.202896],[-72.363478,42.202048],[-72.362518,42.199049],[-72.362843,42.198238],[-72.363854,42.197963],[-72.363853,42.19731],[-72.36353,42.197027],[-72.361,42.197266],[-72.35986,42.196329],[-72.359283,42.194344],[-72.361562,42.194558],[-72.361668,42.193493],[-72.360474,42.190341],[-72.35811,42.189824],[-72.395479,42.185745],[-72.403948,42.231855],[-72.447121,42.227262],[-72.464195,42.308061],[-72.47229,42.351487],[-72.409396,42.358759],[-72.405456,42.336445],[-72.393472,42.338178],[-72.393705,42.339278],[-72.380369,42.340623],[-72.355393,42.340688],[-72.354768,42.339817]]]}},{"type":"Feature","properties":{"area_id":"25","layer":"municipality","name":"Bellingham","municipality_type":"town","county_id":"25021"},"geometry":{"type":"Polygon","coordinates":[[[-71.442886,42.134085],[-71.441962,42.133606],[-71.442227,42.133303],[-71.442081,42.13253],[-71.442424,42.132174],[-71.441678,42.131894],[-71.44254,42.131644],[-71.444011,42.117321],[-71.446591,42.102146],[-71.451969,42.083773],[-71.453703,42.072626],[-71.455275,42.072762],[-71.455881,42.06317],[-71.454961,42.063137],[-71.454755,42.044091],[-71.455905,42.034905],[-71.458117,42.017861],[-71.498257,42.017281],[-71.498368,42.021048],[-71.498032,42.025284],[-71.49826,42.025311],[-71.49826,42.027822],[-71.497993,42.027745],[-71.49818,42.030011],[-71.497941,42.029961],[-71.497902,42.031522],[-71.498263,42.031342],[-71.498282,42.064887],[-71.498128,42.093423],[-71.497671,42.095043],[-71.497031,42.095705],[-71.497495,42.095851],[-71.497457,42.096451],[-71.496493,42.097204],[-71.496512,42.097998],[-71.496112,42.098189],[-71.495283,42.099966],[-71.496091,42.100368],[-71.495837,42.100725],[-71.496624,42.101213],[-71.496339,42.10163],[-71.497295,42.101795],[-71.496703,42.102259],[-71.499417,42.102975],[-71.499685,42.103494],[-71.501348,42.10626],[-71.501385,42.106775],[-71.500618,42.107312],[-71.500721,42.107744],[-71.502424,42.108872],[-71.502293,42.109346],[-71.50291,42.109437],[-71.503079,42.110293],[-71.501965,42.111666],[-71.501385,42.111582],[-71.500384,42.112704],[-71.501236,42.113338],[-71.501105,42.113651],[-71.501554,42.114592],[-71.50103,42.11524],[-71.501629,42.11611],[-71.501413,42.116673],[-71.490271,42.124515],[-71.478523,42.131387],[-71.442694,42.135794],[-71.441427,42.134838],[-71.442886,42.134085]]]}},{"type":"Feature","properties":{"area_id":"26","layer":"municipality","name":"Belmont","municipality_type":"town","county_id":"25017"},"geometry":{"type":"Polygon","coordinates":[[[-71.156385,42.395832],[-71.158446,42.394554],[-71.157108,42.390127],[-71.157892,42.387275],[-71.158383,42.386838],[-71.160399,42.386551],[-71.15777,42.382099],[-71.155201,42.381173],[-71.155051,42.380209],[-71.156232,42.380645],[-71.154373,42.375103],[-71.160775,42.376637],[-71.16955,42.377695],[-71.170805,42.378328],[-71.179532,42.380182],[-71.186972,42.380359],[-71.189215,42.380707],[-71.194171,42.386041],[-71.195532,42.387409],[-71.194876,42.388178],[-71.196817,42.389744],[-71.197029,42.391982],[-71.197964,42.392687],[-71.196331,42.394039],[-71.196627,42.395238],[-71.198191,42.396078],[-71.199431,42.397331],[-71.199556,42.39823],[-71.200065,42.3986],[-71.200238,42.399315],[-71.20158,42.400458],[-71.201703,42.402434],[-71.202544,42.403235],[-71.202629,42.403711],[-71.211262,42.406083],[-71.202643,42.414838],[-71.194244,42.413396],[-71.195298,42.415181],[-71.194516,42.414943],[-71.194291,42.415329],[-71.1839,42.411433],[-71.177152,42.410116],[-71.171577,42.408474],[-71.163794,42.405771],[-71.164204,42.405559],[-71.164056,42.405314],[-71.162533,42.404478],[-71.160627,42.403985],[-71.158084,42.40257],[-71.156321,42.402543],[-71.152245,42.400824],[-71.156385,42.395832]]]}},{"type":"Feature","properties":{"area_id":"27","layer":"municipality","name":"Berkley","municipality_type":"town","county_id":"25005"},"geometry":{"type":"Polygon","coordinates":[[[-71.036571,41.816535],[-71.088462,41.817796],[-71.09315,41.812859],[-71.093198,41.81174],[-71.092887,41.811685],[-71.093349,41.811421],[-71.092588,41.810906],[-71.092903,41.810762],[-71.093349,41.810935],[-71.093074,41.810378],[-71.0934,41.810274],[-71.0927,41.809429],[-71.093162,41.809035],[-71.092777,41.808461],[-71.091305,41.808049],[-71.090265,41.808758],[-71.090066,41.809381],[-71.088593,41.809142],[-71.086889,41.806147],[-71.087504,41.805879],[-71.08755,41.805299],[-71.087974,41.805021],[-71.091337,41.804412],[-71.093032,41.804615],[-71.094795,41.804407],[-71.095379,41.804783],[-71.0952,41.806305],[-71.094736,41.806847],[-71.095365,41.8069],[-71.096513,41.805009],[-71.097965,41.804653],[-71.097548,41.804252],[-71.097662,41.803484],[-71.097317,41.803222],[-71.098019,41.802612],[-71.097286,41.802409],[-71.095914,41.801032],[-71.095663,41.800399],[-71.097223,41.799754],[-71.097346,41.799083],[-71.098537,41.798106],[-71.098287,41.797465],[-71.099508,41.796073],[-71.102231,41.79477],[-71.103337,41.792336],[-71.103112,41.790911],[-71.105247,41.789463],[-71.105421,41.788474],[-71.10634,41.787808],[-71.10912,41.786177],[-71.110269,41.785995],[-71.110627,41.784765],[-71.111927,41.783285],[-71.112849,41.783066],[-71.11418,41.783449],[-71.115198,41.782982],[-71.115971,41.783009],[-71.115479,41.783472],[-71.11431,41.783497],[-71.113745,41.784051],[-71.114201,41.7843],[-71.113872,41.784447],[-71.114764,41.787309],[-71.115183,41.787535],[-71.114944,41.788573],[-71.115403,41.789034],[-71.11494,41.78937],[-71.115975,41.790509],[-71.117068,41.790741],[-71.117449,41.791126],[-71.118544,41.793654],[-71.118163,41.79441],[-71.116505,41.795302],[-71.116004,41.796599],[-71.116255,41.797058],[-71.115659,41.797588],[-71.115899,41.798475],[-71.115423,41.799762],[-71.115744,41.80093],[-71.114875,41.80159],[-71.116091,41.802979],[-71.11631,41.805695],[-71.117032,41.806456],[-71.117367,41.808061],[-71.114253,41.809793],[-71.113758,41.810447],[-71.111065,41.811394],[-71.110221,41.812533],[-71.110519,41.81306],[-71.108605,41.813848],[-71.1083,41.814474],[-71.107017,41.815538],[-71.107314,41.816151],[-71.108184,41.81679],[-71.107842,41.817541],[-71.108277,41.81882],[-71.111452,41.818403],[-71.113972,41.819096],[-71.114945,41.819796],[-71.114137,41.822126],[-71.114918,41.82349],[-71.116452,41.824133],[-71.1168,41.825166],[-71.115908,41.826517],[-71.113962,41.827683],[-71.114036,41.829271],[-71.113742,41.829626],[-71.110514,41.830391],[-71.108665,41.831465],[-71.107939,41.832472],[-71.107132,41.835426],[-71.107622,41.838641],[-71.110005,41.841064],[-71.110241,41.84259],[-71.109832,41.843425],[-71.109926,41.844671],[-71.110621,41.845066],[-71.11258,41.847448],[-71.11255,41.848254],[-71.111494,41.849283],[-71.111,41.8506],[-71.10759,41.852137],[-71.106832,41.852885],[-71.106934,41.853554],[-71.107898,41.854572],[-71.107926,41.855433],[-71.10659,41.857978],[-71.106826,41.858934],[-71.106515,41.859517],[-71.105678,41.860088],[-71.104133,41.860167],[-71.103534,41.860609],[-71.104189,41.864761],[-71.103734,41.866597],[-71.103836,41.867918],[-71.102946,41.86928],[-71.102662,41.870954],[-71.100913,41.871852],[-71.098758,41.872433],[-71.094201,41.872599],[-71.076446,41.872979],[-71.072755,41.870004],[-71.033355,41.850052],[-71.007443,41.838502],[-71.036571,41.816535]]]}},{"type":"Feature","properties":{"area_id":"28","layer":"municipality","name":"Berlin","municipality_type":"town","county_id":"25027"},"geometry":{"type":"Polygon","coordinates":[[[-71.580286,42.386898],[-71.607738,42.370013],[-71.603066,42.367276],[-71.610008,42.357412],[-71.624704,42.350474],[-71.633937,42.358402],[-71.67637,42.36488],[-71.677795,42.365164],[-71.670553,42.386674],[-71.678767,42.389172],[-71.676517,42.396127],[-71.668069,42.394574],[-71.660635,42.418241],[-71.63042,42.409546],[-71.604252,42.397712],[-71.580286,42.386898]]]}},{"type":"Feature","properties":{"area_id":"29","layer":"municipality","name":"Bernardston","municipality_type":"town","county_id":"25011"},"geometry":{"type":"Polygon","coordinates":[[[-72.496203,42.678624],[-72.489503,42.662398],[-72.54032,42.656366],[-72.540787,42.655669],[-72.544162,42.655263],[-72.543665,42.655963],[-72.585745,42.650915],[-72.593506,42.664815],[-72.589337,42.673543],[-72.598643,42.730879],[-72.516769,42.728612],[-72.496203,42.678624]]]}},{"type":"Feature","properties":{"area_id":"30","layer":"municipality","name":"Beverly","municipality_type":"city","county_id":"25009"},"geometry":{"type":"Polygon","coordinates":[[[-70.908585,42.557608],[-70.908382,42.573058],[-70.922343,42.591523],[-70.901393,42.590983],[-70.835412,42.59069],[-70.827693,42.583141],[-70.820312,42.577831],[-70.81902,42.579295],[-70.813297,42.580148],[-70.810085,42.584227],[-70.806977,42.580399],[-70.794418,42.569229],[-70.794028,42.569209],[-70.794219,42.568686],[-70.793793,42.568549],[-70.793791,42.567605],[-70.793311,42.567278],[-70.793264,42.566547],[-70.793715,42.566338],[-70.793772,42.565296],[-70.793392,42.56473],[-70.796751,42.563716],[-70.798087,42.563637],[-70.800451,42.561655],[-70.801995,42.561088],[-70.80326,42.561467],[-70.803308,42.561057],[-70.8061,42.560102],[-70.81494,42.554762],[-70.821543,42.552434],[-70.821542,42.552652],[-70.822937,42.551621],[-70.824223,42.551483],[-70.825727,42.551929],[-70.827181,42.551511],[-70.829388,42.552142],[-70.831587,42.551571],[-70.832491,42.550992],[-70.832953,42.550257],[-70.834678,42.550557],[-70.834765,42.551067],[-70.835615,42.551318],[-70.837366,42.550947],[-70.838441,42.550049],[-70.839595,42.550689],[-70.840794,42.550579],[-70.841419,42.550214],[-70.841256,42.549832],[-70.841572,42.549379],[-70.843513,42.549515],[-70.844161,42.549029],[-70.844307,42.548435],[-70.845791,42.547704],[-70.846606,42.548719],[-70.847503,42.548949],[-70.847724,42.548512],[-70.848548,42.548657],[-70.848658,42.549849],[-70.8481,42.550104],[-70.848479,42.550603],[-70.849454,42.550937],[-70.851144,42.550912],[-70.852684,42.550316],[-70.855267,42.548647],[-70.855461,42.548257],[-70.854951,42.547629],[-70.855571,42.546277],[-70.856723,42.546176],[-70.857174,42.546899],[-70.85803,42.546765],[-70.861364,42.544412],[-70.862068,42.545139],[-70.861641,42.546561],[-70.863664,42.546918],[-70.864505,42.546645],[-70.864579,42.5463],[-70.866277,42.547563],[-70.867119,42.547833],[-70.867317,42.548429],[-70.868284,42.548476],[-70.871528,42.546789],[-70.875218,42.543901],[-70.876543,42.542202],[-70.876614,42.541868],[-70.876173,42.541733],[-70.876841,42.541756],[-70.877482,42.541067],[-70.877863,42.540197],[-70.877597,42.539864],[-70.878196,42.540078],[-70.878465,42.539453],[-70.879301,42.539126],[-70.880087,42.539238],[-70.880387,42.540013],[-70.881625,42.540742],[-70.883725,42.541148],[-70.884041,42.541133],[-70.884099,42.540777],[-70.885936,42.540602],[-70.886815,42.540173],[-70.889409,42.539905],[-70.890152,42.54065],[-70.89093,42.540737],[-70.891498,42.541903],[-70.890171,42.542599],[-70.890311,42.543896],[-70.88763,42.545042],[-70.888065,42.545796],[-70.887224,42.548371],[-70.887573,42.548557],[-70.887428,42.549117],[-70.887892,42.549474],[-70.889376,42.54951],[-70.888568,42.548824],[-70.888869,42.547904],[-70.889868,42.547756],[-70.889611,42.547198],[-70.891018,42.545565],[-70.894902,42.545392],[-70.89477,42.544991],[-70.892607,42.544413],[-70.894527,42.543277],[-70.897576,42.544693],[-70.898099,42.543754],[-70.897709,42.544918],[-70.898105,42.54578],[-70.898982,42.545763],[-70.898894,42.545296],[-70.899369,42.544921],[-70.900026,42.545071],[-70.899766,42.545347],[-70.899579,42.545811],[-70.899617,42.546011],[-70.900585,42.545297],[-70.901124,42.545329],[-70.901418,42.546971],[-70.901137,42.548034],[-70.902431,42.54665],[-70.903271,42.547334],[-70.903986,42.547089],[-70.905373,42.54775],[-70.906818,42.547626],[-70.908216,42.547993],[-70.908822,42.547963],[-70.909499,42.547359],[-70.910731,42.547249],[-70.911586,42.547895],[-70.910727,42.548898],[-70.911111,42.54957],[-70.911511,42.549619],[-70.908585,42.557608]]]}},{"type":"Feature","properties":{"area_id":"31","layer":"municipality","name":"Billerica","municipality_type":"town","county_id":"25017"},"geometry":{"type":"Polygon","coordinates":[[[-71.211128,42.573321],[-71.21139,42.573052],[-71.211705,42.573195],[-71.212005,42.572605],[-71.212669,42.572726],[-71.212636,42.572329],[-71.213681,42.571187],[-71.214433,42.571038],[-71.215315,42.570354],[-71.215064,42.566953],[-71.214431,42.566345],[-71.214936,42.565915],[-71.214263,42.565149],[-71.215281,42.564959],[-71.214636,42.564612],[-71.215812,42.563782],[-71.215537,42.563307],[-71.215717,42.562598],[-71.216727,42.562463],[-71.216438,42.562088],[-71.216907,42.56191],[-71.217697,42.562185],[-71.217531,42.56186],[-71.217816,42.561502],[-71.21867,42.561658],[-71.208873,42.554544],[-71.211392,42.55308],[-71.210609,42.552742],[-71.209831,42.551453],[-71.210609,42.547672],[-71.212373,42.547553],[-71.209808,42.546025],[-71.206408,42.545841],[-71.204995,42.544498],[-71.217971,42.524057],[-71.221871,42.525243],[-71.231898,42.506376],[-71.233545,42.508702],[-71.236917,42.511502],[-71.240057,42.519725],[-71.241593,42.520807],[-71.242579,42.519957],[-71.250143,42.525739],[-71.254568,42.522598],[-71.256396,42.524],[-71.264308,42.524098],[-71.278108,42.526722],[-71.281063,42.526355],[-71.30374,42.519935],[-71.3067,42.520602],[-71.306713,42.522779],[-71.305163,42.52595],[-71.30495,42.528549],[-71.304588,42.529277],[-71.307539,42.530008],[-71.307186,42.53323],[-71.30875,42.533969],[-71.318314,42.542791],[-71.314386,42.549563],[-71.31962,42.55408],[-71.324803,42.556068],[-71.333092,42.560124],[-71.332544,42.560765],[-71.294244,42.605554],[-71.295471,42.606984],[-71.295675,42.609343],[-71.297007,42.612305],[-71.297029,42.613021],[-71.296321,42.612675],[-71.211128,42.573321]]]}},{"type":"Feature","properties":{"area_id":"32","layer":"municipality","name":"Blackstone","municipality_type":"town","county_id":"25027"},"geometry":{"type":"Polygon","coordinates":[[[-71.527844,42.015093],[-71.563659,42.014286],[-71.563921,42.064067],[-71.498282,42.064887],[-71.498263,42.031342],[-71.497902,42.031522],[-71.497941,42.029961],[-71.49818,42.030011],[-71.497993,42.027745],[-71.49826,42.027822],[-71.49826,42.025311],[-71.498032,42.025284],[-71.498368,42.021048],[-71.498257,42.017281],[-71.527844,42.015093]]]}},{"type":"Feature","properties":{"area_id":"33","layer":"municipality","name":"Blandford","municipality_type":"town","county_id":"25013"},"geometry":{"type":"Polygon","coordinates":[[[-72.912303,42.239142],[-72.872184,42.216453],[-72.895664,42.123926],[-72.981908,42.136703],[-73.034922,42.143661],[-73.007868,42.238417],[-73.004296,42.251356],[-73.001851,42.251025],[-72.912303,42.239142]]]}},{"type":"Feature","properties":{"area_id":"34","layer":"municipality","name":"Bolton","municipality_type":"town","county_id":"25027"},"geometry":{"type":"Polygon","coordinates":[[[-71.548904,42.447317],[-71.559101,42.411952],[-71.585261,42.407106],[-71.604252,42.397712],[-71.63042,42.409546],[-71.660635,42.418241],[-71.656742,42.430966],[-71.642428,42.479512],[-71.635792,42.4769],[-71.548904,42.447317]]]}},{"type":"Feature","properties":{"area_id":"35","layer":"municipality","name":"Boston","municipality_type":"city","county_id":"25025"},"geometry":{"type":"MultiPolygon","coordinates":[[[[-71.045749,42.296062],[-71.046427,42.298282],[-71.045881,42.298459],[-71.044674,42.297563],[-71.044415,42.296318],[-71.044604,42.295903],[-71.045749,42.296062]]],[[[-70.949717,42.312507],[-70.94934,42.31199],[-70.951287,42.311753],[-70.950965,42.311623],[-70.952425,42.310961],[-70.953679,42.311644],[-70.9546,42.310936],[-70.954384,42.310379],[-70.955001,42.309739],[-70.955979,42.310663],[-70.958021,42.311144],[-70.957794,42.311493],[-70.956742,42.311777],[-70.954578,42.31183],[-70.953041,42.313312],[-70.951752,42.313272],[-70.949717,42.312507]]],[[[-71.010256,42.305234],[-71.010083,42.305478],[-71.01072,42.305671],[-71.010606,42.306346],[-71.01103,42.306371],[-71.011012,42.307568],[-71.012904,42.309984],[-71.014777,42.310216],[-71.014661,42.309983],[-71.015038,42.30994],[-71.014765,42.309768],[-71.014169,42.309636],[-71.013617,42.30991],[-71.013448,42.309655],[-71.013597,42.309248],[-71.014549,42.309057],[-71.015971,42.309202],[-71.016684,42.309646],[-71.015833,42.309608],[-71.016024,42.309915],[-71.016985,42.309922],[-71.017074,42.310317],[-71.016616,42.310106],[-71.016654,42.310542],[-71.017241,42.310918],[-71.017005,42.310633],[-71.017204,42.310495],[-71.017894,42.311352],[-71.018214,42.312512],[-71.017236,42.314257],[-71.016615,42.314388],[-71.016669,42.314737],[-71.013917,42.315273],[-71.011824,42.316324],[-71.010213,42.317788],[-71.009938,42.318826],[-71.009084,42.31926],[-71.007482,42.320964],[-71.00613,42.321601],[-71.002842,42.322093],[-71.001805,42.321608],[-70.998697,42.321165],[-70.99824,42.320691],[-70.997906,42.321205],[-70.997585,42.320842],[-70.998025,42.320447],[-70.997614,42.319777],[-70.998727,42.318506],[-71.002226,42.319258],[-71.003881,42.318621],[-71.006051,42.316051],[-71.006087,42.315519],[-71.005565,42.315231],[-71.00567,42.314434],[-71.006705,42.314285],[-71.007318,42.312915],[-71.010529,42.310254],[-71.010859,42.309673],[-71.010793,42.309023],[-71.009762,42.307395],[-71.009593,42.305713],[-71.009251,42.305511],[-71.010256,42.305234]]],[[[-70.928199,42.322125],[-70.926147,42.321404],[-70.925555,42.31964],[-70.926104,42.317926],[-70.927211,42.318044],[-70.928453,42.317123],[-70.92952,42.317914],[-70.930657,42.319732],[-70.9303,42.320125],[-70.930868,42.321631],[-70.930517,42.322358],[-70.930115,42.322208],[-70.930336,42.32199],[-70.928199,42.322125]]],[[[-70.936729,42.326634],[-70.934258,42.326665],[-70.933153,42.325925],[-70.937198,42.325715],[-70.939908,42.324248],[-70.941778,42.325857],[-70.942178,42.326629],[-70.942064,42.327211],[-70.941299,42.327641],[-70.941878,42.326955],[-70.941774,42.326468],[-70.941601,42.326331],[-70.941815,42.326897],[-70.941499,42.327392],[-70.940255,42.327739],[-70.936729,42.326634]]],[[[-70.982351,42.327486],[-70.983088,42.326773],[-70.98429,42.326321],[-70.984702,42.324731],[-70.984546,42.323936],[-70.983024,42.323205],[-70.983824,42.322123],[-70.983637,42.321572],[-70.985687,42.319058],[-70.986401,42.318856],[-70.98755,42.31909],[-70.988318,42.320361],[-70.988026,42.321496],[-70.988372,42.323052],[-70.987943,42.323494],[-70.988637,42.323724],[-70.988375,42.324157],[-70.988663,42.324605],[-70.989583,42.324566],[-70.989639,42.325109],[-70.991235,42.325795],[-70.991621,42.326358],[-70.991583,42.326923],[-70.989578,42.328492],[-70.987427,42.328892],[-70.983345,42.328381],[-70.982351,42.327486]]],[[[-70.953563,42.330026],[-70.953929,42.329295],[-70.95587,42.328795],[-70.955442,42.328279],[-70.956818,42.328237],[-70.956877,42.327996],[-70.956225,42.327818],[-70.957469,42.327624],[-70.959132,42.326634],[-70.959872,42.324782],[-70.963491,42.319863],[-70.96397,42.318378],[-70.965233,42.316297],[-70.965738,42.31467],[-70.964701,42.314704],[-70.964987,42.313999],[-70.965613,42.313915],[-70.965596,42.313577],[-70.966397,42.313287],[-70.969059,42.313053],[-70.970553,42.311479],[-70.972735,42.311035],[-70.974311,42.310349],[-70.977106,42.310418],[-70.976608,42.311132],[-70.973291,42.312927],[-70.971242,42.315243],[-70.97093,42.315919],[-70.971282,42.316423],[-70.970831,42.316293],[-70.969688,42.318102],[-70.969205,42.32046],[-70.96853,42.321948],[-70.967255,42.32342],[-70.965381,42.324617],[-70.965251,42.325509],[-70.961196,42.327246],[-70.959171,42.329458],[-70.958828,42.330478],[-70.958088,42.330908],[-70.955963,42.331073],[-70.953694,42.33049],[-70.953563,42.330026]]],[[[-70.923342,42.32664],[-70.922777,42.326654],[-70.923349,42.326298],[-70.923534,42.325566],[-70.924462,42.325206],[-70.924294,42.325091],[-70.925439,42.325259],[-70.926348,42.325599],[-70.92676,42.32696],[-70.927932,42.327899],[-70.929499,42.328491],[-70.931626,42.328633],[-70.931923,42.329157],[-70.931104,42.329827],[-70.931024,42.330991],[-70.931744,42.331631],[-70.931577,42.332319],[-70.932035,42.332964],[-70.929875,42.333616],[-70.929253,42.332549],[-70.928042,42.331716],[-70.923509,42.327004],[-70.923342,42.32664]]],[[[-71.012448,42.333747],[-71.013541,42.332097],[-71.014066,42.331587],[-71.01445,42.331613],[-71.012875,42.333855],[-71.012448,42.333747]]],[[[-70.967251,42.357067],[-70.966335,42.35659],[-70.964512,42.356783],[-70.964342,42.355974],[-70.962989,42.355425],[-70.961393,42.355585],[-70.960438,42.35602],[-70.959468,42.355927],[-70.956002,42.353753],[-70.953474,42.350673],[-70.953395,42.350098],[-70.953989,42.350876],[-70.953301,42.34948],[-70.954035,42.349162],[-70.953705,42.349035],[-70.952872,42.344006],[-70.953659,42.343732],[-70.954444,42.344032],[-70.95401,42.343012],[-70.954753,42.344225],[-70.956019,42.343928],[-70.955927,42.344543],[-70.956422,42.34446],[-70.956485,42.345142],[-70.956848,42.34496],[-70.958219,42.34644],[-70.958761,42.347901],[-70.959075,42.3478],[-70.960645,42.349174],[-70.960236,42.349115],[-70.962228,42.349906],[-70.963323,42.350727],[-70.964729,42.35102],[-70.96551,42.35201],[-70.965177,42.352641],[-70.965317,42.352971],[-70.968579,42.354427],[-70.96886,42.354916],[-70.968451,42.35566],[-70.968821,42.355875],[-70.967251,42.357067]]],[[[-71.190754,42.28185],[-71.19125,42.283],[-71.178612,42.294619],[-71.164703,42.303839],[-71.152114,42.294597],[-71.146883,42.297288],[-71.140097,42.302182],[-71.136502,42.306212],[-71.131863,42.313186],[-71.123713,42.322725],[-71.123368,42.322581],[-71.121529,42.323891],[-71.120071,42.322814],[-71.119438,42.322744],[-71.118871,42.322866],[-71.118398,42.323464],[-71.116538,42.323948],[-71.115965,42.326388],[-71.115041,42.327317],[-71.113559,42.330512],[-71.113255,42.332406],[-71.110534,42.335338],[-71.110991,42.335766],[-71.110709,42.336317],[-71.11156,42.33734],[-71.11058,42.340452],[-71.109554,42.341503],[-71.108446,42.34186],[-71.108028,42.342487],[-71.105517,42.343821],[-71.107143,42.347055],[-71.106551,42.3498],[-71.122873,42.351764],[-71.122943,42.351425],[-71.124137,42.351553],[-71.126399,42.350225],[-71.128584,42.349841],[-71.129069,42.349179],[-71.135279,42.34595],[-71.140786,42.341537],[-71.14194,42.340017],[-71.144212,42.340031],[-71.146606,42.338546],[-71.146157,42.33745],[-71.148742,42.336874],[-71.148295,42.335815],[-71.150059,42.335402],[-71.150462,42.334977],[-71.149854,42.334643],[-71.157037,42.330399],[-71.159633,42.332885],[-71.161406,42.333733],[-71.162713,42.333893],[-71.167529,42.333369],[-71.168887,42.335835],[-71.169217,42.338077],[-71.168634,42.338638],[-71.166809,42.339299],[-71.166684,42.340113],[-71.17485,42.350346],[-71.173917,42.353474],[-71.167509,42.360092],[-71.166158,42.359916],[-71.164218,42.358639],[-71.163008,42.358478],[-71.159278,42.359911],[-71.155247,42.359904],[-71.152477,42.360686],[-71.148332,42.361128],[-71.146336,42.362484],[-71.144756,42.364627],[-71.143668,42.365089],[-71.140408,42.36441],[-71.139148,42.364712],[-71.136659,42.366761],[-71.133803,42.367951],[-71.131972,42.369343],[-71.131863,42.370292],[-71.133179,42.372347],[-71.13272,42.373208],[-71.131147,42.373876],[-71.128616,42.373746],[-71.126025,42.371956],[-71.124173,42.369338],[-71.122044,42.368712],[-71.11896,42.368769],[-71.117692,42.368155],[-71.116873,42.365894],[-71.116579,42.359576],[-71.117166,42.357006],[-71.117067,42.355876],[-71.116523,42.355035],[-71.114916,42.35387],[-71.11246,42.352912],[-71.110084,42.352558],[-71.103407,42.352458],[-71.093042,42.353893],[-71.077953,42.358744],[-71.076093,42.360389],[-71.074794,42.363782],[-71.069479,42.369055],[-71.063985,42.368941],[-71.067116,42.371824],[-71.072466,42.372667],[-71.072689,42.37323],[-71.075658,42.380204],[-71.080702,42.381049],[-71.080972,42.382332],[-71.079713,42.382929],[-71.074264,42.390574],[-71.072478,42.387872],[-71.069819,42.386434],[-71.070227,42.386129],[-71.069745,42.385767],[-71.068317,42.385388],[-71.067937,42.385706],[-71.066274,42.385497],[-71.06502,42.384873],[-71.064611,42.385221],[-71.063444,42.3851],[-71.064298,42.383834],[-71.064021,42.383617],[-71.06347,42.383657],[-71.062088,42.385239],[-71.060484,42.384897],[-71.061242,42.384964],[-71.062266,42.383437],[-71.061463,42.384008],[-71.061593,42.383319],[-71.061073,42.383281],[-71.059925,42.384812],[-71.059597,42.38469],[-71.06052,42.383164],[-71.060083,42.383211],[-71.058775,42.384905],[-71.050928,42.384102],[-71.049995,42.383665],[-71.04962,42.383909],[-71.048544,42.383703],[-71.047557,42.382684],[-71.047493,42.381774],[-71.049229,42.382117],[-71.049804,42.381655],[-71.047334,42.381179],[-71.047666,42.379914],[-71.057331,42.381479],[-71.057055,42.381667],[-71.057394,42.381778],[-71.058583,42.381252],[-71.058247,42.38081],[-71.056824,42.380353],[-71.048152,42.37923],[-71.047492,42.376929],[-71.049141,42.378064],[-71.049267,42.377883],[-71.048086,42.376845],[-71.048958,42.377509],[-71.049959,42.37606],[-71.048712,42.375228],[-71.04891,42.375061],[-71.049643,42.375535],[-71.050613,42.37513],[-71.048677,42.373411],[-71.049021,42.373101],[-71.050548,42.374431],[-71.050695,42.373904],[-71.049203,42.372575],[-71.04931,42.372404],[-71.050761,42.373638],[-71.051201,42.373271],[-71.049617,42.371901],[-71.049955,42.371679],[-71.051587,42.373043],[-71.052095,42.372732],[-71.050486,42.371351],[-71.050692,42.37124],[-71.054596,42.374417],[-71.054582,42.37406],[-71.052849,42.372459],[-71.053784,42.373005],[-71.054689,42.372851],[-71.055059,42.372631],[-71.054201,42.37182],[-71.054795,42.371728],[-71.056918,42.37274],[-71.057747,42.372263],[-71.05611,42.371409],[-71.057655,42.370666],[-71.059619,42.371369],[-71.059928,42.371137],[-71.05958,42.370666],[-71.060246,42.370574],[-71.060083,42.369755],[-71.060493,42.370007],[-71.061323,42.369618],[-71.061054,42.368858],[-71.060633,42.368858],[-71.061076,42.368777],[-71.060699,42.368296],[-71.060917,42.368017],[-71.060628,42.367252],[-71.059042,42.367894],[-71.058778,42.367588],[-71.058711,42.367974],[-71.056612,42.368945],[-71.054873,42.369171],[-71.052809,42.368683],[-71.052005,42.369682],[-71.051736,42.369565],[-71.052166,42.368921],[-71.05171,42.368711],[-71.051196,42.369367],[-71.050921,42.369276],[-71.051813,42.36816],[-71.051284,42.367898],[-71.050238,42.368874],[-71.049996,42.368721],[-71.051253,42.367578],[-71.050806,42.367241],[-71.049835,42.367844],[-71.049299,42.36703],[-71.050345,42.366693],[-71.049202,42.366826],[-71.049131,42.366547],[-71.049579,42.366492],[-71.049085,42.366138],[-71.049996,42.366014],[-71.050009,42.365786],[-71.048755,42.365296],[-71.048764,42.36489],[-71.050751,42.365091],[-71.05088,42.364863],[-71.049241,42.364537],[-71.049688,42.363559],[-71.048382,42.36352],[-71.04827,42.363176],[-71.049013,42.363423],[-71.049067,42.362862],[-71.048225,42.362958],[-71.048169,42.3627],[-71.049018,42.362499],[-71.050788,42.362969],[-71.050758,42.362587],[-71.047901,42.361695],[-71.049414,42.361413],[-71.050516,42.361975],[-71.050801,42.361863],[-71.050729,42.360635],[-71.049293,42.360675],[-71.049089,42.360332],[-71.047689,42.360621],[-71.047665,42.360054],[-71.05061,42.359653],[-71.050625,42.359254],[-71.048453,42.359574],[-71.048454,42.358963],[-71.050306,42.358822],[-71.050145,42.358245],[-71.049432,42.358308],[-71.049665,42.357353],[-71.048946,42.357342],[-71.04984,42.35699],[-71.049201,42.35687],[-71.04921,42.356573],[-71.049797,42.356579],[-71.049985,42.35613],[-71.049491,42.356161],[-71.050714,42.354442],[-71.051088,42.354692],[-71.051449,42.354439],[-71.050963,42.354066],[-71.052228,42.352558],[-71.052444,42.351687],[-71.055722,42.34701],[-71.060144,42.34518],[-71.060709,42.344499],[-71.060599,42.343576],[-71.061208,42.342964],[-71.060285,42.343086],[-71.060141,42.34416],[-71.058063,42.345431],[-71.054839,42.345831],[-71.048129,42.354424],[-71.046513,42.355097],[-71.044796,42.355102],[-71.043574,42.354702],[-71.044452,42.353391],[-71.043501,42.352937],[-71.043045,42.353157],[-71.042313,42.352908],[-71.041562,42.353882],[-71.040972,42.353638],[-71.042967,42.351091],[-71.042509,42.350894],[-71.042737,42.350614],[-71.042167,42.350372],[-71.039983,42.353249],[-71.038681,42.352709],[-71.040831,42.349848],[-71.039892,42.349453],[-71.037739,42.352314],[-71.036732,42.3519],[-71.03803,42.350153],[-71.037799,42.350061],[-71.03821,42.349912],[-71.037865,42.349784],[-71.038297,42.349807],[-71.038744,42.349193],[-71.037598,42.348497],[-71.037226,42.348343],[-71.036525,42.34927],[-71.035828,42.349007],[-71.034207,42.35115],[-71.033665,42.350649],[-71.03319,42.350752],[-71.034752,42.348576],[-71.033797,42.348163],[-71.032125,42.350327],[-71.023238,42.346934],[-71.023195,42.345703],[-71.026544,42.345658],[-71.026552,42.34507],[-71.025915,42.345068],[-71.025588,42.344462],[-71.021903,42.344507],[-71.021914,42.343531],[-71.037173,42.343287],[-71.037794,42.34367],[-71.038463,42.343604],[-71.03874,42.342752],[-71.040858,42.340229],[-71.04184,42.339546],[-71.041023,42.339167],[-71.040657,42.339663],[-71.040175,42.339703],[-71.039859,42.338558],[-71.039836,42.33996],[-71.039356,42.340165],[-71.038965,42.341586],[-71.035177,42.341681],[-71.03516,42.340519],[-71.034897,42.340421],[-71.033731,42.340422],[-71.033745,42.341505],[-71.030405,42.341546],[-71.030392,42.340239],[-71.029404,42.340265],[-71.029222,42.341737],[-71.028155,42.34179],[-71.02653,42.341296],[-71.026036,42.341658],[-71.025093,42.341594],[-71.025126,42.341866],[-71.014154,42.342006],[-71.010792,42.339814],[-71.010992,42.339619],[-71.010582,42.33925],[-71.010031,42.339058],[-71.009966,42.339316],[-71.008988,42.337184],[-71.008981,42.336461],[-71.008284,42.335983],[-71.009086,42.336037],[-71.009621,42.33543],[-71.010663,42.335468],[-71.011823,42.334905],[-71.01238,42.333846],[-71.012868,42.334042],[-71.012677,42.334918],[-71.012885,42.335375],[-71.01222,42.336283],[-71.012648,42.337234],[-71.013162,42.337278],[-71.012764,42.337816],[-71.015686,42.338433],[-71.019963,42.338182],[-71.021288,42.337715],[-71.022656,42.336559],[-71.023027,42.33564],[-71.022802,42.334605],[-71.021452,42.332916],[-71.019036,42.331494],[-71.015721,42.330744],[-71.014688,42.33141],[-71.015158,42.330867],[-71.014947,42.330593],[-71.015513,42.33046],[-71.020247,42.331727],[-71.021722,42.331394],[-71.023738,42.332487],[-71.025446,42.33267],[-71.028627,42.33137],[-71.03282,42.328764],[-71.036243,42.328141],[-71.038091,42.328915],[-71.043617,42.328972],[-71.045763,42.328115],[-71.046698,42.326941],[-71.047086,42.325566],[-71.046454,42.323927],[-71.044158,42.322974],[-71.044479,42.322964],[-71.043546,42.32226],[-71.043423,42.322487],[-71.042529,42.321584],[-71.03977,42.320455],[-71.036724,42.318708],[-71.037148,42.318274],[-71.036772,42.318271],[-71.036354,42.31758],[-71.036999,42.317595],[-71.033103,42.316468],[-71.032691,42.313408],[-71.036929,42.310411],[-71.037579,42.310304],[-71.04451,42.314266],[-71.046231,42.313121],[-71.045516,42.312543],[-71.044764,42.312473],[-71.043985,42.311739],[-71.043844,42.310878],[-71.044857,42.31014],[-71.042693,42.310407],[-71.042059,42.311057],[-71.042012,42.310015],[-71.043145,42.308962],[-71.044474,42.308707],[-71.044499,42.307828],[-71.045344,42.307267],[-71.04651,42.304456],[-71.047535,42.303826],[-71.048347,42.304532],[-71.047992,42.306813],[-71.048323,42.307583],[-71.04877,42.307798],[-71.052415,42.30786],[-71.053111,42.307264],[-71.053127,42.306566],[-71.052772,42.306413],[-71.053435,42.306361],[-71.052865,42.305189],[-71.052188,42.304902],[-71.052355,42.304499],[-71.049707,42.302165],[-71.048559,42.303643],[-71.047785,42.303222],[-71.04818,42.302105],[-71.047873,42.302813],[-71.047657,42.302313],[-71.04704,42.30234],[-71.046965,42.303091],[-71.043681,42.302404],[-71.043357,42.301865],[-71.043371,42.301076],[-71.0438,42.300303],[-71.043483,42.299838],[-71.046043,42.298987],[-71.045923,42.298772],[-71.046653,42.298356],[-71.04586,42.296002],[-71.044631,42.29388],[-71.04403,42.293871],[-71.042366,42.292568],[-71.041781,42.290957],[-71.041878,42.289332],[-71.041587,42.289379],[-71.041607,42.291307],[-71.042076,42.292284],[-71.042119,42.293376],[-71.041249,42.293323],[-71.041143,42.292915],[-71.039681,42.292956],[-71.039128,42.292564],[-71.039537,42.292139],[-71.039189,42.29226],[-71.038972,42.291319],[-71.037763,42.29084],[-71.037809,42.289751],[-71.037323,42.288297],[-71.038208,42.286966],[-71.039071,42.286866],[-71.038413,42.286095],[-71.040891,42.284423],[-71.041482,42.283455],[-71.041754,42.279237],[-71.042837,42.278],[-71.042783,42.277111],[-71.043905,42.276463],[-71.045376,42.27629],[-71.048583,42.277923],[-71.049802,42.278109],[-71.052597,42.277678],[-71.054402,42.277028],[-71.055246,42.276351],[-71.055575,42.275061],[-71.053713,42.27306],[-71.05349,42.272255],[-71.053691,42.271825],[-71.060979,42.267462],[-71.061829,42.267217],[-71.063103,42.267352],[-71.064696,42.268616],[-71.065033,42.269295],[-71.064782,42.270176],[-71.06546,42.271016],[-71.067523,42.271514],[-71.068051,42.270965],[-71.069411,42.270629],[-71.07168,42.270863],[-71.073198,42.270296],[-71.076856,42.270464],[-71.078876,42.269591],[-71.080853,42.26933],[-71.082615,42.268651],[-71.089052,42.269774],[-71.089821,42.269548],[-71.090191,42.269085],[-71.089859,42.267785],[-71.090215,42.266662],[-71.090818,42.266489],[-71.094132,42.267141],[-71.096433,42.264746],[-71.097484,42.263098],[-71.098865,42.262599],[-71.1028,42.2598],[-71.103824,42.259744],[-71.105003,42.260813],[-71.107586,42.260688],[-71.108955,42.261305],[-71.111462,42.260778],[-71.113326,42.258999],[-71.109545,42.255421],[-71.109348,42.247999],[-71.126377,42.239171],[-71.125681,42.23791],[-71.124764,42.237438],[-71.124085,42.236397],[-71.122638,42.235388],[-71.122605,42.234445],[-71.124462,42.234169],[-71.124719,42.233754],[-71.124525,42.232912],[-71.12523,42.232065],[-71.126609,42.231272],[-71.12753,42.231124],[-71.129203,42.228976],[-71.130101,42.228676],[-71.13075,42.22792],[-71.142677,42.235988],[-71.146643,42.255765],[-71.152313,42.258345],[-71.158594,42.255157],[-71.171325,42.265356],[-71.171695,42.266287],[-71.174317,42.267187],[-71.174502,42.26866],[-71.172954,42.270306],[-71.174785,42.273415],[-71.174854,42.274148],[-71.174416,42.275058],[-71.174765,42.275851],[-71.177462,42.276877],[-71.183048,42.275862],[-71.185358,42.2796],[-71.188199,42.280464],[-71.190754,42.28185]]],[[[-71.069122,42.391788],[-71.070633,42.389628],[-71.071152,42.389877],[-71.070672,42.390521],[-71.071458,42.391453],[-71.071436,42.391842],[-71.070628,42.392478],[-71.069906,42.392536],[-71.069038,42.393893],[-71.067366,42.39531],[-71.06686,42.394985],[-71.06741,42.393485],[-71.069122,42.391788]]],[[[-70.992839,42.392682],[-70.989771,42.393249],[-70.987532,42.392553],[-70.987111,42.392015],[-70.987593,42.389543],[-70.986429,42.387477],[-70.986686,42.387055],[-70.98795,42.386975],[-70.989808,42.387502],[-70.99083,42.38716],[-70.99176,42.386372],[-70.993319,42.386349],[-70.994502,42.385737],[-70.994499,42.38595],[-70.994726,42.385465],[-70.995179,42.385907],[-70.995132,42.384335],[-70.994621,42.383744],[-70.994971,42.383322],[-70.995554,42.383657],[-70.995165,42.382896],[-70.994617,42.382718],[-70.994942,42.381608],[-70.996413,42.380783],[-70.999134,42.38148],[-71.002582,42.382981],[-71.003821,42.382688],[-71.004677,42.383828],[-71.005845,42.383617],[-71.008492,42.383953],[-71.009569,42.383622],[-71.010121,42.383086],[-71.010988,42.380475],[-71.012895,42.380785],[-71.01326,42.379493],[-71.014572,42.379067],[-71.016153,42.377996],[-71.016816,42.377857],[-71.018561,42.378584],[-71.016843,42.377586],[-71.013633,42.378356],[-71.012141,42.37785],[-71.013355,42.377504],[-71.013781,42.376982],[-71.01258,42.377327],[-71.012376,42.376875],[-71.012049,42.376872],[-71.011986,42.375949],[-71.012608,42.374621],[-71.013607,42.374662],[-71.014168,42.375135],[-71.014904,42.375015],[-71.015816,42.374087],[-71.01627,42.37426],[-71.015745,42.373897],[-71.014755,42.374849],[-71.014185,42.374973],[-71.014357,42.374207],[-71.015118,42.373567],[-71.013933,42.374393],[-71.013317,42.374229],[-71.013065,42.373883],[-71.014191,42.373694],[-71.013094,42.373547],[-71.012563,42.372103],[-71.011594,42.371971],[-71.011102,42.372022],[-71.01044,42.372904],[-71.010397,42.37369],[-71.009176,42.374935],[-71.009206,42.375591],[-71.007877,42.377789],[-71.008207,42.377932],[-71.006921,42.379637],[-71.006506,42.379596],[-71.006286,42.37911],[-71.005951,42.379119],[-71.005704,42.379637],[-71.003355,42.378734],[-71.003483,42.379013],[-71.003099,42.378937],[-71.003081,42.378593],[-71.002708,42.378852],[-71.00237,42.3784],[-71.000085,42.377778],[-71.006124,42.376061],[-71.010361,42.365048],[-71.000696,42.364649],[-71.000174,42.363499],[-70.998834,42.362797],[-70.997124,42.363135],[-70.994603,42.362996],[-70.993107,42.362775],[-70.991404,42.362031],[-70.988073,42.361922],[-70.987225,42.361112],[-70.986273,42.357784],[-70.990574,42.354305],[-70.991834,42.353704],[-70.994559,42.353912],[-70.996165,42.355258],[-70.998138,42.354779],[-70.998459,42.355043],[-70.997909,42.35524],[-70.998036,42.3554],[-70.999422,42.355751],[-71.001474,42.35603],[-71.00376,42.355613],[-71.002589,42.354653],[-71.003648,42.354067],[-71.004497,42.352044],[-71.004966,42.349265],[-71.004805,42.347115],[-71.006729,42.346494],[-71.007784,42.346716],[-71.016789,42.352488],[-71.028221,42.358082],[-71.026291,42.362286],[-71.02618,42.364023],[-71.02686,42.364802],[-71.027771,42.365168],[-71.028461,42.364285],[-71.028192,42.363983],[-71.028347,42.363348],[-71.028904,42.363007],[-71.029793,42.363233],[-71.029897,42.36362],[-71.030644,42.362965],[-71.030672,42.363295],[-71.030749,42.362992],[-71.031322,42.363004],[-71.031456,42.362469],[-71.031509,42.363294],[-71.031921,42.363319],[-71.031998,42.362391],[-71.032392,42.362712],[-71.032519,42.361324],[-71.032525,42.362487],[-71.033528,42.362748],[-71.033935,42.360511],[-71.033651,42.363333],[-71.033928,42.363451],[-71.035732,42.361459],[-71.034082,42.363518],[-71.034304,42.364045],[-71.035468,42.36257],[-71.034813,42.363736],[-71.035529,42.36312],[-71.035012,42.363953],[-71.035935,42.364259],[-71.037352,42.362393],[-71.038126,42.362726],[-71.036668,42.364574],[-71.037235,42.364835],[-71.037849,42.364639],[-71.038914,42.363074],[-71.039721,42.363418],[-71.03856,42.364987],[-71.039436,42.36519],[-71.040683,42.363847],[-71.041843,42.364421],[-71.040619,42.365808],[-71.042343,42.3664],[-71.041774,42.367228],[-71.042145,42.367331],[-71.042585,42.366923],[-71.042929,42.367244],[-71.042206,42.368445],[-71.042904,42.368418],[-71.04303,42.369322],[-71.044011,42.369694],[-71.044612,42.369493],[-71.043994,42.370382],[-71.044963,42.370548],[-71.044935,42.371361],[-71.044722,42.371826],[-71.043926,42.371914],[-71.045106,42.372482],[-71.044124,42.372214],[-71.043894,42.372526],[-71.044888,42.372991],[-71.044709,42.373165],[-71.042619,42.372566],[-71.042433,42.37372],[-71.041952,42.373824],[-71.041953,42.37428],[-71.041385,42.374238],[-71.042061,42.375261],[-71.041802,42.375636],[-71.042319,42.375785],[-71.04219,42.376045],[-71.041241,42.375855],[-71.04132,42.377009],[-71.043258,42.377118],[-71.042152,42.377144],[-71.042185,42.37794],[-71.042861,42.377904],[-71.042877,42.378662],[-71.041768,42.378724],[-71.041542,42.379266],[-71.042195,42.382176],[-71.041013,42.382251],[-71.040557,42.383095],[-71.040572,42.383816],[-71.039741,42.383268],[-71.039484,42.384026],[-71.038691,42.384105],[-71.038419,42.384501],[-71.038111,42.384012],[-71.036808,42.384171],[-71.03667,42.384542],[-71.035217,42.384052],[-71.035182,42.384791],[-71.033491,42.384407],[-71.033331,42.383298],[-71.032902,42.38289],[-71.031214,42.38295],[-71.030752,42.383272],[-71.030764,42.38368],[-71.030096,42.383183],[-71.029946,42.383607],[-71.028976,42.38356],[-71.028476,42.382838],[-71.027206,42.382764],[-71.026894,42.383641],[-71.021846,42.386119],[-71.019478,42.386499],[-71.014674,42.392213],[-71.015873,42.393081],[-71.015751,42.393966],[-71.014632,42.395048],[-71.011955,42.395776],[-71.008946,42.395201],[-71.005862,42.393901],[-71.001408,42.396749],[-70.998307,42.396938],[-70.996476,42.396317],[-70.995463,42.393939],[-70.994262,42.393305],[-70.992839,42.392682]]]]}},{"type":"Feature","properties":{"area_id":"36","layer":"municipality","name":"Bourne","municipality_type":"town","county_id":"25001"},"geometry":{"type":"MultiPolygon","coordinates":[[[[-70.613246,41.658436],[-70.615274,41.658233],[-70.617037,41.65864],[-70.617308,41.658965],[-70.616988,41.659143],[-70.617419,41.659242],[-70.617729,41.658796],[-70.617324,41.658532],[-70.619903,41.658808],[-70.620978,41.659253],[-70.620845,41.659608],[-70.619344,41.659785],[-70.618583,41.660808],[-70.616949,41.659771],[-70.61641,41.659787],[-70.617978,41.661193],[-70.618641,41.662814],[-70.620861,41.664934],[-70.621904,41.664755],[-70.622104,41.664347],[-70.621614,41.66402],[-70.62374,41.662386],[-70.624327,41.662412],[-70.624424,41.661899],[-70.625694,41.661773],[-70.626186,41.661249],[-70.625116,41.660717],[-70.624106,41.661119],[-70.624029,41.66027],[-70.622031,41.659015],[-70.618465,41.657756],[-70.621014,41.65743],[-70.624382,41.659241],[-70.625983,41.660485],[-70.627144,41.660314],[-70.628722,41.660921],[-70.631136,41.663119],[-70.633729,41.664025],[-70.634602,41.663901],[-70.634963,41.662956],[-70.636463,41.662749],[-70.637366,41.661912],[-70.639002,41.661586],[-70.639313,41.66104],[-70.639159,41.660385],[-70.640176,41.658981],[-70.644229,41.659507],[-70.645989,41.660066],[-70.646709,41.660719],[-70.647601,41.66101],[-70.648216,41.661804],[-70.651875,41.663393],[-70.652083,41.663743],[-70.65263,41.663728],[-70.654127,41.666139],[-70.653967,41.667073],[-70.652379,41.667792],[-70.651691,41.669063],[-70.650387,41.669539],[-70.649166,41.670661],[-70.648051,41.670839],[-70.647159,41.670373],[-70.644908,41.671191],[-70.642256,41.671217],[-70.640288,41.671002],[-70.639355,41.670455],[-70.637874,41.670595],[-70.637021,41.668709],[-70.635852,41.667602],[-70.635928,41.666859],[-70.634843,41.66491],[-70.631625,41.664138],[-70.62845,41.664147],[-70.627487,41.664725],[-70.626945,41.665761],[-70.628198,41.66689],[-70.629427,41.667213],[-70.629898,41.66823],[-70.629222,41.668621],[-70.628416,41.667647],[-70.627507,41.667792],[-70.6275,41.667319],[-70.627149,41.667171],[-70.625883,41.668016],[-70.626028,41.66919],[-70.627092,41.669996],[-70.626429,41.672219],[-70.627809,41.673065],[-70.626127,41.673882],[-70.624579,41.671587],[-70.622656,41.670358],[-70.619603,41.670753],[-70.618518,41.670508],[-70.618126,41.671731],[-70.618417,41.672436],[-70.618072,41.67327],[-70.616151,41.674289],[-70.615413,41.674175],[-70.61507,41.673779],[-70.614417,41.673932],[-70.614194,41.675337],[-70.615552,41.675721],[-70.61603,41.676512],[-70.616367,41.676567],[-70.615874,41.677339],[-70.616951,41.678451],[-70.618649,41.679036],[-70.621461,41.677765],[-70.622285,41.678825],[-70.622154,41.679603],[-70.622662,41.680301],[-70.622528,41.680729],[-70.621774,41.680878],[-70.621468,41.680789],[-70.621533,41.680473],[-70.62059,41.680521],[-70.620197,41.681427],[-70.620622,41.682131],[-70.619647,41.682047],[-70.618908,41.682559],[-70.61847,41.684067],[-70.617997,41.684463],[-70.618168,41.685436],[-70.619492,41.6863],[-70.619558,41.686726],[-70.622251,41.686318],[-70.623374,41.685215],[-70.623523,41.684826],[-70.623268,41.684489],[-70.623548,41.684191],[-70.625212,41.683501],[-70.624999,41.682953],[-70.624222,41.683164],[-70.624805,41.682534],[-70.624106,41.68213],[-70.624236,41.681795],[-70.627131,41.681436],[-70.628884,41.683069],[-70.628904,41.684312],[-70.629889,41.68534],[-70.629229,41.685586],[-70.629232,41.685997],[-70.628588,41.686211],[-70.627829,41.6871],[-70.627651,41.689225],[-70.626843,41.68964],[-70.626568,41.690575],[-70.627019,41.691675],[-70.626903,41.692118],[-70.627695,41.692749],[-70.628097,41.693583],[-70.628589,41.693658],[-70.629968,41.69272],[-70.63057,41.693431],[-70.631091,41.693251],[-70.632169,41.693581],[-70.633225,41.693142],[-70.633743,41.693568],[-70.634665,41.693408],[-70.634032,41.6929],[-70.634068,41.692526],[-70.632874,41.692042],[-70.632076,41.690916],[-70.631983,41.690422],[-70.632396,41.690114],[-70.632229,41.689859],[-70.633185,41.689311],[-70.637068,41.688883],[-70.637758,41.68739],[-70.637562,41.685865],[-70.63933,41.685152],[-70.640542,41.685302],[-70.643077,41.684842],[-70.643297,41.684576],[-70.642944,41.68348],[-70.643631,41.683125],[-70.645513,41.681071],[-70.649101,41.681147],[-70.652587,41.680547],[-70.655069,41.681171],[-70.658099,41.681086],[-70.659036,41.680306],[-70.660418,41.679849],[-70.661382,41.680137],[-70.661943,41.680841],[-70.661036,41.682115],[-70.661108,41.682722],[-70.660764,41.683286],[-70.657484,41.684491],[-70.65683,41.686474],[-70.654377,41.687525],[-70.653258,41.687483],[-70.651877,41.687913],[-70.650782,41.688881],[-70.650285,41.690122],[-70.649659,41.690592],[-70.647823,41.690746],[-70.647612,41.690399],[-70.646487,41.690148],[-70.645566,41.690394],[-70.64472,41.691507],[-70.646225,41.693146],[-70.64624,41.693741],[-70.645662,41.694578],[-70.643368,41.695281],[-70.639765,41.69555],[-70.638327,41.696348],[-70.6372,41.696563],[-70.635541,41.696702],[-70.631692,41.696203],[-70.62898,41.696718],[-70.627413,41.697602],[-70.626917,41.698227],[-70.625403,41.698428],[-70.624412,41.700033],[-70.622773,41.699924],[-70.619913,41.700865],[-70.617453,41.700739],[-70.617855,41.701168],[-70.617693,41.701832],[-70.618775,41.703064],[-70.61808,41.704195],[-70.618553,41.704902],[-70.617192,41.705362],[-70.616681,41.706196],[-70.61725,41.707545],[-70.616726,41.711296],[-70.61703,41.71268],[-70.616042,41.713147],[-70.617223,41.713605],[-70.615971,41.714147],[-70.614848,41.715915],[-70.615865,41.718756],[-70.616951,41.720118],[-70.616908,41.720451],[-70.616167,41.720904],[-70.616696,41.722179],[-70.618546,41.723803],[-70.621079,41.724534],[-70.622498,41.726008],[-70.624655,41.726403],[-70.626986,41.725995],[-70.627992,41.724858],[-70.630046,41.724418],[-70.63112,41.723771],[-70.632123,41.722602],[-70.632325,41.721716],[-70.633034,41.721427],[-70.633564,41.720726],[-70.633697,41.719933],[-70.633029,41.719143],[-70.632748,41.717874],[-70.632174,41.717545],[-70.632628,41.716926],[-70.632792,41.714647],[-70.633737,41.714353],[-70.635244,41.714674],[-70.637536,41.715773],[-70.639417,41.717558],[-70.639139,41.718388],[-70.637794,41.718625],[-70.636183,41.719944],[-70.636097,41.72185],[-70.636435,41.723047],[-70.63617,41.723169],[-70.636597,41.723443],[-70.636301,41.723904],[-70.63233,41.725559],[-70.628735,41.726215],[-70.623481,41.727761],[-70.625058,41.729273],[-70.627216,41.73057],[-70.627418,41.731235],[-70.625434,41.731663],[-70.624048,41.732549],[-70.623707,41.73369],[-70.624481,41.73417],[-70.624407,41.734553],[-70.623174,41.734407],[-70.622514,41.734827],[-70.62177,41.734235],[-70.621011,41.734571],[-70.62074,41.734958],[-70.620877,41.735391],[-70.621912,41.735581],[-70.622905,41.736532],[-70.620074,41.737654],[-70.619301,41.738677],[-70.617872,41.738657],[-70.616997,41.739005],[-70.615188,41.738148],[-70.61466,41.738572],[-70.614524,41.739163],[-70.615878,41.739493],[-70.616231,41.739753],[-70.616152,41.740052],[-70.611557,41.741748],[-70.597196,41.744631],[-70.590386,41.746495],[-70.584144,41.748961],[-70.576636,41.753148],[-70.571302,41.757856],[-70.566462,41.764992],[-70.563554,41.768306],[-70.559741,41.771074],[-70.556208,41.772827],[-70.550204,41.77463],[-70.543944,41.775205],[-70.538322,41.774817],[-70.520371,41.772551],[-70.520662,41.771355],[-70.523248,41.768321],[-70.537136,41.720577],[-70.537561,41.718218],[-70.53831,41.716361],[-70.53857,41.714738],[-70.537912,41.712991],[-70.53776,41.710421],[-70.541929,41.701153],[-70.541723,41.698743],[-70.540378,41.69526],[-70.540642,41.692358],[-70.541104,41.691447],[-70.540977,41.690624],[-70.54195,41.687976],[-70.544587,41.683859],[-70.546762,41.676655],[-70.550178,41.671615],[-70.566663,41.656384],[-70.566884,41.654099],[-70.566305,41.651602],[-70.567491,41.649149],[-70.568905,41.648473],[-70.568752,41.647938],[-70.567776,41.647199],[-70.567904,41.645556],[-70.613246,41.658436]]],[[[-70.525782,41.775352],[-70.529977,41.775583],[-70.542469,41.777167],[-70.548123,41.776967],[-70.553802,41.775852],[-70.558574,41.77411],[-70.563298,41.771542],[-70.563435,41.771054],[-70.565407,41.769712],[-70.567431,41.767651],[-70.57211,41.760695],[-70.575088,41.757382],[-70.580043,41.753615],[-70.587528,41.749724],[-70.591956,41.748048],[-70.596902,41.746699],[-70.60825,41.744503],[-70.614209,41.743022],[-70.615128,41.742495],[-70.61616,41.742794],[-70.617226,41.741608],[-70.619546,41.741134],[-70.623414,41.738846],[-70.623391,41.738276],[-70.623781,41.737864],[-70.624925,41.737526],[-70.625907,41.738249],[-70.625972,41.738804],[-70.627337,41.739469],[-70.627525,41.74084],[-70.627075,41.74135],[-70.626144,41.741116],[-70.625076,41.741538],[-70.624498,41.742788],[-70.623726,41.74315],[-70.623554,41.744589],[-70.621943,41.745573],[-70.62209,41.746463],[-70.621892,41.746627],[-70.622131,41.746855],[-70.621502,41.747431],[-70.62548,41.74956],[-70.626233,41.750297],[-70.625804,41.751541],[-70.626789,41.753047],[-70.627333,41.753303],[-70.627996,41.752813],[-70.63133,41.752817],[-70.631293,41.753284],[-70.630564,41.753367],[-70.630456,41.756411],[-70.629667,41.75738],[-70.629444,41.756811],[-70.629875,41.756545],[-70.629563,41.756508],[-70.629238,41.757005],[-70.630305,41.760456],[-70.630084,41.760787],[-70.629691,41.76033],[-70.63,41.761264],[-70.631158,41.761863],[-70.631472,41.762719],[-70.632127,41.762542],[-70.632553,41.762915],[-70.60294,41.774705],[-70.565364,41.786677],[-70.537733,41.810516],[-70.534303,41.806257],[-70.530007,41.80178],[-70.526034,41.798252],[-70.521814,41.795219],[-70.519413,41.79276],[-70.520274,41.774435],[-70.525782,41.775352]]]]}},{"type":"Feature","properties":{"area_id":"37","layer":"municipality","name":"Boxborough","municipality_type":"town","county_id":"25017"},"geometry":{"type":"Polygon","coordinates":[[[-71.498548,42.463784],[-71.543394,42.466461],[-71.560367,42.474359],[-71.534855,42.513339],[-71.532719,42.514658],[-71.529841,42.51985],[-71.517808,42.515625],[-71.514822,42.511533],[-71.511441,42.508866],[-71.509085,42.510053],[-71.50281,42.506878],[-71.500055,42.509275],[-71.47353,42.500186],[-71.498548,42.463784]]]}},{"type":"Feature","properties":{"area_id":"38","layer":"municipality","name":"Boxford","municipality_type":"town","county_id":"25009"},"geometry":{"type":"Polygon","coordinates":[[[-71.03162,42.718046],[-71.026134,42.704699],[-71.025339,42.704089],[-71.023639,42.701619],[-71.004858,42.701371],[-70.997346,42.700677],[-70.99743,42.700167],[-70.995774,42.699651],[-70.994921,42.700571],[-70.992284,42.700518],[-70.991946,42.700849],[-70.991612,42.699476],[-70.976373,42.694426],[-70.948595,42.680677],[-70.964456,42.674835],[-70.965342,42.671876],[-70.968983,42.673205],[-70.960365,42.6491],[-70.975521,42.642197],[-70.976368,42.64073],[-70.976167,42.640199],[-70.975456,42.639964],[-70.975316,42.639287],[-70.973875,42.638313],[-70.973336,42.636761],[-70.974701,42.635772],[-70.974963,42.635176],[-70.974786,42.634583],[-70.975231,42.63445],[-70.975263,42.633888],[-70.974492,42.633931],[-70.974431,42.632892],[-70.973352,42.631797],[-70.973419,42.631252],[-70.974081,42.630903],[-70.973541,42.63036],[-70.973334,42.629512],[-70.971782,42.628846],[-70.971715,42.628536],[-70.970952,42.628325],[-70.97006,42.627518],[-70.96811,42.626848],[-70.968236,42.626221],[-70.968871,42.626074],[-70.969054,42.625143],[-70.969591,42.625032],[-70.970346,42.625399],[-70.971964,42.624974],[-70.971673,42.624035],[-70.9731,42.624276],[-70.974029,42.623508],[-70.975374,42.623832],[-70.976402,42.62347],[-70.976611,42.622925],[-70.975962,42.622741],[-70.976684,42.622376],[-70.976228,42.622007],[-70.976068,42.62111],[-70.977024,42.620692],[-70.977412,42.620979],[-70.977352,42.621507],[-70.979989,42.62171],[-70.980484,42.621361],[-70.981055,42.62162],[-70.983182,42.621571],[-70.983579,42.62194],[-70.985347,42.621719],[-71.02231,42.641645],[-71.04052,42.672696],[-71.090595,42.718718],[-71.091751,42.718131],[-71.092307,42.719008],[-71.095122,42.721504],[-71.095321,42.722092],[-71.09167,42.724548],[-71.093668,42.72675],[-71.095023,42.72626],[-71.095035,42.725711],[-71.096185,42.725118],[-71.095553,42.724455],[-71.096466,42.724109],[-71.108632,42.73529],[-71.097835,42.735229],[-71.092468,42.737009],[-71.090079,42.736978],[-71.088065,42.736154],[-71.081891,42.736695],[-71.074069,42.734503],[-71.072095,42.732681],[-71.058884,42.732472],[-71.03162,42.718046]]]}},{"type":"Feature","properties":{"area_id":"39","layer":"municipality","name":"Boylston","municipality_type":"town","county_id":"25027"},"geometry":{"type":"Polygon","coordinates":[[[-71.670553,42.386674],[-71.677795,42.365164],[-71.67637,42.36488],[-71.68788,42.32551],[-71.689538,42.325982],[-71.691141,42.326893],[-71.690966,42.328968],[-71.697597,42.32756],[-71.697644,42.329188],[-71.695466,42.330279],[-71.698674,42.332415],[-71.730214,42.321146],[-71.731825,42.317935],[-71.741795,42.315727],[-71.74142,42.317327],[-71.756531,42.312138],[-71.764442,42.312871],[-71.763739,42.344204],[-71.759707,42.370751],[-71.753806,42.38314],[-71.74192,42.386859],[-71.725981,42.390298],[-71.701033,42.395814],[-71.678767,42.389172],[-71.670553,42.386674]]]}},{"type":"Feature","properties":{"area_id":"40","layer":"municipality","name":"Braintree","municipality_type":"town with city form of government","county_id":"25021"},"geometry":{"type":"Polygon","coordinates":[[[-70.974898,42.237312],[-70.973425,42.237447],[-70.972032,42.236858],[-70.970777,42.236748],[-70.970354,42.235931],[-70.967508,42.236048],[-70.966887,42.235527],[-70.965514,42.235477],[-70.965073,42.234609],[-70.964046,42.234905],[-70.962856,42.234471],[-70.961852,42.234602],[-70.961557,42.234294],[-70.961175,42.232219],[-70.962448,42.231397],[-70.961723,42.229361],[-70.961724,42.228787],[-70.962382,42.227641],[-70.961849,42.226881],[-70.966323,42.224339],[-70.967909,42.224027],[-70.967855,42.223531],[-70.96716,42.223234],[-70.967871,42.222469],[-70.968067,42.221699],[-70.967685,42.220671],[-70.968701,42.219887],[-70.976478,42.168333],[-71.006338,42.168311],[-71.021995,42.169014],[-71.021584,42.170323],[-71.022428,42.170555],[-71.021299,42.173419],[-71.021614,42.174108],[-71.020817,42.175023],[-71.021134,42.175907],[-71.020575,42.176574],[-71.020629,42.177579],[-71.019878,42.177947],[-71.019995,42.178523],[-71.019548,42.178799],[-71.020167,42.17963],[-71.019899,42.180303],[-71.020165,42.18098],[-71.019692,42.181267],[-71.019942,42.181905],[-71.019229,42.183519],[-71.019459,42.183797],[-71.018985,42.184069],[-71.019412,42.184268],[-71.019469,42.18466],[-71.019091,42.185363],[-71.019525,42.185995],[-71.019131,42.186861],[-71.029592,42.191539],[-71.047272,42.194601],[-71.049491,42.206677],[-71.047858,42.206269],[-71.046979,42.206569],[-71.045595,42.206276],[-71.044883,42.206493],[-71.044939,42.215393],[-71.033001,42.227892],[-71.010768,42.228679],[-71.002171,42.232217],[-70.981106,42.235758],[-70.980405,42.235329],[-70.97839,42.237934],[-70.977501,42.23838],[-70.976671,42.238358],[-70.974944,42.237539],[-70.974898,42.237312]]]}},{"type":"Feature","properties":{"area_id":"41","layer":"municipality","name":"Brewster","municipality_type":"town","county_id":"25001"},"geometry":{"type":"Polygon","coordinates":[[[-70.019392,41.784852],[-70.01789,41.78544],[-70.01734,41.785159],[-70.01772,41.784705],[-70.016261,41.784639],[-70.016389,41.784125],[-70.015686,41.784387],[-70.014978,41.78386],[-70.014602,41.784132],[-70.013909,41.783494],[-70.013456,41.783771],[-70.013135,41.783083],[-70.012501,41.78277],[-70.012434,41.782233],[-70.011789,41.782267],[-70.012068,41.781868],[-70.011864,41.781597],[-70.011356,41.781725],[-70.005366,41.768824],[-70.005377,41.764635],[-69.993211,41.747813],[-69.995083,41.745649],[-69.997184,41.741377],[-70.000822,41.737838],[-70.002194,41.735671],[-69.991763,41.729051],[-69.991781,41.72894],[-70.02444,41.727768],[-70.026914,41.726808],[-70.026569,41.725636],[-70.0282,41.724427],[-70.030291,41.724442],[-70.031512,41.723834],[-70.032801,41.724067],[-70.034613,41.725762],[-70.03595,41.726395],[-70.038447,41.726786],[-70.040825,41.725108],[-70.043359,41.725127],[-70.04322,41.723801],[-70.043806,41.723554],[-70.049809,41.721807],[-70.052808,41.721579],[-70.057022,41.721899],[-70.063902,41.723151],[-70.066818,41.723335],[-70.070801,41.723117],[-70.075507,41.72184],[-70.081882,41.725116],[-70.08622,41.726253],[-70.094051,41.72451],[-70.096371,41.716009],[-70.133851,41.706166],[-70.145401,41.7439],[-70.145976,41.744119],[-70.145826,41.744502],[-70.145104,41.744789],[-70.1455,41.745385],[-70.144171,41.746839],[-70.142796,41.747345],[-70.14237,41.747168],[-70.141647,41.747667],[-70.141087,41.747475],[-70.140667,41.748117],[-70.140008,41.747847],[-70.139122,41.748671],[-70.138843,41.748336],[-70.137596,41.7483],[-70.137728,41.74883],[-70.136853,41.74903],[-70.13709,41.749368],[-70.136101,41.749485],[-70.135297,41.750176],[-70.134758,41.74981],[-70.134506,41.750429],[-70.134291,41.750054],[-70.133861,41.75008],[-70.1342,41.750589],[-70.133527,41.75096],[-70.132745,41.750648],[-70.132839,41.751328],[-70.133461,41.751132],[-70.133074,41.751786],[-70.131734,41.751323],[-70.131103,41.751882],[-70.131102,41.75146],[-70.130702,41.751557],[-70.130615,41.752196],[-70.131272,41.75214],[-70.131417,41.75288],[-70.130894,41.753108],[-70.12955,41.752527],[-70.129284,41.753012],[-70.129872,41.753165],[-70.129812,41.753772],[-70.130688,41.753536],[-70.130921,41.753871],[-70.129751,41.754415],[-70.129206,41.755174],[-70.127735,41.755529],[-70.126076,41.756912],[-70.12466,41.756582],[-70.123725,41.756751],[-70.123488,41.757418],[-70.122073,41.758538],[-70.121954,41.759892],[-70.121265,41.760141],[-70.121179,41.76069],[-70.119649,41.762014],[-70.118792,41.761693],[-70.11892,41.76082],[-70.117543,41.760716],[-70.115693,41.761151],[-70.115841,41.761718],[-70.116676,41.762262],[-70.115298,41.763144],[-70.11101,41.762676],[-70.106457,41.763104],[-70.101319,41.765118],[-70.098314,41.765923],[-70.096502,41.766827],[-70.094668,41.767201],[-70.093026,41.768097],[-70.091715,41.768286],[-70.090791,41.769255],[-70.089316,41.768722],[-70.088599,41.769015],[-70.086379,41.768294],[-70.084255,41.76852],[-70.081968,41.769364],[-70.077371,41.771759],[-70.073934,41.772907],[-70.070133,41.773356],[-70.069689,41.773111],[-70.069883,41.772726],[-70.069634,41.772404],[-70.068483,41.772147],[-70.063363,41.77322],[-70.052446,41.777026],[-70.044362,41.779325],[-70.032078,41.785268],[-70.030677,41.785547],[-70.029129,41.786762],[-70.027351,41.786968],[-70.02658,41.787577],[-70.024882,41.788184],[-70.023051,41.788111],[-70.021868,41.787128],[-70.020456,41.787237],[-70.020884,41.786253],[-70.022164,41.78612],[-70.021016,41.786054],[-70.020437,41.786419],[-70.019918,41.78615],[-70.019444,41.786498],[-70.018904,41.786067],[-70.018829,41.785443],[-70.019392,41.784852]]]}},{"type":"Feature","properties":{"area_id":"42","layer":"municipality","name":"Bridgewater","municipality_type":"town with city form of government","county_id":"25023"},"geometry":{"type":"Polygon","coordinates":[[[-70.899776,41.988293],[-70.9014,41.98299],[-70.911481,41.980236],[-70.912178,41.978666],[-70.911727,41.977016],[-70.909998,41.975828],[-70.908348,41.973949],[-70.908841,41.972213],[-70.907277,41.970208],[-70.907274,41.967544],[-70.908533,41.966395],[-70.910827,41.966017],[-70.910722,41.965412],[-70.909836,41.96444],[-70.910054,41.963976],[-70.912484,41.963135],[-70.913516,41.963369],[-70.914154,41.962985],[-70.914833,41.962014],[-70.913435,41.961568],[-70.913994,41.961082],[-70.915206,41.961085],[-70.917568,41.961944],[-70.919623,41.962068],[-70.920163,41.962389],[-70.920011,41.962984],[-70.92067,41.963098],[-70.92179,41.962487],[-70.922684,41.960868],[-70.922779,41.959676],[-70.923597,41.959079],[-70.924275,41.959062],[-70.925792,41.959777],[-70.929215,41.960232],[-70.932602,41.958678],[-70.933915,41.957091],[-70.934607,41.954844],[-70.93597,41.953344],[-70.936094,41.951843],[-70.936914,41.949044],[-70.936374,41.946314],[-70.938069,41.943356],[-70.938794,41.941171],[-70.940746,41.938719],[-70.942562,41.937504],[-70.94369,41.934933],[-70.94622,41.932685],[-70.947019,41.932756],[-70.94799,41.934005],[-70.949245,41.93444],[-70.952348,41.934302],[-70.954453,41.934611],[-70.956096,41.934032],[-70.95693,41.934053],[-70.959311,41.934799],[-70.960725,41.935929],[-70.965905,41.936832],[-70.968518,41.938517],[-70.970844,41.938992],[-70.973391,41.94006],[-70.97406,41.940156],[-70.974859,41.93963],[-70.976064,41.939403],[-70.979499,41.940466],[-70.984707,41.938227],[-70.987132,41.937618],[-70.987923,41.934163],[-70.990038,41.931684],[-70.991455,41.931631],[-70.992515,41.932245],[-70.995958,41.933194],[-70.997902,41.934283],[-70.998691,41.932146],[-70.998296,41.930222],[-70.998753,41.929834],[-70.999776,41.929678],[-71.010567,41.940088],[-71.043909,41.960294],[-71.049485,41.963103],[-71.054184,41.982725],[-71.00271,41.998067],[-70.990618,42.003914],[-70.978786,42.007403],[-70.979586,42.011009],[-70.953665,42.005859],[-70.942781,42.006564],[-70.935543,42.007816],[-70.93031,42.007808],[-70.926593,42.008916],[-70.925609,42.00894],[-70.920479,42.007154],[-70.918633,42.005965],[-70.917457,42.004609],[-70.917548,42.002438],[-70.914188,41.998928],[-70.913057,41.997085],[-70.910581,41.996785],[-70.908549,41.996129],[-70.903494,41.996602],[-70.899186,41.99633],[-70.899776,41.988293]]]}},{"type":"Feature","properties":{"area_id":"43","layer":"municipality","name":"Brimfield","municipality_type":"town","county_id":"25013"},"geometry":{"type":"Polygon","coordinates":[[[-72.135012,42.161792],[-72.135113,42.090674],[-72.192675,42.091553],[-72.270097,42.092531],[-72.274456,42.143757],[-72.273081,42.142873],[-72.271574,42.143105],[-72.270503,42.143796],[-72.268996,42.145937],[-72.269253,42.147569],[-72.267782,42.14908],[-72.267299,42.151607],[-72.266742,42.15269],[-72.266776,42.153539],[-72.265274,42.154632],[-72.265555,42.155765],[-72.267224,42.156527],[-72.268382,42.158298],[-72.268221,42.159397],[-72.266677,42.160958],[-72.266961,42.161633],[-72.267829,42.162171],[-72.268283,42.162945],[-72.267115,42.165977],[-72.266248,42.166674],[-72.264744,42.167115],[-72.264023,42.168229],[-72.262829,42.168689],[-72.26207,42.169853],[-72.261555,42.171503],[-72.263473,42.173304],[-72.263888,42.174485],[-72.263627,42.175293],[-72.262125,42.175811],[-72.261655,42.176936],[-72.262079,42.177862],[-72.263353,42.178949],[-72.263952,42.180716],[-72.263248,42.182087],[-72.263925,42.183839],[-72.200627,42.161296],[-72.199349,42.153715],[-72.14189,42.161009],[-72.135012,42.161792]]]}},{"type":"Feature","properties":{"area_id":"44","layer":"municipality","name":"Brockton","municipality_type":"city","county_id":"25023"},"geometry":{"type":"Polygon","coordinates":[[[-70.975231,42.071186],[-70.980789,42.068867],[-70.98992,42.059495],[-70.98716,42.046577],[-71.022926,42.042187],[-71.025777,42.055098],[-71.069595,42.049712],[-71.080484,42.095548],[-71.061314,42.10318],[-71.021859,42.118753],[-71.001975,42.126535],[-70.998632,42.111632],[-70.979118,42.114086],[-70.978975,42.113883],[-70.978915,42.112913],[-70.979874,42.111633],[-70.980957,42.110957],[-70.98054,42.109935],[-70.980664,42.109264],[-70.978747,42.108469],[-70.978131,42.107871],[-70.977926,42.106507],[-70.977365,42.105782],[-70.977875,42.104777],[-70.977374,42.104352],[-70.976726,42.102667],[-70.976688,42.101867],[-70.977059,42.101108],[-70.976717,42.100544],[-70.977145,42.100262],[-70.977175,42.099789],[-70.976675,42.098715],[-70.975955,42.098317],[-70.975073,42.096238],[-70.975533,42.095324],[-70.975181,42.094824],[-70.975703,42.092358],[-70.975227,42.091716],[-70.97525,42.090702],[-70.975587,42.090603],[-70.975445,42.090183],[-70.975871,42.08974],[-70.97499,42.087939],[-70.975388,42.087504],[-70.976529,42.087205],[-70.975231,42.071186]]]}},{"type":"Feature","properties":{"area_id":"45","layer":"municipality","name":"Brookfield","municipality_type":"town","county_id":"25027"},"geometry":{"type":"Polygon","coordinates":[[[-72.073525,42.23117],[-72.073155,42.230921],[-72.07315,42.230408],[-72.074116,42.22959],[-72.073941,42.228763],[-72.074236,42.228291],[-72.073907,42.227419],[-72.074287,42.227089],[-72.073549,42.225722],[-72.073668,42.224675],[-72.072825,42.22366],[-72.073218,42.222878],[-72.073048,42.222345],[-72.07376,42.221648],[-72.073615,42.220865],[-72.073995,42.220527],[-72.075204,42.220612],[-72.075777,42.21977],[-72.076504,42.21945],[-72.076918,42.218126],[-72.076665,42.217846],[-72.077244,42.217143],[-72.07696,42.216946],[-72.078001,42.216143],[-72.078049,42.215515],[-72.078865,42.214652],[-72.060478,42.202996],[-72.070411,42.184858],[-72.070448,42.184104],[-72.069861,42.183095],[-72.069997,42.182486],[-72.072703,42.180504],[-72.073889,42.178241],[-72.074107,42.175578],[-72.071854,42.17281],[-72.071588,42.172053],[-72.07245,42.169287],[-72.089416,42.167147],[-72.086753,42.154444],[-72.108681,42.151597],[-72.11152,42.164464],[-72.135012,42.161792],[-72.14189,42.161009],[-72.147211,42.181481],[-72.1397,42.179545],[-72.142258,42.197461],[-72.129844,42.221247],[-72.123743,42.215683],[-72.119866,42.21395],[-72.118794,42.230955],[-72.112766,42.233227],[-72.111252,42.238591],[-72.099246,42.230774],[-72.078576,42.231071],[-72.074367,42.232238],[-72.072828,42.232096],[-72.073525,42.23117]]]}},{"type":"Feature","properties":{"area_id":"46","layer":"municipality","name":"Brookline","municipality_type":"town","county_id":"25021"},"geometry":{"type":"Polygon","coordinates":[[[-71.166092,42.304478],[-71.169844,42.307653],[-71.178936,42.314325],[-71.170069,42.320689],[-71.170485,42.321547],[-71.167349,42.32265],[-71.156887,42.330249],[-71.157037,42.330399],[-71.149854,42.334643],[-71.150462,42.334977],[-71.150059,42.335402],[-71.148295,42.335815],[-71.148742,42.336874],[-71.146157,42.33745],[-71.146606,42.338546],[-71.144212,42.340031],[-71.14194,42.340017],[-71.140786,42.341537],[-71.135279,42.34595],[-71.129069,42.349179],[-71.128584,42.349841],[-71.126399,42.350225],[-71.124137,42.351553],[-71.122943,42.351425],[-71.122873,42.351764],[-71.106551,42.3498],[-71.107143,42.347055],[-71.105517,42.343821],[-71.108028,42.342487],[-71.108446,42.34186],[-71.109554,42.341503],[-71.11058,42.340452],[-71.11156,42.33734],[-71.110709,42.336317],[-71.110991,42.335766],[-71.110534,42.335338],[-71.113255,42.332406],[-71.113559,42.330512],[-71.115041,42.327317],[-71.115965,42.326388],[-71.116538,42.323948],[-71.118398,42.323464],[-71.118871,42.322866],[-71.119438,42.322744],[-71.120071,42.322814],[-71.121529,42.323891],[-71.123368,42.322581],[-71.123713,42.322725],[-71.131863,42.313186],[-71.136502,42.306212],[-71.140097,42.302182],[-71.146883,42.297288],[-71.152114,42.294597],[-71.164703,42.303839],[-71.166092,42.304478]]]}},{"type":"Feature","properties":{"area_id":"47","layer":"municipality","name":"Buckland","municipality_type":"town","county_id":"25011"},"geometry":{"type":"Polygon","coordinates":[[[-72.735595,42.626438],[-72.735333,42.625898],[-72.737125,42.621729],[-72.737291,42.619902],[-72.736998,42.619204],[-72.736125,42.618801],[-72.735438,42.617983],[-72.735388,42.616389],[-72.737061,42.61338],[-72.738332,42.607955],[-72.740384,42.604385],[-72.740472,42.6027],[-72.739751,42.602268],[-72.738661,42.602243],[-72.73728,42.602762],[-72.736257,42.602766],[-72.7345,42.601925],[-72.733348,42.60061],[-72.732712,42.598479],[-72.731366,42.595846],[-72.730907,42.59284],[-72.730353,42.591629],[-72.727029,42.590605],[-72.723982,42.587475],[-72.71991,42.586239],[-72.718763,42.585544],[-72.719335,42.585495],[-72.742206,42.583087],[-72.745432,42.564282],[-72.775373,42.568032],[-72.848455,42.559077],[-72.833425,42.611188],[-72.831775,42.616631],[-72.822729,42.618787],[-72.820268,42.618432],[-72.815651,42.616816],[-72.809935,42.616984],[-72.803309,42.616618],[-72.797903,42.617617],[-72.790832,42.619686],[-72.783542,42.621305],[-72.778351,42.621065],[-72.772694,42.620124],[-72.764284,42.619438],[-72.759627,42.619823],[-72.754101,42.620988],[-72.752182,42.620068],[-72.750141,42.618234],[-72.748382,42.618047],[-72.745282,42.61968],[-72.745525,42.621395],[-72.746751,42.622487],[-72.747034,42.623435],[-72.746885,42.623977],[-72.744538,42.626409],[-72.742441,42.627256],[-72.736891,42.627031],[-72.735595,42.626438]]]}},{"type":"Feature","properties":{"area_id":"48","layer":"municipality","name":"Burlington","municipality_type":"town","county_id":"25017"},"geometry":{"type":"Polygon","coordinates":[[[-71.169647,42.511372],[-71.17026,42.510461],[-71.169498,42.510237],[-71.169854,42.509694],[-71.169474,42.509497],[-71.169325,42.507881],[-71.169676,42.507513],[-71.169353,42.507369],[-71.169924,42.50674],[-71.1692,42.506517],[-71.168439,42.498158],[-71.168915,42.490556],[-71.17072,42.489764],[-71.168924,42.487095],[-71.181501,42.483631],[-71.181376,42.483395],[-71.182945,42.482131],[-71.186507,42.480988],[-71.185478,42.479973],[-71.187397,42.479373],[-71.188279,42.479705],[-71.204309,42.465847],[-71.210224,42.470736],[-71.210594,42.467608],[-71.212116,42.466253],[-71.240906,42.490022],[-71.231898,42.506376],[-71.221871,42.525243],[-71.217971,42.524057],[-71.204995,42.544498],[-71.199749,42.539504],[-71.197726,42.538416],[-71.19512,42.535673],[-71.192953,42.534529],[-71.170035,42.515547],[-71.169647,42.511372]]]}},{"type":"Feature","properties":{"area_id":"49","layer":"municipality","name":"Cambridge","municipality_type":"city","county_id":"25017"},"geometry":{"type":"Polygon","coordinates":[[[-71.072466,42.372667],[-71.067116,42.371824],[-71.063985,42.368941],[-71.069479,42.369055],[-71.074794,42.363782],[-71.076093,42.360389],[-71.077953,42.358744],[-71.093042,42.353893],[-71.103407,42.352458],[-71.110084,42.352558],[-71.11246,42.352912],[-71.114916,42.35387],[-71.116523,42.355035],[-71.117067,42.355876],[-71.117166,42.357006],[-71.116579,42.359576],[-71.116873,42.365894],[-71.117692,42.368155],[-71.11896,42.368769],[-71.122044,42.368712],[-71.124173,42.369338],[-71.126025,42.371956],[-71.128616,42.373746],[-71.131147,42.373876],[-71.13272,42.373208],[-71.133179,42.372347],[-71.131863,42.370292],[-71.131972,42.369343],[-71.133803,42.367951],[-71.136659,42.366761],[-71.139148,42.364712],[-71.140408,42.36441],[-71.143668,42.365089],[-71.14427,42.366463],[-71.14256,42.366913],[-71.141009,42.369344],[-71.140373,42.370647],[-71.139992,42.373577],[-71.143926,42.374083],[-71.143631,42.375286],[-71.145938,42.375204],[-71.15024,42.374386],[-71.150379,42.374622],[-71.154373,42.375103],[-71.156232,42.380645],[-71.155051,42.380209],[-71.155201,42.381173],[-71.15777,42.382099],[-71.160399,42.386551],[-71.158383,42.386838],[-71.157892,42.387275],[-71.157108,42.390127],[-71.158446,42.394554],[-71.156385,42.395832],[-71.152245,42.400824],[-71.152057,42.401049],[-71.143588,42.397418],[-71.140373,42.399839],[-71.137859,42.400315],[-71.136304,42.401],[-71.135006,42.402636],[-71.134636,42.404268],[-71.131301,42.401589],[-71.122839,42.392252],[-71.120975,42.393716],[-71.117064,42.389574],[-71.117989,42.389088],[-71.117442,42.388385],[-71.118194,42.388018],[-71.115489,42.385046],[-71.111692,42.381776],[-71.1107,42.381696],[-71.10785,42.379379],[-71.108458,42.379121],[-71.103142,42.374337],[-71.093634,42.374257],[-71.089784,42.373957],[-71.086089,42.373068],[-71.085444,42.374054],[-71.084412,42.37331],[-71.082414,42.373419],[-71.081198,42.374065],[-71.080365,42.374127],[-71.079957,42.373817],[-71.078988,42.374182],[-71.077547,42.373573],[-71.075983,42.374039],[-71.074203,42.372535],[-71.072689,42.37323],[-71.072466,42.372667]]]}},{"type":"Feature","properties":{"area_id":"50","layer":"municipality","name":"Canton","municipality_type":"town","county_id":"25021"},"geometry":{"type":"Polygon","coordinates":[[[-71.066624,42.164066],[-71.095625,42.147915],[-71.131854,42.139316],[-71.131019,42.142498],[-71.131228,42.143051],[-71.134689,42.143748],[-71.135333,42.141908],[-71.137614,42.142501],[-71.137743,42.142135],[-71.13856,42.141909],[-71.13879,42.141508],[-71.138393,42.141214],[-71.138651,42.141016],[-71.138649,42.139971],[-71.139916,42.13988],[-71.14078,42.138069],[-71.144549,42.137706],[-71.149164,42.13862],[-71.163543,42.141466],[-71.162199,42.14529],[-71.171994,42.151532],[-71.176369,42.155368],[-71.175763,42.155607],[-71.17856,42.165867],[-71.176026,42.164557],[-71.174542,42.164525],[-71.169747,42.16721],[-71.167263,42.169186],[-71.166163,42.174573],[-71.167348,42.176206],[-71.166646,42.178136],[-71.166954,42.178658],[-71.168002,42.179106],[-71.167369,42.179747],[-71.165267,42.180024],[-71.164282,42.180895],[-71.164045,42.181594],[-71.165272,42.182084],[-71.165348,42.182425],[-71.16375,42.184492],[-71.162844,42.185079],[-71.162726,42.186832],[-71.160259,42.188479],[-71.16015,42.190047],[-71.158317,42.193744],[-71.158195,42.194762],[-71.157679,42.195275],[-71.156354,42.195618],[-71.15546,42.196871],[-71.154853,42.19695],[-71.153759,42.197861],[-71.15235,42.198042],[-71.151902,42.198851],[-71.150464,42.199951],[-71.14996,42.201078],[-71.146308,42.204254],[-71.146256,42.205261],[-71.145713,42.206353],[-71.147575,42.205971],[-71.148466,42.206604],[-71.147111,42.208301],[-71.145933,42.209231],[-71.144894,42.20948],[-71.143944,42.210935],[-71.142329,42.21167],[-71.142416,42.212171],[-71.143527,42.213132],[-71.142423,42.214309],[-71.14282,42.215681],[-71.142195,42.217571],[-71.141171,42.218372],[-71.14207,42.218924],[-71.142246,42.219532],[-71.140575,42.221772],[-71.139984,42.223199],[-71.14008,42.22394],[-71.136529,42.227087],[-71.134832,42.226949],[-71.134113,42.227473],[-71.132605,42.227115],[-71.13075,42.22792],[-71.114193,42.21207],[-71.102964,42.200714],[-71.066624,42.164066]]]}},{"type":"Feature","properties":{"area_id":"51","layer":"municipality","name":"Carlisle","municipality_type":"town","county_id":"25017"},"geometry":{"type":"Polygon","coordinates":[[[-71.333092,42.560124],[-71.324803,42.556068],[-71.31962,42.55408],[-71.314386,42.549563],[-71.318314,42.542791],[-71.30875,42.533969],[-71.307186,42.53323],[-71.307539,42.530008],[-71.304588,42.529277],[-71.30495,42.528549],[-71.305163,42.52595],[-71.306713,42.522779],[-71.3067,42.520602],[-71.306562,42.518914],[-71.306919,42.51709],[-71.306196,42.515088],[-71.306331,42.514402],[-71.308659,42.513263],[-71.310919,42.511266],[-71.316423,42.507345],[-71.317751,42.504579],[-71.317546,42.502431],[-71.353566,42.502926],[-71.384948,42.504473],[-71.391564,42.506829],[-71.397947,42.526345],[-71.399515,42.534025],[-71.384741,42.538708],[-71.388374,42.549955],[-71.368337,42.558046],[-71.346331,42.563676],[-71.332544,42.560765],[-71.333092,42.560124]]]}},{"type":"Feature","properties":{"area_id":"52","layer":"municipality","name":"Carver","municipality_type":"town","county_id":"25023"},"geometry":{"type":"Polygon","coordinates":[[[-70.750719,41.926028],[-70.680699,41.845596],[-70.682198,41.84556],[-70.683788,41.844811],[-70.689502,41.8401],[-70.689839,41.838227],[-70.690929,41.838074],[-70.692503,41.836715],[-70.693733,41.83627],[-70.694819,41.83451],[-70.695261,41.832633],[-70.696503,41.831309],[-70.697274,41.830917],[-70.697547,41.830334],[-70.697319,41.82949],[-70.699726,41.829731],[-70.699986,41.829525],[-70.699869,41.829012],[-70.700711,41.828722],[-70.705434,41.829422],[-70.70636,41.829073],[-70.707499,41.827366],[-70.708287,41.82684],[-70.707867,41.825793],[-70.708279,41.825273],[-70.708555,41.823934],[-70.711309,41.821577],[-70.712629,41.820178],[-70.712471,41.819881],[-70.713086,41.819084],[-70.713678,41.81897],[-70.715095,41.817406],[-70.714509,41.816534],[-70.715899,41.81504],[-70.715519,41.814465],[-70.715834,41.813895],[-70.715252,41.812874],[-70.715916,41.812235],[-70.717222,41.809896],[-70.716581,41.808495],[-70.717421,41.807855],[-70.717773,41.806533],[-70.717612,41.805424],[-70.716849,41.804326],[-70.71785,41.803577],[-70.717839,41.802145],[-70.717536,41.801519],[-70.740871,41.800333],[-70.770261,41.825786],[-70.771574,41.830008],[-70.772183,41.830402],[-70.771936,41.830976],[-70.772342,41.831782],[-70.773722,41.831949],[-70.775207,41.831566],[-70.776329,41.832301],[-70.777762,41.831952],[-70.778627,41.832123],[-70.779028,41.831646],[-70.779408,41.83167],[-70.77916,41.832008],[-70.779798,41.832236],[-70.779498,41.832523],[-70.779938,41.833556],[-70.780251,41.8336],[-70.780176,41.833214],[-70.780821,41.833427],[-70.780545,41.834008],[-70.782536,41.833579],[-70.783843,41.834428],[-70.784758,41.833766],[-70.78618,41.835342],[-70.786952,41.835059],[-70.786633,41.835991],[-70.788932,41.83647],[-70.789663,41.838135],[-70.788828,41.838204],[-70.788439,41.839145],[-70.787886,41.839479],[-70.788445,41.839989],[-70.788122,41.841221],[-70.790706,41.842794],[-70.790831,41.843485],[-70.789803,41.84451],[-70.790226,41.846155],[-70.791494,41.846229],[-70.794466,41.849223],[-70.79485,41.850834],[-70.793663,41.852843],[-70.793927,41.857281],[-70.797199,41.861259],[-70.799005,41.861189],[-70.801552,41.862284],[-70.809185,41.868704],[-70.81178,41.873596],[-70.802471,41.875312],[-70.815505,41.913637],[-70.829828,41.927708],[-70.77171,41.946157],[-70.758693,41.947516],[-70.753528,41.93325],[-70.750719,41.926028]]]}},{"type":"Feature","properties":{"area_id":"53","layer":"municipality","name":"Charlemont","municipality_type":"town","county_id":"25011"},"geometry":{"type":"Polygon","coordinates":[[[-72.766094,42.629269],[-72.735119,42.633112],[-72.736384,42.631233],[-72.737047,42.628858],[-72.736891,42.627031],[-72.742441,42.627256],[-72.744538,42.626409],[-72.746885,42.623977],[-72.747034,42.623435],[-72.746751,42.622487],[-72.745525,42.621395],[-72.745282,42.61968],[-72.748382,42.618047],[-72.750141,42.618234],[-72.752182,42.620068],[-72.754101,42.620988],[-72.759627,42.619823],[-72.764284,42.619438],[-72.772694,42.620124],[-72.778351,42.621065],[-72.783542,42.621305],[-72.790832,42.619686],[-72.797903,42.617617],[-72.803309,42.616618],[-72.809935,42.616984],[-72.815651,42.616816],[-72.820268,42.618432],[-72.822729,42.618787],[-72.831775,42.616631],[-72.833425,42.611188],[-72.929659,42.623722],[-72.954602,42.628664],[-72.95104,42.641014],[-72.952651,42.650874],[-72.953958,42.651231],[-72.955553,42.654515],[-72.937302,42.663999],[-72.936757,42.664862],[-72.934597,42.665613],[-72.933293,42.667161],[-72.93042,42.667379],[-72.929817,42.667941],[-72.929489,42.669081],[-72.914645,42.66939],[-72.913708,42.67247],[-72.857655,42.67398],[-72.855427,42.664624],[-72.854216,42.66466],[-72.851208,42.647154],[-72.842275,42.646624],[-72.842794,42.638107],[-72.836203,42.637798],[-72.835708,42.635079],[-72.821508,42.636887],[-72.772649,42.658343],[-72.766094,42.629269]]]}},{"type":"Feature","properties":{"area_id":"54","layer":"municipality","name":"Charlton","municipality_type":"town","county_id":"25027"},"geometry":{"type":"Polygon","coordinates":[[[-71.992844,42.072571],[-71.992502,42.078196],[-71.995747,42.077459],[-71.996588,42.082131],[-71.992664,42.083154],[-71.993372,42.0857],[-71.994882,42.085356],[-71.99388,42.087529],[-71.99608,42.087287],[-71.998138,42.097875],[-72.002994,42.096598],[-72.027288,42.105036],[-72.02549,42.107938],[-72.027604,42.107415],[-72.029052,42.115124],[-72.031761,42.114397],[-72.030846,42.109807],[-72.036288,42.108161],[-72.036191,42.109492],[-72.039077,42.109067],[-72.039617,42.112312],[-72.042019,42.111675],[-72.046817,42.134934],[-72.024016,42.141795],[-72.029441,42.174433],[-72.018602,42.175708],[-72.019888,42.183771],[-71.939358,42.189247],[-71.916968,42.190871],[-71.89949,42.104123],[-71.911891,42.10132],[-71.909229,42.091282],[-71.992844,42.072571]]]}},{"type":"Feature","properties":{"area_id":"55","layer":"municipality","name":"Chatham","municipality_type":"town","county_id":"25001"},"geometry":{"type":"MultiPolygon","coordinates":[[[[-69.980996,41.615712],[-69.98283,41.613738],[-69.984066,41.611084],[-69.985128,41.604091],[-69.987488,41.599294],[-69.988604,41.594862],[-69.988613,41.587621],[-69.989653,41.5828],[-69.989176,41.580281],[-69.989439,41.575445],[-69.988355,41.569509],[-69.988551,41.563433],[-69.987353,41.557014],[-69.987841,41.55327],[-69.988993,41.55122],[-69.991203,41.548629],[-69.995511,41.544575],[-69.998678,41.54235],[-70.001366,41.541078],[-70.00426,41.540434],[-70.006139,41.540466],[-70.009068,41.541101],[-70.010319,41.541756],[-70.011605,41.543033],[-70.013247,41.545766],[-70.014288,41.549634],[-70.013922,41.552841],[-70.013223,41.554081],[-70.011226,41.55543],[-70.009719,41.557385],[-70.008282,41.558637],[-70.004679,41.560985],[-70.003247,41.56111],[-70.000448,41.562987],[-69.999089,41.565435],[-69.997992,41.566466],[-69.997555,41.568061],[-69.995919,41.570346],[-69.994835,41.573245],[-69.993017,41.576677],[-69.992653,41.578458],[-69.992664,41.580647],[-69.991528,41.584313],[-69.992034,41.592461],[-69.991771,41.595278],[-69.992479,41.599207],[-69.992164,41.60258],[-69.991104,41.604589],[-69.991072,41.605861],[-69.990531,41.60669],[-69.989479,41.606553],[-69.988834,41.605754],[-69.98965,41.604136],[-69.989503,41.603446],[-69.988361,41.603973],[-69.987394,41.605721],[-69.987416,41.606307],[-69.98837,41.606563],[-69.988692,41.607302],[-69.987838,41.608367],[-69.986327,41.609421],[-69.986517,41.610682],[-69.985932,41.611896],[-69.986088,41.613503],[-69.985599,41.61516],[-69.985903,41.617683],[-69.985356,41.618468],[-69.985928,41.619809],[-69.985586,41.620248],[-69.984509,41.619851],[-69.983927,41.620145],[-69.98379,41.620505],[-69.984395,41.621552],[-69.983483,41.62231],[-69.982973,41.621751],[-69.982642,41.620547],[-69.981553,41.619251],[-69.980996,41.615712]]],[[[-69.979779,41.629717],[-69.97988,41.628989],[-69.979597,41.628629],[-69.979747,41.628159],[-69.980473,41.627844],[-69.980404,41.627476],[-69.978649,41.626973],[-69.977937,41.627705],[-69.977335,41.626778],[-69.976339,41.626929],[-69.975886,41.627486],[-69.975498,41.626856],[-69.975787,41.626049],[-69.980477,41.626003],[-69.980535,41.626801],[-69.981548,41.627707],[-69.98042,41.629956],[-69.979779,41.629717]]],[[[-69.979319,41.636343],[-69.980214,41.636839],[-69.979583,41.637538],[-69.980192,41.637769],[-69.979543,41.63828],[-69.978627,41.638167],[-69.978845,41.637371],[-69.979319,41.636343]]],[[[-69.967871,41.6433],[-69.968078,41.64255],[-69.970631,41.640215],[-69.971441,41.638151],[-69.97128,41.636363],[-69.969981,41.63462],[-69.970434,41.634076],[-69.971272,41.631183],[-69.970972,41.630313],[-69.973196,41.628446],[-69.97519,41.628416],[-69.975935,41.630131],[-69.9787,41.631768],[-69.978455,41.632183],[-69.978913,41.632549],[-69.978841,41.632878],[-69.977555,41.633104],[-69.978574,41.633661],[-69.977757,41.634592],[-69.978434,41.635004],[-69.97893,41.634799],[-69.979914,41.635059],[-69.979025,41.635296],[-69.979005,41.635774],[-69.978197,41.635732],[-69.977145,41.635127],[-69.976045,41.635228],[-69.975336,41.636057],[-69.975933,41.636258],[-69.976045,41.635911],[-69.976489,41.635999],[-69.976412,41.637313],[-69.976834,41.637897],[-69.977273,41.637826],[-69.9776,41.638243],[-69.977208,41.63826],[-69.975783,41.640396],[-69.975119,41.640659],[-69.974826,41.641703],[-69.972232,41.642908],[-69.970799,41.643034],[-69.970668,41.643359],[-69.971172,41.643758],[-69.970996,41.643967],[-69.970175,41.643779],[-69.970454,41.643426],[-69.969796,41.643241],[-69.969573,41.644041],[-69.970313,41.644395],[-69.968377,41.64402],[-69.967871,41.6433]]],[[[-69.944499,41.692173],[-69.944839,41.690802],[-69.946436,41.689556],[-69.949047,41.688458],[-69.950098,41.689497],[-69.949429,41.689565],[-69.949258,41.691661],[-69.948405,41.693385],[-69.947237,41.694837],[-69.947503,41.695118],[-69.948311,41.694834],[-69.948432,41.695615],[-69.946938,41.695244],[-69.946997,41.694044],[-69.944499,41.692173]]],[[[-70.038229,41.669762],[-70.038025,41.670164],[-70.038364,41.670314],[-70.038224,41.671015],[-70.037213,41.671997],[-70.036965,41.672941],[-70.036215,41.673435],[-70.034456,41.676253],[-70.033329,41.676636],[-70.031868,41.678442],[-70.027288,41.699882],[-70.023718,41.700517],[-70.018649,41.699645],[-70.014998,41.700481],[-70.013311,41.699945],[-70.008613,41.702888],[-70.007362,41.702995],[-70.005963,41.703612],[-70.004987,41.704836],[-70.003912,41.705126],[-70.001482,41.707359],[-69.99927,41.708565],[-69.99855,41.709445],[-69.996582,41.710847],[-69.993436,41.71227],[-69.993153,41.713625],[-69.989262,41.71484],[-69.984171,41.718255],[-69.980447,41.720199],[-69.977479,41.721402],[-69.975123,41.721454],[-69.971283,41.719629],[-69.966729,41.718657],[-69.964652,41.717578],[-69.964571,41.71645],[-69.965195,41.71482],[-69.964613,41.713991],[-69.963706,41.713502],[-69.963745,41.712619],[-69.964265,41.712887],[-69.965229,41.714466],[-69.967816,41.714489],[-69.970246,41.713709],[-69.971392,41.711524],[-69.972132,41.71115],[-69.973556,41.71213],[-69.974003,41.713141],[-69.973809,41.714123],[-69.972322,41.715263],[-69.972633,41.716353],[-69.974243,41.717302],[-69.977459,41.717847],[-69.979621,41.716738],[-69.981676,41.716159],[-69.982282,41.715383],[-69.981833,41.714241],[-69.979847,41.712991],[-69.979923,41.712317],[-69.97925,41.711456],[-69.978212,41.710851],[-69.976553,41.710477],[-69.974631,41.710533],[-69.973093,41.710946],[-69.971432,41.71037],[-69.969935,41.71075],[-69.968989,41.710265],[-69.968902,41.709931],[-69.969732,41.709703],[-69.969666,41.709039],[-69.970006,41.708576],[-69.973001,41.707957],[-69.974039,41.707422],[-69.974301,41.706686],[-69.975391,41.706626],[-69.976723,41.705622],[-69.978622,41.706227],[-69.979277,41.706914],[-69.980712,41.707575],[-69.982366,41.71011],[-69.984415,41.70937],[-69.985266,41.707642],[-69.984967,41.706932],[-69.981561,41.706042],[-69.979629,41.704335],[-69.977714,41.704773],[-69.976697,41.704189],[-69.973441,41.704398],[-69.972807,41.705009],[-69.972873,41.706172],[-69.972616,41.706423],[-69.970329,41.705802],[-69.968802,41.705981],[-69.968381,41.70654],[-69.968594,41.707045],[-69.9682,41.707936],[-69.968315,41.708824],[-69.967046,41.709416],[-69.966988,41.710367],[-69.966203,41.710844],[-69.964087,41.709596],[-69.96198,41.709024],[-69.960481,41.709182],[-69.959206,41.710119],[-69.957887,41.709913],[-69.954304,41.708293],[-69.950602,41.7073],[-69.946927,41.705328],[-69.945295,41.703722],[-69.945407,41.703343],[-69.946561,41.702965],[-69.947703,41.702141],[-69.948137,41.700803],[-69.949341,41.700123],[-69.949777,41.699382],[-69.94976,41.698536],[-69.950608,41.697542],[-69.950513,41.696964],[-69.950943,41.696286],[-69.950807,41.695333],[-69.951576,41.693415],[-69.95108,41.691823],[-69.951249,41.689138],[-69.950557,41.687069],[-69.95063,41.686266],[-69.949481,41.685453],[-69.948942,41.684499],[-69.948584,41.681187],[-69.946669,41.679424],[-69.945621,41.677477],[-69.94575,41.676757],[-69.946967,41.674883],[-69.947923,41.671836],[-69.948232,41.669864],[-69.948095,41.668493],[-69.947504,41.667314],[-69.945553,41.665976],[-69.94521,41.66505],[-69.944281,41.664014],[-69.94394,41.661576],[-69.943032,41.660503],[-69.942901,41.659005],[-69.94346,41.657325],[-69.944295,41.656613],[-69.945215,41.654903],[-69.948394,41.643404],[-69.949941,41.640565],[-69.950103,41.639745],[-69.950729,41.639427],[-69.950067,41.6379],[-69.9518,41.637643],[-69.952924,41.634745],[-69.953846,41.633401],[-69.954579,41.630613],[-69.95529,41.630578],[-69.955112,41.629646],[-69.955866,41.628106],[-69.956045,41.626271],[-69.956472,41.6263],[-69.956725,41.626889],[-69.957025,41.626651],[-69.957392,41.625171],[-69.958658,41.623281],[-69.958868,41.622388],[-69.959662,41.62197],[-69.959759,41.6213],[-69.96037,41.621595],[-69.960329,41.619605],[-69.961314,41.618328],[-69.961749,41.618258],[-69.960921,41.619812],[-69.960932,41.621412],[-69.961482,41.620982],[-69.961742,41.619868],[-69.962956,41.618443],[-69.96322,41.61869],[-69.96307,41.619701],[-69.964463,41.619294],[-69.964589,41.618908],[-69.964278,41.618645],[-69.96506,41.618202],[-69.965072,41.617126],[-69.966883,41.616818],[-69.966783,41.616072],[-69.967545,41.6156],[-69.967808,41.615605],[-69.967972,41.616169],[-69.968501,41.616138],[-69.971461,41.613914],[-69.972199,41.613685],[-69.973001,41.615509],[-69.972931,41.61764],[-69.973771,41.619175],[-69.972661,41.619677],[-69.971494,41.619342],[-69.971619,41.620062],[-69.970715,41.620836],[-69.971162,41.621898],[-69.970642,41.623667],[-69.96962,41.623751],[-69.968566,41.623193],[-69.966192,41.624665],[-69.964605,41.624773],[-69.963439,41.626985],[-69.9615,41.62801],[-69.961504,41.628946],[-69.959727,41.629418],[-69.959257,41.62907],[-69.959158,41.628457],[-69.959847,41.627368],[-69.961747,41.626485],[-69.962158,41.625473],[-69.960199,41.625687],[-69.958663,41.62693],[-69.958164,41.62854],[-69.959774,41.630513],[-69.959812,41.630971],[-69.959099,41.63179],[-69.957785,41.631893],[-69.957886,41.632471],[-69.95746,41.633362],[-69.959302,41.633714],[-69.956332,41.634766],[-69.956849,41.635543],[-69.956682,41.636558],[-69.959961,41.636421],[-69.96063,41.636652],[-69.960985,41.637157],[-69.960013,41.636826],[-69.957935,41.637976],[-69.957759,41.638311],[-69.958281,41.638677],[-69.958238,41.639104],[-69.956449,41.639945],[-69.954899,41.642525],[-69.95455,41.64508],[-69.955562,41.646378],[-69.954936,41.647606],[-69.954611,41.649804],[-69.954081,41.650637],[-69.952221,41.651949],[-69.951165,41.652313],[-69.950684,41.652143],[-69.950449,41.652405],[-69.950802,41.652401],[-69.950643,41.652925],[-69.95094,41.653122],[-69.948919,41.654074],[-69.948906,41.654756],[-69.950141,41.655674],[-69.95026,41.656319],[-69.949148,41.657049],[-69.946376,41.657386],[-69.946666,41.65809],[-69.946406,41.658539],[-69.946947,41.659098],[-69.946576,41.659854],[-69.947245,41.660728],[-69.946358,41.661998],[-69.946281,41.663147],[-69.947393,41.66363],[-69.949795,41.663396],[-69.95098,41.663772],[-69.951021,41.664113],[-69.950145,41.663957],[-69.94936,41.664528],[-69.949798,41.666181],[-69.950194,41.666523],[-69.951079,41.666373],[-69.951511,41.665681],[-69.952387,41.665287],[-69.953877,41.665442],[-69.954569,41.664914],[-69.955192,41.665124],[-69.956124,41.664937],[-69.95709,41.664189],[-69.957886,41.664061],[-69.958614,41.66329],[-69.95803,41.662703],[-69.956301,41.663492],[-69.955035,41.663749],[-69.954381,41.663455],[-69.954795,41.662654],[-69.954277,41.662238],[-69.954658,41.660938],[-69.95775,41.656656],[-69.961559,41.654545],[-69.963175,41.653246],[-69.965578,41.653617],[-69.966322,41.654285],[-69.967921,41.65491],[-69.96893,41.654757],[-69.969835,41.654152],[-69.971996,41.653936],[-69.97751,41.654399],[-69.980364,41.656113],[-69.980867,41.65673],[-69.980991,41.657506],[-69.980165,41.658515],[-69.979038,41.658403],[-69.97696,41.656697],[-69.973697,41.654964],[-69.971701,41.655096],[-69.969004,41.655909],[-69.968866,41.656431],[-69.969891,41.657426],[-69.971179,41.659814],[-69.971206,41.661356],[-69.969475,41.66184],[-69.967529,41.664137],[-69.966802,41.664557],[-69.962272,41.662285],[-69.961866,41.661654],[-69.961542,41.661693],[-69.961571,41.662199],[-69.960222,41.662667],[-69.960006,41.66374],[-69.960511,41.664191],[-69.960389,41.664996],[-69.961666,41.667019],[-69.960255,41.669395],[-69.960735,41.670197],[-69.961854,41.670844],[-69.959135,41.671321],[-69.958247,41.671823],[-69.954954,41.672239],[-69.953732,41.672745],[-69.95344,41.673229],[-69.953777,41.674318],[-69.955145,41.675435],[-69.954442,41.676729],[-69.954611,41.677075],[-69.955908,41.677246],[-69.957169,41.676501],[-69.956764,41.675476],[-69.955564,41.675096],[-69.95593,41.674634],[-69.958937,41.674138],[-69.960503,41.672622],[-69.962668,41.671986],[-69.962775,41.670452],[-69.963413,41.669624],[-69.961305,41.669751],[-69.961927,41.669347],[-69.96326,41.669213],[-69.963047,41.668633],[-69.962329,41.668291],[-69.962664,41.667856],[-69.968856,41.666247],[-69.972179,41.667429],[-69.974525,41.667611],[-69.9763,41.66674],[-69.97786,41.664805],[-69.97946,41.664242],[-69.982344,41.665877],[-69.984464,41.666568],[-69.985303,41.667598],[-69.988808,41.669451],[-69.989354,41.67059],[-69.986446,41.671688],[-69.98511,41.673481],[-69.98355,41.674794],[-69.981729,41.675641],[-69.97985,41.67711],[-69.978958,41.677217],[-69.97894,41.67624],[-69.97804,41.675485],[-69.977154,41.675332],[-69.976256,41.675598],[-69.97541,41.677041],[-69.976412,41.678344],[-69.974983,41.677305],[-69.97363,41.677059],[-69.971164,41.677886],[-69.968394,41.678],[-69.9661,41.678609],[-69.96428,41.678589],[-69.963672,41.678952],[-69.963497,41.679544],[-69.963776,41.681254],[-69.964921,41.682319],[-69.966824,41.681542],[-69.972327,41.681862],[-69.973344,41.681377],[-69.973744,41.680517],[-69.974403,41.680692],[-69.976491,41.680208],[-69.975871,41.681169],[-69.97809,41.680935],[-69.978819,41.680084],[-69.97952,41.679834],[-69.978642,41.679275],[-69.979004,41.678787],[-69.981274,41.677599],[-69.982468,41.676201],[-69.984613,41.675112],[-69.986825,41.672819],[-69.989951,41.671732],[-69.99097,41.670173],[-69.990827,41.668456],[-69.988199,41.667555],[-69.98727,41.666835],[-69.98721,41.666453],[-69.986443,41.66619],[-69.986184,41.66561],[-69.985322,41.66546],[-69.984543,41.664663],[-69.982033,41.664037],[-69.98144,41.663245],[-69.980084,41.662588],[-69.979108,41.660959],[-69.979943,41.659541],[-69.982183,41.658464],[-69.983045,41.657455],[-69.983889,41.657131],[-69.986522,41.658304],[-69.991228,41.663281],[-69.996945,41.667231],[-70.001188,41.669509],[-70.00768,41.671969],[-70.014336,41.672404],[-70.016734,41.671973],[-70.017864,41.671194],[-70.017198,41.67027],[-70.017367,41.669656],[-70.018678,41.66998],[-70.023331,41.669919],[-70.025875,41.669134],[-70.026276,41.668743],[-70.027327,41.668713],[-70.029427,41.66772],[-70.035252,41.66827],[-70.037291,41.668063],[-70.037978,41.668884],[-70.038229,41.669762]]],[[[-69.928094,41.722475],[-69.928633,41.718996],[-69.928345,41.716062],[-69.928629,41.712636],[-69.928182,41.709631],[-69.928385,41.703874],[-69.928808,41.700584],[-69.930122,41.695347],[-69.930297,41.691265],[-69.932093,41.686321],[-69.933321,41.684036],[-69.936717,41.681133],[-69.938653,41.6804],[-69.939237,41.68072],[-69.939034,41.681377],[-69.936272,41.682617],[-69.93465,41.684868],[-69.934521,41.686894],[-69.935827,41.689437],[-69.935489,41.692727],[-69.93581,41.694007],[-69.933083,41.696756],[-69.932035,41.69919],[-69.932117,41.700037],[-69.931837,41.700584],[-69.932586,41.701694],[-69.931035,41.70334],[-69.930344,41.704828],[-69.930981,41.707287],[-69.930614,41.709595],[-69.93076,41.710953],[-69.931557,41.711796],[-69.934032,41.713277],[-69.934195,41.714429],[-69.935773,41.717533],[-69.934844,41.72023],[-69.933327,41.721656],[-69.933038,41.722965],[-69.928094,41.722475]]],[[[-69.95217,41.718484],[-69.952189,41.71696],[-69.951301,41.715375],[-69.951545,41.715165],[-69.953748,41.715388],[-69.956423,41.716305],[-69.958454,41.71731],[-69.959149,41.718009],[-69.961157,41.718679],[-69.96259,41.719927],[-69.962036,41.72132],[-69.960995,41.722046],[-69.958098,41.722156],[-69.956159,41.722629],[-69.95362,41.723498],[-69.952866,41.724258],[-69.952149,41.724471],[-69.9508,41.724333],[-69.949853,41.723701],[-69.950024,41.722956],[-69.951115,41.721489],[-69.95217,41.718484]]]]}},{"type":"Feature","properties":{"area_id":"56","layer":"municipality","name":"Chelmsford","municipality_type":"town","county_id":"25017"},"geometry":{"type":"Polygon","coordinates":[[[-71.379109,42.647406],[-71.377116,42.642707],[-71.375936,42.640911],[-71.374522,42.639557],[-71.372066,42.638366],[-71.369479,42.637587],[-71.364734,42.637591],[-71.359944,42.625981],[-71.328835,42.613784],[-71.32794,42.613167],[-71.325699,42.613273],[-71.324976,42.61161],[-71.325409,42.611259],[-71.323341,42.606503],[-71.319898,42.60691],[-71.318883,42.608553],[-71.319311,42.613581],[-71.296193,42.614692],[-71.297029,42.613021],[-71.297007,42.612305],[-71.295675,42.609343],[-71.295471,42.606984],[-71.294244,42.605554],[-71.332544,42.560765],[-71.346331,42.563676],[-71.368337,42.558046],[-71.388374,42.549955],[-71.400227,42.591108],[-71.401998,42.599882],[-71.405383,42.610333],[-71.417643,42.653783],[-71.41231,42.649419],[-71.41198,42.647983],[-71.409766,42.648794],[-71.40531,42.648147],[-71.404027,42.648416],[-71.402783,42.64678],[-71.398891,42.644958],[-71.398319,42.645502],[-71.401101,42.649124],[-71.402199,42.651588],[-71.398996,42.652476],[-71.396969,42.649646],[-71.394342,42.648483],[-71.392489,42.648486],[-71.385233,42.649608],[-71.380921,42.649017],[-71.379109,42.647406]]]}},{"type":"Feature","properties":{"area_id":"57","layer":"municipality","name":"Chelsea","municipality_type":"city","county_id":"25025"},"geometry":{"type":"Polygon","coordinates":[[[-71.050751,42.394615],[-71.052393,42.394842],[-71.053256,42.395349],[-71.05332,42.396089],[-71.052919,42.396886],[-71.051946,42.397627],[-71.051165,42.397796],[-71.050042,42.397588],[-71.048145,42.396643],[-71.040579,42.401975],[-71.036007,42.409008],[-71.033181,42.414219],[-71.029037,42.410363],[-71.027116,42.407791],[-71.026889,42.406559],[-71.026225,42.40592],[-71.024903,42.405909],[-71.023787,42.405321],[-71.023303,42.405559],[-71.022851,42.405133],[-71.022476,42.405497],[-71.02062,42.405192],[-71.020306,42.404838],[-71.021192,42.404242],[-71.020829,42.403522],[-71.018716,42.403718],[-71.018032,42.403334],[-71.01843,42.402948],[-71.01666,42.402392],[-71.012987,42.402841],[-71.01324,42.402419],[-71.0097,42.400895],[-71.011101,42.400005],[-71.012301,42.399698],[-71.012126,42.399463],[-71.0145,42.399566],[-71.016986,42.398757],[-71.016855,42.397681],[-71.016268,42.397524],[-71.016305,42.397271],[-71.017694,42.396985],[-71.018428,42.396241],[-71.01912,42.39472],[-71.01765,42.39377],[-71.017828,42.392246],[-71.018173,42.391724],[-71.019376,42.390464],[-71.020655,42.390793],[-71.020003,42.38995],[-71.0201,42.389242],[-71.022754,42.387215],[-71.022666,42.386882],[-71.027606,42.384629],[-71.029352,42.384668],[-71.029527,42.385766],[-71.02967,42.38532],[-71.030411,42.385463],[-71.030674,42.386059],[-71.031161,42.385625],[-71.031352,42.386039],[-71.031447,42.385753],[-71.032363,42.385505],[-71.032479,42.385803],[-71.033902,42.385827],[-71.037233,42.386795],[-71.039662,42.386834],[-71.039581,42.38731],[-71.040384,42.38672],[-71.04122,42.3868],[-71.042292,42.386399],[-71.043397,42.385459],[-71.043314,42.385127],[-71.043911,42.385048],[-71.046017,42.386293],[-71.045724,42.38678],[-71.048167,42.387721],[-71.049122,42.387768],[-71.04915,42.387056],[-71.049469,42.387514],[-71.051226,42.387259],[-71.052285,42.387453],[-71.053298,42.388293],[-71.053038,42.389552],[-71.049389,42.391607],[-71.048378,42.393428],[-71.04927,42.393759],[-71.049121,42.393916],[-71.050131,42.393988],[-71.050751,42.394615]]]}},{"type":"Feature","properties":{"area_id":"58","layer":"municipality","name":"Cheshire","municipality_type":"town","county_id":"25003"},"geometry":{"type":"Polygon","coordinates":[[[-73.084303,42.594768],[-73.080501,42.573626],[-73.095554,42.561249],[-73.085426,42.55951],[-73.08856,42.548418],[-73.103777,42.550824],[-73.107867,42.536474],[-73.146639,42.541077],[-73.165811,42.51094],[-73.189577,42.514781],[-73.188436,42.516625],[-73.200895,42.518648],[-73.187489,42.538623],[-73.212109,42.54241],[-73.203505,42.556093],[-73.209358,42.557141],[-73.204496,42.564696],[-73.210605,42.565688],[-73.201854,42.579196],[-73.199685,42.590041],[-73.204383,42.60608],[-73.174284,42.598516],[-73.084303,42.594768]]]}},{"type":"Feature","properties":{"area_id":"59","layer":"municipality","name":"Chester","municipality_type":"town","county_id":"25013"},"geometry":{"type":"Polygon","coordinates":[[[-72.895639,42.340711],[-72.894789,42.3315],[-72.885208,42.332602],[-72.880604,42.265388],[-72.912303,42.239142],[-73.001851,42.251025],[-73.000268,42.312623],[-72.953827,42.343869],[-72.953274,42.343838],[-72.895639,42.340711]]]}},{"type":"Feature","properties":{"area_id":"60","layer":"municipality","name":"Chesterfield","municipality_type":"town","county_id":"25015"},"geometry":{"type":"Polygon","coordinates":[[[-72.777143,42.358253],[-72.82226,42.352826],[-72.821115,42.338633],[-72.822013,42.33937],[-72.823176,42.339112],[-72.823957,42.339436],[-72.824725,42.340455],[-72.826185,42.341157],[-72.825839,42.341948],[-72.826389,42.342371],[-72.830912,42.342287],[-72.83351,42.341763],[-72.835739,42.343263],[-72.837687,42.342763],[-72.839223,42.342953],[-72.839843,42.343372],[-72.840346,42.345086],[-72.843705,42.344672],[-72.844986,42.343416],[-72.846439,42.340476],[-72.847498,42.34232],[-72.848847,42.342526],[-72.852002,42.342184],[-72.853641,42.342544],[-72.854245,42.343414],[-72.885636,42.340044],[-72.904582,42.430395],[-72.880816,42.433019],[-72.847901,42.4365],[-72.834059,42.437919],[-72.835616,42.41986],[-72.815535,42.42126],[-72.816155,42.403145],[-72.805438,42.404553],[-72.805636,42.398306],[-72.773534,42.401535],[-72.777143,42.358253]]]}},{"type":"Feature","properties":{"area_id":"61","layer":"municipality","name":"Chicopee","municipality_type":"city","county_id":"25013"},"geometry":{"type":"Polygon","coordinates":[[[-72.520144,42.161291],[-72.52176,42.16119],[-72.524737,42.160269],[-72.528737,42.158313],[-72.533378,42.157374],[-72.535802,42.157487],[-72.536464,42.156973],[-72.537223,42.155316],[-72.537976,42.154817],[-72.539562,42.154892],[-72.540317,42.155346],[-72.540817,42.157558],[-72.621491,42.12378],[-72.620901,42.125078],[-72.617502,42.129988],[-72.615759,42.133424],[-72.61497,42.137598],[-72.615896,42.139961],[-72.618463,42.143797],[-72.625359,42.149199],[-72.627079,42.151407],[-72.627881,42.155585],[-72.627344,42.162041],[-72.628611,42.166236],[-72.628511,42.17191],[-72.627063,42.178616],[-72.625054,42.183029],[-72.623311,42.184943],[-72.622041,42.185646],[-72.608717,42.190209],[-72.60619,42.191365],[-72.60199,42.194566],[-72.594772,42.198791],[-72.591977,42.200868],[-72.590379,42.203446],[-72.590217,42.205086],[-72.591371,42.209087],[-72.59345,42.211566],[-72.546334,42.216475],[-72.52429,42.218741],[-72.51391,42.174441],[-72.518738,42.173897],[-72.515979,42.160826],[-72.520144,42.161291]]]}},{"type":"Feature","properties":{"area_id":"62","layer":"municipality","name":"Chilmark","municipality_type":"town","county_id":"25007"},"geometry":{"type":"MultiPolygon","coordinates":[[[[-70.802172,41.258839],[-70.801388,41.258234],[-70.803303,41.253099],[-70.803209,41.250364],[-70.804229,41.249238],[-70.809868,41.249218],[-70.81224,41.249522],[-70.814105,41.250373],[-70.816833,41.250178],[-70.823322,41.251319],[-70.826484,41.25287],[-70.831077,41.25639],[-70.832502,41.258072],[-70.832145,41.259104],[-70.830786,41.259658],[-70.822891,41.259491],[-70.818943,41.260245],[-70.817785,41.260927],[-70.817065,41.261904],[-70.81619,41.261739],[-70.814337,41.262092],[-70.813138,41.264092],[-70.812064,41.264691],[-70.811628,41.264429],[-70.811807,41.263539],[-70.811508,41.262543],[-70.810184,41.261124],[-70.802172,41.258839]]],[[[-70.76272,41.326582],[-70.764178,41.328169],[-70.763659,41.328437],[-70.762177,41.328273],[-70.761529,41.328703],[-70.761264,41.328136],[-70.76272,41.326582]]],[[[-70.705782,41.401109],[-70.697192,41.39124],[-70.689575,41.37861],[-70.684223,41.371851],[-70.681892,41.373259],[-70.678936,41.376346],[-70.67707,41.37751],[-70.673915,41.375256],[-70.673407,41.374322],[-70.66832,41.373509],[-70.667462,41.368764],[-70.665377,41.363037],[-70.66435,41.36194],[-70.66252,41.361136],[-70.661234,41.358604],[-70.659607,41.356942],[-70.655536,41.354425],[-70.653599,41.352712],[-70.651818,41.350015],[-70.650994,41.347084],[-70.65808,41.346964],[-70.669204,41.345791],[-70.690194,41.344459],[-70.704745,41.343186],[-70.72648,41.338922],[-70.733629,41.336496],[-70.735473,41.336256],[-70.738082,41.335329],[-70.742994,41.333224],[-70.747014,41.33105],[-70.748261,41.329586],[-70.74866,41.327541],[-70.749888,41.326296],[-70.752831,41.325695],[-70.758216,41.323481],[-70.763909,41.319588],[-70.765614,41.317246],[-70.765316,41.316568],[-70.765445,41.315974],[-70.764819,41.315643],[-70.765058,41.31466],[-70.766356,41.314239],[-70.768037,41.311926],[-70.767793,41.310659],[-70.765868,41.308983],[-70.766853,41.306825],[-70.76922,41.303311],[-70.773555,41.301622],[-70.776158,41.301316],[-70.777993,41.30183],[-70.780451,41.303042],[-70.78207,41.304519],[-70.786406,41.306833],[-70.796562,41.311607],[-70.800098,41.314011],[-70.800113,41.318201],[-70.784437,41.313558],[-70.784874,41.327998],[-70.782124,41.330743],[-70.780745,41.330492],[-70.779415,41.330675],[-70.778209,41.32998],[-70.777707,41.331184],[-70.774212,41.331064],[-70.772246,41.332093],[-70.769773,41.331789],[-70.769418,41.330773],[-70.771707,41.33033],[-70.773245,41.330957],[-70.773412,41.329987],[-70.770393,41.328934],[-70.770904,41.327262],[-70.76958,41.325749],[-70.769737,41.325324],[-70.770008,41.32547],[-70.770545,41.324958],[-70.769141,41.324224],[-70.76772,41.325114],[-70.76736,41.325965],[-70.765929,41.326546],[-70.765698,41.325767],[-70.765236,41.326006],[-70.763875,41.325818],[-70.763498,41.325218],[-70.761038,41.325786],[-70.761151,41.326215],[-70.761721,41.326102],[-70.762154,41.326416],[-70.76147,41.326975],[-70.760876,41.326795],[-70.760841,41.327282],[-70.761146,41.327454],[-70.760738,41.327569],[-70.760851,41.328012],[-70.760509,41.32855],[-70.760003,41.328772],[-70.759153,41.328515],[-70.758838,41.328093],[-70.758944,41.32619],[-70.758193,41.324909],[-70.757466,41.324961],[-70.754974,41.326217],[-70.75495,41.326701],[-70.755728,41.326767],[-70.755856,41.327735],[-70.756219,41.32801],[-70.757744,41.328121],[-70.759264,41.328991],[-70.760186,41.329004],[-70.760651,41.329445],[-70.762382,41.328833],[-70.764239,41.329518],[-70.764666,41.329054],[-70.765179,41.32912],[-70.76581,41.329878],[-70.76462,41.331213],[-70.765208,41.331412],[-70.765439,41.332129],[-70.765918,41.33187],[-70.765719,41.331133],[-70.766307,41.330088],[-70.765838,41.329205],[-70.76612,41.328447],[-70.767684,41.328674],[-70.767214,41.329514],[-70.768231,41.329711],[-70.768587,41.330125],[-70.768753,41.33072],[-70.768055,41.33131],[-70.7677,41.332988],[-70.766321,41.333343],[-70.765534,41.334443],[-70.764625,41.334997],[-70.763348,41.337475],[-70.7633,41.339455],[-70.763907,41.341093],[-70.763029,41.343359],[-70.763872,41.345486],[-70.76458,41.346267],[-70.764068,41.346904],[-70.762746,41.346987],[-70.761645,41.348225],[-70.762685,41.349347],[-70.763243,41.349429],[-70.763557,41.348913],[-70.764982,41.350048],[-70.76542,41.351293],[-70.76514,41.351765],[-70.76539,41.35249],[-70.765135,41.353452],[-70.765565,41.353463],[-70.766549,41.354389],[-70.768203,41.354088],[-70.768635,41.354464],[-70.768309,41.354283],[-70.767526,41.354547],[-70.765753,41.356317],[-70.763568,41.359875],[-70.761056,41.362588],[-70.758913,41.366925],[-70.756638,41.368748],[-70.7537,41.372345],[-70.750569,41.374607],[-70.745893,41.376068],[-70.744637,41.377625],[-70.743742,41.379461],[-70.742681,41.380189],[-70.742262,41.380941],[-70.740857,41.381537],[-70.740259,41.383974],[-70.739062,41.386381],[-70.738692,41.388344],[-70.737711,41.389713],[-70.737349,41.390894],[-70.735608,41.393099],[-70.734689,41.393416],[-70.733977,41.394162],[-70.732084,41.397717],[-70.73075,41.398408],[-70.728356,41.39799],[-70.724256,41.399085],[-70.720758,41.402763],[-70.719813,41.404814],[-70.719018,41.405132],[-70.717926,41.40497],[-70.716899,41.405395],[-70.71533,41.407006],[-70.714061,41.407625],[-70.713683,41.408267],[-70.712334,41.409279],[-70.705782,41.401109]]]]}},{"type":"Feature","properties":{"area_id":"63","layer":"municipality","name":"Clarksburg","municipality_type":"town","county_id":"25003"},"geometry":{"type":"Polygon","coordinates":[[[-73.059474,42.708403],[-73.165905,42.71184],[-73.163641,42.743953],[-73.04844,42.741661],[-73.059474,42.708403]]]}},{"type":"Feature","properties":{"area_id":"64","layer":"municipality","name":"Clinton","municipality_type":"town","county_id":"25027"},"geometry":{"type":"Polygon","coordinates":[[[-71.660635,42.418241],[-71.668069,42.394574],[-71.676517,42.396127],[-71.678767,42.389172],[-71.701033,42.395814],[-71.725981,42.390298],[-71.72158,42.409248],[-71.718363,42.410229],[-71.688192,42.436753],[-71.656742,42.430966],[-71.660635,42.418241]]]}},{"type":"Feature","properties":{"area_id":"65","layer":"municipality","name":"Cohasset","municipality_type":"town","county_id":"25021"},"geometry":{"type":"MultiPolygon","coordinates":[[[[-70.784514,42.234701],[-70.786452,42.234114],[-70.786447,42.235031],[-70.787486,42.236489],[-70.788263,42.236062],[-70.789601,42.23598],[-70.789266,42.236839],[-70.789779,42.238832],[-70.789462,42.238786],[-70.789507,42.239101],[-70.786328,42.238933],[-70.783958,42.239607],[-70.783984,42.23913],[-70.785692,42.23883],[-70.784922,42.238246],[-70.784081,42.238508],[-70.784081,42.237375],[-70.783047,42.237021],[-70.782672,42.236443],[-70.782018,42.236369],[-70.784514,42.234701]]],[[[-70.824906,42.263921],[-70.823636,42.263973],[-70.823324,42.263653],[-70.822192,42.264101],[-70.819486,42.263802],[-70.818822,42.264028],[-70.816293,42.263503],[-70.816231,42.263198],[-70.814618,42.263264],[-70.813313,42.26267],[-70.812247,42.262834],[-70.811549,42.26221],[-70.811686,42.261287],[-70.808212,42.26071],[-70.808225,42.26038],[-70.807672,42.259965],[-70.807194,42.260016],[-70.806287,42.258866],[-70.804163,42.258744],[-70.803884,42.259098],[-70.802867,42.258917],[-70.802242,42.25922],[-70.801769,42.257767],[-70.799095,42.256232],[-70.797586,42.256022],[-70.797065,42.256434],[-70.796002,42.256298],[-70.795649,42.255344],[-70.795261,42.255323],[-70.795152,42.25467],[-70.794428,42.254365],[-70.794003,42.253358],[-70.791811,42.254416],[-70.790916,42.254087],[-70.790422,42.254603],[-70.79007,42.254538],[-70.790355,42.25401],[-70.79005,42.253572],[-70.789469,42.253816],[-70.788921,42.253644],[-70.790081,42.251755],[-70.789574,42.251269],[-70.788908,42.251584],[-70.789408,42.251129],[-70.788953,42.250488],[-70.786377,42.250443],[-70.785852,42.250866],[-70.786217,42.249451],[-70.786017,42.249084],[-70.785616,42.249238],[-70.785545,42.248858],[-70.785982,42.248728],[-70.786095,42.248267],[-70.785717,42.248182],[-70.784821,42.249054],[-70.784345,42.248906],[-70.784282,42.248414],[-70.784639,42.247932],[-70.785604,42.247732],[-70.787152,42.246634],[-70.787467,42.245406],[-70.787114,42.244778],[-70.787302,42.243705],[-70.787063,42.243554],[-70.787421,42.242792],[-70.788192,42.242641],[-70.788997,42.242981],[-70.790098,42.242509],[-70.791344,42.242776],[-70.790902,42.242232],[-70.790337,42.242108],[-70.790352,42.24097],[-70.791609,42.241153],[-70.793526,42.240877],[-70.794212,42.239946],[-70.793826,42.239729],[-70.791309,42.240214],[-70.790898,42.238789],[-70.789769,42.238018],[-70.790335,42.236746],[-70.790751,42.236829],[-70.791087,42.236277],[-70.7918,42.236117],[-70.791811,42.235763],[-70.791349,42.235426],[-70.790396,42.235479],[-70.789656,42.234553],[-70.788583,42.235326],[-70.787795,42.235],[-70.787778,42.23336],[-70.78917,42.233127],[-70.789799,42.232681],[-70.789474,42.231471],[-70.789578,42.230005],[-70.788762,42.22842],[-70.786413,42.228725],[-70.786818,42.227464],[-70.786008,42.225455],[-70.787425,42.226227],[-70.789587,42.225564],[-70.788342,42.223279],[-70.827,42.200801],[-70.8408,42.213126],[-70.853381,42.239615],[-70.841153,42.243355],[-70.841242,42.244555],[-70.849284,42.247335],[-70.848449,42.248089],[-70.848212,42.248824],[-70.84827,42.250544],[-70.84892,42.251778],[-70.848881,42.252328],[-70.847313,42.254073],[-70.844662,42.260326],[-70.844565,42.260531],[-70.842582,42.260542],[-70.840519,42.261107],[-70.838955,42.263205],[-70.83557,42.264902],[-70.827075,42.264362],[-70.825639,42.264642],[-70.824906,42.263921]]]]}},{"type":"Feature","properties":{"area_id":"66","layer":"municipality","name":"Colrain","municipality_type":"town","county_id":"25011"},"geometry":{"type":"Polygon","coordinates":[[[-72.672105,42.719396],[-72.67004,42.717012],[-72.669784,42.716344],[-72.670411,42.713086],[-72.672313,42.712567],[-72.672516,42.710932],[-72.673906,42.710262],[-72.674531,42.708319],[-72.670613,42.707959],[-72.670941,42.704892],[-72.670795,42.703452],[-72.665588,42.699809],[-72.665402,42.698557],[-72.663744,42.697304],[-72.663804,42.696177],[-72.662337,42.694458],[-72.662945,42.693649],[-72.662381,42.69246],[-72.657064,42.69098],[-72.655233,42.689728],[-72.65507,42.68902],[-72.656223,42.687034],[-72.65614,42.686375],[-72.652831,42.685717],[-72.652062,42.685114],[-72.652805,42.683708],[-72.654065,42.683656],[-72.65506,42.683011],[-72.655385,42.681234],[-72.653098,42.679935],[-72.651971,42.676631],[-72.649749,42.675303],[-72.646794,42.674741],[-72.643031,42.673002],[-72.64104,42.670276],[-72.637084,42.669988],[-72.636072,42.669119],[-72.635057,42.667483],[-72.633494,42.666336],[-72.633218,42.665412],[-72.631326,42.664979],[-72.631229,42.663191],[-72.63309,42.661607],[-72.63323,42.661006],[-72.630828,42.660139],[-72.627398,42.659617],[-72.625639,42.658093],[-72.62453,42.655998],[-72.626131,42.654705],[-72.626165,42.654173],[-72.625388,42.653414],[-72.624429,42.651242],[-72.623428,42.650908],[-72.622103,42.651301],[-72.6216,42.65099],[-72.620833,42.649547],[-72.619561,42.648709],[-72.620867,42.647478],[-72.620899,42.646881],[-72.633033,42.645358],[-72.735119,42.633112],[-72.766094,42.629269],[-72.772649,42.658343],[-72.791088,42.736055],[-72.674706,42.732963],[-72.672105,42.719396]]]}},{"type":"Feature","properties":{"area_id":"67","layer":"municipality","name":"Concord","municipality_type":"town","county_id":"25017"},"geometry":{"type":"Polygon","coordinates":[[[-71.318306,42.498203],[-71.318585,42.491166],[-71.319139,42.488074],[-71.319645,42.486941],[-71.319292,42.486301],[-71.317384,42.484908],[-71.316988,42.48419],[-71.317214,42.483569],[-71.318038,42.482885],[-71.320771,42.482265],[-71.321269,42.480524],[-71.320125,42.480341],[-71.316892,42.476633],[-71.317042,42.476488],[-71.313769,42.474191],[-71.309466,42.476413],[-71.306552,42.474436],[-71.304247,42.474727],[-71.301824,42.473249],[-71.300819,42.473661],[-71.298708,42.472913],[-71.289677,42.466191],[-71.28928,42.464583],[-71.302284,42.462019],[-71.302156,42.461124],[-71.303192,42.461263],[-71.304815,42.452724],[-71.309595,42.453116],[-71.313707,42.454969],[-71.335381,42.437786],[-71.352561,42.426932],[-71.354627,42.421791],[-71.355869,42.420935],[-71.356619,42.419902],[-71.361459,42.421131],[-71.364379,42.420472],[-71.364582,42.418147],[-71.363929,42.416031],[-71.365141,42.414192],[-71.365136,42.413474],[-71.366353,42.412723],[-71.430395,42.436948],[-71.384948,42.504473],[-71.353566,42.502926],[-71.317546,42.502431],[-71.318306,42.498203]]]}},{"type":"Feature","properties":{"area_id":"68","layer":"municipality","name":"Conway","municipality_type":"town","county_id":"25011"},"geometry":{"type":"Polygon","coordinates":[[[-72.673002,42.551874],[-72.669234,42.551458],[-72.663652,42.548805],[-72.660803,42.543973],[-72.655654,42.540428],[-72.652228,42.533833],[-72.64874,42.529433],[-72.660948,42.48005],[-72.662771,42.46927],[-72.656228,42.47004],[-72.657376,42.466018],[-72.655718,42.46126],[-72.657401,42.458388],[-72.700879,42.452929],[-72.757759,42.445891],[-72.757112,42.452422],[-72.765938,42.45169],[-72.765116,42.455892],[-72.759112,42.456503],[-72.758289,42.460939],[-72.764301,42.460165],[-72.763793,42.463673],[-72.761759,42.463281],[-72.733106,42.562738],[-72.745432,42.564282],[-72.742206,42.583087],[-72.719335,42.585495],[-72.718496,42.58502],[-72.716868,42.581878],[-72.715296,42.580418],[-72.713836,42.58004],[-72.711237,42.578624],[-72.709011,42.578184],[-72.707248,42.577306],[-72.706837,42.576478],[-72.70743,42.573746],[-72.707182,42.569364],[-72.706605,42.567495],[-72.704919,42.565273],[-72.70365,42.564378],[-72.700461,42.563451],[-72.693495,42.564284],[-72.691058,42.563949],[-72.686712,42.562634],[-72.681641,42.562992],[-72.68011,42.562691],[-72.679448,42.561644],[-72.679769,42.5597],[-72.679404,42.557048],[-72.67877,42.555852],[-72.675937,42.553087],[-72.675453,42.553026],[-72.673002,42.551874]]]}},{"type":"Feature","properties":{"area_id":"69","layer":"municipality","name":"Cummington","municipality_type":"town","county_id":"25015"},"geometry":{"type":"Polygon","coordinates":[[[-72.855634,42.480929],[-72.847901,42.4365],[-72.880816,42.433019],[-72.992645,42.449103],[-72.988128,42.466956],[-72.986475,42.466714],[-72.979283,42.497865],[-72.882246,42.480694],[-72.871137,42.48405],[-72.855634,42.480929]]]}},{"type":"Feature","properties":{"area_id":"70","layer":"municipality","name":"Dalton","municipality_type":"town","county_id":"25003"},"geometry":{"type":"Polygon","coordinates":[[[-73.120266,42.493499],[-73.11369,42.492421],[-73.115171,42.487799],[-73.124393,42.452637],[-73.15733,42.453517],[-73.16919,42.412762],[-73.201875,42.413761],[-73.190976,42.452431],[-73.182199,42.48542],[-73.165811,42.51094],[-73.146639,42.541077],[-73.107867,42.536474],[-73.120266,42.493499]]]}},{"type":"Feature","properties":{"area_id":"71","layer":"municipality","name":"Danvers","municipality_type":"town","county_id":"25009"},"geometry":{"type":"MultiPolygon","coordinates":[[[[-70.913505,42.541483],[-70.923023,42.5436],[-70.922207,42.54432],[-70.920478,42.544734],[-70.920271,42.546151],[-70.919862,42.545807],[-70.918043,42.546046],[-70.917563,42.54559],[-70.917225,42.545918],[-70.915923,42.545873],[-70.914121,42.544794],[-70.910325,42.543523],[-70.911247,42.541071],[-70.913505,42.541483]]],[[[-70.908382,42.573058],[-70.908585,42.557608],[-70.911511,42.549619],[-70.912312,42.549677],[-70.912562,42.54942],[-70.912041,42.549112],[-70.912328,42.548905],[-70.912486,42.54769],[-70.913059,42.547561],[-70.913739,42.547918],[-70.913488,42.549685],[-70.914887,42.550461],[-70.915865,42.55316],[-70.915417,42.553748],[-70.91579,42.554491],[-70.915093,42.555279],[-70.916049,42.556166],[-70.916454,42.557019],[-70.917377,42.556956],[-70.918178,42.55762],[-70.919559,42.55752],[-70.921355,42.55807],[-70.922243,42.558033],[-70.922982,42.557866],[-70.923199,42.557111],[-70.922252,42.556445],[-70.920862,42.556464],[-70.919626,42.556012],[-70.918523,42.554901],[-70.91787,42.553687],[-70.917735,42.552124],[-70.919594,42.550972],[-70.923881,42.553153],[-70.924937,42.552507],[-70.92242,42.551317],[-70.920602,42.549054],[-70.919282,42.549264],[-70.917896,42.550096],[-70.916925,42.549876],[-70.916597,42.548822],[-70.917442,42.547494],[-70.920298,42.546323],[-70.92096,42.546482],[-70.922289,42.546138],[-70.922545,42.545616],[-70.925269,42.545011],[-70.928138,42.545835],[-70.928473,42.545124],[-70.928777,42.545142],[-70.928422,42.546187],[-70.929066,42.546997],[-70.929032,42.545941],[-70.929904,42.545802],[-70.930785,42.546323],[-70.932643,42.5462],[-70.933122,42.546743],[-70.937428,42.547396],[-70.938942,42.546376],[-70.939555,42.546612],[-70.940026,42.54597],[-70.940833,42.545901],[-70.941009,42.546443],[-70.941913,42.546917],[-70.979952,42.555986],[-71.002814,42.563368],[-71.002298,42.564028],[-71.002033,42.565585],[-71.001284,42.565553],[-71.000636,42.56625],[-71.000123,42.566237],[-70.998701,42.567049],[-70.997913,42.567057],[-70.997057,42.567725],[-70.997936,42.568361],[-70.997044,42.568675],[-70.997352,42.568894],[-70.997196,42.569115],[-70.996506,42.568851],[-70.996364,42.569158],[-70.996878,42.569582],[-70.995843,42.570174],[-70.997018,42.570225],[-70.996767,42.571289],[-70.996229,42.571544],[-70.996364,42.570948],[-70.99588,42.57101],[-70.995508,42.571594],[-70.995148,42.571293],[-70.995121,42.57161],[-70.995924,42.572221],[-70.994409,42.572454],[-70.99509,42.573711],[-70.993882,42.573699],[-70.993155,42.574247],[-70.993036,42.574913],[-70.993892,42.575597],[-70.993112,42.576176],[-70.993299,42.576643],[-70.992603,42.576704],[-70.993291,42.577631],[-70.993069,42.578199],[-70.991809,42.578423],[-70.99091,42.580018],[-70.989852,42.580848],[-70.990129,42.581768],[-70.990502,42.581752],[-70.990801,42.581213],[-70.991302,42.581414],[-70.990829,42.58257],[-70.991478,42.583063],[-70.991187,42.58514],[-70.991698,42.586433],[-70.990004,42.586757],[-70.98642,42.589714],[-70.98559,42.589897],[-70.986059,42.591841],[-70.974404,42.594532],[-70.964807,42.599589],[-70.954726,42.605337],[-70.943862,42.609584],[-70.932423,42.613247],[-70.931651,42.612506],[-70.931109,42.612434],[-70.929454,42.608989],[-70.933859,42.599589],[-70.927498,42.592237],[-70.922343,42.591523],[-70.908382,42.573058]]]]}},{"type":"Feature","properties":{"area_id":"72","layer":"municipality","name":"Dartmouth","municipality_type":"town","county_id":"25005"},"geometry":{"type":"Polygon","coordinates":[[[-70.977513,41.67868],[-70.969663,41.648632],[-70.960455,41.640234],[-70.959754,41.636842],[-70.949732,41.620942],[-70.936424,41.614379],[-70.934607,41.609952],[-70.932969,41.610918],[-70.932325,41.608121],[-70.931131,41.608497],[-70.93147,41.608071],[-70.931364,41.607524],[-70.930316,41.607091],[-70.930978,41.606804],[-70.93073,41.60497],[-70.929244,41.603662],[-70.929334,41.60293],[-70.930119,41.602309],[-70.929768,41.601528],[-70.930025,41.600408],[-70.929672,41.59948],[-70.928746,41.598518],[-70.928399,41.597042],[-70.928228,41.596804],[-70.927667,41.596904],[-70.927748,41.596537],[-70.927406,41.596228],[-70.927666,41.59487],[-70.927345,41.594305],[-70.927423,41.592588],[-70.929906,41.590928],[-70.929606,41.590714],[-70.929577,41.590017],[-70.931063,41.58703],[-70.930621,41.586179],[-70.930967,41.584246],[-70.93302,41.582201],[-70.932974,41.581415],[-70.93361,41.580048],[-70.935954,41.579025],[-70.938034,41.577311],[-70.939192,41.578135],[-70.939519,41.579013],[-70.939365,41.579633],[-70.939924,41.580419],[-70.941604,41.581089],[-70.942904,41.580765],[-70.943272,41.581208],[-70.942893,41.582134],[-70.943843,41.583495],[-70.944016,41.584336],[-70.943646,41.585541],[-70.944225,41.586473],[-70.945247,41.586081],[-70.945734,41.586447],[-70.946821,41.585932],[-70.949769,41.585399],[-70.950014,41.584454],[-70.949474,41.583085],[-70.949845,41.581629],[-70.949749,41.580703],[-70.949,41.579764],[-70.949076,41.57863],[-70.948526,41.578337],[-70.948687,41.577907],[-70.948162,41.577288],[-70.948109,41.576151],[-70.947625,41.575636],[-70.947559,41.57461],[-70.946962,41.574352],[-70.947086,41.573849],[-70.9465,41.572458],[-70.945672,41.572034],[-70.945294,41.572151],[-70.94537,41.571712],[-70.942652,41.569473],[-70.942279,41.568489],[-70.940769,41.567152],[-70.938351,41.565858],[-70.936264,41.563546],[-70.93626,41.562047],[-70.936573,41.561697],[-70.936128,41.561272],[-70.936649,41.560503],[-70.936467,41.557752],[-70.935672,41.556629],[-70.935018,41.556638],[-70.934638,41.556129],[-70.935884,41.555962],[-70.936662,41.554971],[-70.937011,41.55314],[-70.936664,41.551069],[-70.935926,41.549732],[-70.935151,41.549592],[-70.933824,41.54829],[-70.933981,41.548058],[-70.93299,41.546854],[-70.933006,41.546256],[-70.932568,41.545973],[-70.930964,41.542834],[-70.929492,41.541365],[-70.927916,41.539005],[-70.930121,41.539168],[-70.931643,41.540255],[-70.931864,41.540065],[-70.933897,41.540518],[-70.938056,41.540246],[-70.940329,41.540407],[-70.943528,41.539675],[-70.946112,41.537748],[-70.94617,41.53696],[-70.947401,41.536285],[-70.947174,41.535117],[-70.946738,41.535083],[-70.947345,41.534215],[-70.947313,41.532767],[-70.948252,41.529698],[-70.950877,41.529204],[-70.95324,41.52831],[-70.955277,41.526367],[-70.955141,41.525619],[-70.95424,41.5243],[-70.954222,41.523214],[-70.953124,41.520265],[-70.95323,41.519016],[-70.952624,41.517622],[-70.952841,41.515452],[-70.953527,41.514558],[-70.954555,41.514692],[-70.956616,41.516167],[-70.956119,41.516891],[-70.956181,41.517461],[-70.957423,41.519053],[-70.957974,41.520669],[-70.957552,41.521565],[-70.957495,41.52318],[-70.958319,41.525655],[-70.95989,41.528824],[-70.960796,41.529519],[-70.963145,41.530229],[-70.963704,41.531271],[-70.966662,41.531791],[-70.96726,41.532292],[-70.968133,41.532429],[-70.968449,41.534033],[-70.96979,41.534252],[-70.971696,41.533434],[-70.971776,41.532147],[-70.97237,41.530812],[-70.972895,41.530838],[-70.9731,41.530535],[-70.974217,41.530897],[-70.97591,41.53043],[-70.979405,41.528333],[-70.979698,41.527963],[-70.9795,41.526901],[-70.98081,41.524889],[-70.982254,41.52378],[-70.982336,41.523552],[-70.981975,41.523789],[-70.981736,41.523508],[-70.983034,41.522208],[-70.982813,41.521802],[-70.983282,41.521257],[-70.983619,41.519944],[-70.983439,41.518794],[-70.982613,41.518043],[-70.982996,41.517508],[-70.983297,41.515648],[-70.982869,41.514995],[-70.981116,41.513927],[-70.981155,41.5131],[-70.980604,41.512524],[-70.98097,41.512216],[-70.980763,41.511789],[-70.981244,41.510933],[-70.980123,41.510344],[-70.981478,41.509117],[-70.982828,41.508668],[-70.984463,41.50884],[-70.986177,41.50939],[-70.988218,41.509492],[-70.994055,41.511254],[-70.999008,41.511863],[-71.00124,41.511654],[-71.001663,41.511769],[-71.001713,41.512086],[-71.002493,41.512128],[-71.015468,41.510296],[-71.018778,41.509389],[-71.020766,41.508207],[-71.020626,41.506669],[-71.021304,41.506286],[-71.022204,41.504414],[-71.028595,41.513826],[-71.032722,41.527772],[-71.0263,41.53052],[-71.029603,41.538709],[-71.031471,41.546393],[-71.030158,41.548164],[-71.030995,41.552157],[-71.029744,41.554909],[-71.029049,41.557398],[-71.029444,41.559528],[-71.031587,41.566041],[-71.032176,41.569087],[-71.033184,41.571091],[-71.040047,41.581023],[-71.044553,41.586569],[-71.045008,41.587752],[-71.044819,41.589857],[-71.041026,41.593025],[-71.039675,41.593773],[-71.039017,41.595665],[-71.037486,41.597812],[-71.036847,41.598192],[-71.038329,41.608038],[-71.036543,41.617309],[-71.03773,41.62211],[-71.037767,41.623438],[-71.036659,41.624124],[-71.038542,41.628107],[-71.043083,41.633321],[-71.044876,41.636629],[-71.04627,41.63721],[-71.048936,41.640257],[-71.051732,41.648458],[-71.054184,41.653266],[-71.062607,41.665407],[-71.064097,41.667212],[-71.075095,41.678011],[-71.076675,41.687478],[-71.066631,41.685628],[-71.011889,41.711784],[-70.965396,41.734011],[-70.977513,41.67868]]]}},{"type":"Feature","properties":{"area_id":"73","layer":"municipality","name":"Dedham","municipality_type":"town","county_id":"25021"},"geometry":{"type":"Polygon","coordinates":[[[-71.132605,42.227115],[-71.134113,42.227473],[-71.134832,42.226949],[-71.136529,42.227087],[-71.14008,42.22394],[-71.139984,42.223199],[-71.140575,42.221772],[-71.142246,42.219532],[-71.14207,42.218924],[-71.141171,42.218372],[-71.142195,42.217571],[-71.14282,42.215681],[-71.142423,42.214309],[-71.143527,42.213132],[-71.142416,42.212171],[-71.142329,42.21167],[-71.143944,42.210935],[-71.144894,42.20948],[-71.145933,42.209231],[-71.166723,42.22361],[-71.186171,42.228666],[-71.206155,42.2434],[-71.231721,42.259264],[-71.230347,42.26137],[-71.22956,42.263731],[-71.228948,42.264258],[-71.227282,42.263911],[-71.225466,42.264093],[-71.223189,42.262706],[-71.221569,42.263435],[-71.219741,42.263631],[-71.218323,42.266448],[-71.218134,42.268663],[-71.214566,42.267711],[-71.210931,42.267311],[-71.208061,42.267861],[-71.205727,42.267579],[-71.205024,42.267067],[-71.199787,42.267711],[-71.198552,42.268551],[-71.197126,42.268962],[-71.188199,42.280464],[-71.185358,42.2796],[-71.183048,42.275862],[-71.177462,42.276877],[-71.174765,42.275851],[-71.174416,42.275058],[-71.174854,42.274148],[-71.174785,42.273415],[-71.172954,42.270306],[-71.174502,42.26866],[-71.174317,42.267187],[-71.171695,42.266287],[-71.171325,42.265356],[-71.158594,42.255157],[-71.152313,42.258345],[-71.146643,42.255765],[-71.142677,42.235988],[-71.13075,42.22792],[-71.132605,42.227115]]]}},{"type":"Feature","properties":{"area_id":"74","layer":"municipality","name":"Deerfield","municipality_type":"town","county_id":"25011"},"geometry":{"type":"Polygon","coordinates":[[[-72.561644,42.502464],[-72.565315,42.499958],[-72.567768,42.497539],[-72.568234,42.496631],[-72.569331,42.491225],[-72.570848,42.48823],[-72.570714,42.483748],[-72.571205,42.48187],[-72.573244,42.47954],[-72.575842,42.478069],[-72.581901,42.472151],[-72.585457,42.466843],[-72.609234,42.463985],[-72.611146,42.471188],[-72.623725,42.469941],[-72.623616,42.469066],[-72.631497,42.468278],[-72.632427,42.472886],[-72.656228,42.47004],[-72.662771,42.46927],[-72.660948,42.48005],[-72.64874,42.529433],[-72.652228,42.533833],[-72.655654,42.540428],[-72.660803,42.543973],[-72.663652,42.548805],[-72.669234,42.551458],[-72.673002,42.551874],[-72.675453,42.553026],[-72.655345,42.555244],[-72.651975,42.568639],[-72.63888,42.570027],[-72.636822,42.577994],[-72.629742,42.578747],[-72.623927,42.570529],[-72.622905,42.570533],[-72.622484,42.571058],[-72.620911,42.570415],[-72.618269,42.569963],[-72.615875,42.570246],[-72.613737,42.569806],[-72.609272,42.570019],[-72.607691,42.570433],[-72.605382,42.57178],[-72.603084,42.571862],[-72.60177,42.571112],[-72.600968,42.569293],[-72.599618,42.567927],[-72.596459,42.566475],[-72.595064,42.566277],[-72.593989,42.566577],[-72.592649,42.569058],[-72.591581,42.5698],[-72.580501,42.570824],[-72.579241,42.571338],[-72.577859,42.574744],[-72.57814,42.578498],[-72.575086,42.579385],[-72.572342,42.579243],[-72.565262,42.57713],[-72.562044,42.575591],[-72.560954,42.574435],[-72.55995,42.570585],[-72.556594,42.565327],[-72.555679,42.555522],[-72.556012,42.554103],[-72.562501,42.544785],[-72.563923,42.541464],[-72.568286,42.534657],[-72.568939,42.532524],[-72.568269,42.52821],[-72.567039,42.524532],[-72.56595,42.523376],[-72.56419,42.520311],[-72.557064,42.513825],[-72.555793,42.51208],[-72.555163,42.510667],[-72.555119,42.509673],[-72.555309,42.508732],[-72.556781,42.506491],[-72.561644,42.502464]]]}},{"type":"Feature","properties":{"area_id":"75","layer":"municipality","name":"Dennis","municipality_type":"town","county_id":"25001"},"geometry":{"type":"MultiPolygon","coordinates":[[[[-70.195549,41.653267],[-70.195054,41.65391],[-70.19379,41.654927],[-70.191596,41.655689],[-70.191631,41.655056],[-70.191111,41.654521],[-70.191739,41.65298],[-70.195492,41.652223],[-70.195549,41.653267]]],[[[-70.129751,41.754415],[-70.130921,41.753871],[-70.130688,41.753536],[-70.129812,41.753772],[-70.129872,41.753165],[-70.129284,41.753012],[-70.12955,41.752527],[-70.130894,41.753108],[-70.131417,41.75288],[-70.131272,41.75214],[-70.130615,41.752196],[-70.130702,41.751557],[-70.131102,41.75146],[-70.131103,41.751882],[-70.131734,41.751323],[-70.133074,41.751786],[-70.133461,41.751132],[-70.132839,41.751328],[-70.132745,41.750648],[-70.133527,41.75096],[-70.1342,41.750589],[-70.133861,41.75008],[-70.134291,41.750054],[-70.134506,41.750429],[-70.134758,41.74981],[-70.135297,41.750176],[-70.136101,41.749485],[-70.13709,41.749368],[-70.136853,41.74903],[-70.137728,41.74883],[-70.137596,41.7483],[-70.138843,41.748336],[-70.139122,41.748671],[-70.140008,41.747847],[-70.140667,41.748117],[-70.141087,41.747475],[-70.141647,41.747667],[-70.14237,41.747168],[-70.142796,41.747345],[-70.144171,41.746839],[-70.1455,41.745385],[-70.145104,41.744789],[-70.145826,41.744502],[-70.145976,41.744119],[-70.145401,41.7439],[-70.133851,41.706166],[-70.117548,41.655231],[-70.120539,41.655228],[-70.12476,41.654583],[-70.140029,41.650641],[-70.148875,41.650487],[-70.153382,41.651201],[-70.154691,41.651749],[-70.157725,41.651225],[-70.159613,41.651934],[-70.160487,41.651467],[-70.162976,41.651942],[-70.164991,41.651945],[-70.16916,41.651455],[-70.169538,41.651117],[-70.171713,41.65141],[-70.174628,41.651226],[-70.192495,41.648303],[-70.195949,41.648215],[-70.195834,41.648587],[-70.19479,41.648612],[-70.194243,41.649369],[-70.193801,41.650297],[-70.193855,41.651282],[-70.18904,41.653549],[-70.188615,41.654638],[-70.188907,41.656909],[-70.186294,41.659273],[-70.186276,41.660525],[-70.185908,41.661196],[-70.184437,41.661511],[-70.182752,41.662694],[-70.18199,41.664311],[-70.18084,41.665569],[-70.178788,41.665859],[-70.176878,41.665054],[-70.176042,41.665399],[-70.174861,41.666721],[-70.175769,41.667367],[-70.176827,41.666846],[-70.177875,41.666952],[-70.178348,41.667409],[-70.178168,41.668123],[-70.173196,41.670114],[-70.170284,41.672688],[-70.166823,41.672579],[-70.165085,41.673058],[-70.164684,41.673896],[-70.164847,41.674624],[-70.16556,41.675442],[-70.165479,41.676437],[-70.163758,41.677638],[-70.161128,41.678622],[-70.160797,41.680401],[-70.159652,41.68036],[-70.159195,41.68131],[-70.15847,41.681051],[-70.158744,41.681778],[-70.159454,41.68186],[-70.159353,41.682304],[-70.160014,41.683037],[-70.159932,41.683572],[-70.159155,41.684066],[-70.158348,41.685234],[-70.158861,41.685619],[-70.160207,41.685846],[-70.159935,41.686855],[-70.160452,41.687646],[-70.160135,41.688767],[-70.162018,41.689484],[-70.163581,41.68854],[-70.164339,41.688501],[-70.1657,41.689535],[-70.167843,41.690397],[-70.168589,41.691111],[-70.169642,41.694056],[-70.16869,41.694456],[-70.167714,41.695759],[-70.167538,41.696742],[-70.166609,41.697838],[-70.166475,41.698641],[-70.166856,41.69953],[-70.168231,41.700992],[-70.169424,41.701319],[-70.170374,41.699796],[-70.17245,41.698218],[-70.17257,41.698832],[-70.173537,41.699557],[-70.174043,41.700599],[-70.175748,41.701276],[-70.175536,41.703094],[-70.17488,41.704375],[-70.17517,41.705437],[-70.176582,41.706386],[-70.180413,41.707385],[-70.178837,41.709063],[-70.181801,41.710754],[-70.182806,41.712094],[-70.184659,41.712888],[-70.185955,41.71279],[-70.198446,41.71853],[-70.197037,41.721592],[-70.200317,41.723656],[-70.201559,41.723997],[-70.201757,41.724378],[-70.203288,41.724005],[-70.203127,41.72379],[-70.203756,41.723201],[-70.205136,41.72325],[-70.205939,41.722888],[-70.205951,41.723262],[-70.206489,41.723109],[-70.206422,41.723632],[-70.207451,41.723845],[-70.208272,41.723736],[-70.208044,41.723473],[-70.208368,41.723313],[-70.208577,41.723947],[-70.209333,41.723146],[-70.20999,41.723515],[-70.209743,41.724011],[-70.210506,41.723652],[-70.211261,41.724066],[-70.211778,41.723697],[-70.212258,41.724063],[-70.212072,41.724476],[-70.21249,41.724569],[-70.212842,41.724398],[-70.212785,41.723932],[-70.213327,41.723082],[-70.214006,41.7239],[-70.213146,41.724676],[-70.213591,41.724896],[-70.214146,41.72435],[-70.215088,41.724587],[-70.215342,41.725073],[-70.21608,41.724671],[-70.21687,41.725108],[-70.217243,41.724384],[-70.21804,41.724458],[-70.21816,41.7235],[-70.217656,41.723036],[-70.216776,41.72344],[-70.216626,41.722974],[-70.217308,41.722469],[-70.219514,41.722079],[-70.220108,41.722311],[-70.220915,41.723502],[-70.220687,41.725173],[-70.220663,41.726113],[-70.221767,41.726509],[-70.222752,41.726295],[-70.223538,41.725204],[-70.225361,41.725346],[-70.226734,41.726589],[-70.228252,41.728789],[-70.229519,41.729546],[-70.230946,41.729886],[-70.232267,41.729713],[-70.233211,41.728918],[-70.233388,41.726596],[-70.234255,41.725677],[-70.235665,41.725632],[-70.238405,41.726157],[-70.240865,41.725394],[-70.241404,41.726182],[-70.24057,41.727477],[-70.238728,41.729008],[-70.237379,41.730691],[-70.234589,41.732152],[-70.232194,41.734472],[-70.227502,41.736944],[-70.226096,41.738448],[-70.223533,41.739336],[-70.219831,41.741711],[-70.214492,41.743443],[-70.210881,41.745289],[-70.207272,41.746632],[-70.194562,41.749952],[-70.192781,41.75069],[-70.189921,41.752487],[-70.188238,41.752182],[-70.186632,41.750673],[-70.183581,41.750651],[-70.1757,41.752608],[-70.171829,41.75438],[-70.167284,41.755076],[-70.165076,41.756185],[-70.162541,41.755748],[-70.161359,41.7559],[-70.160251,41.756463],[-70.158233,41.75608],[-70.15603,41.756493],[-70.15535,41.755547],[-70.153697,41.755204],[-70.153038,41.755747],[-70.15265,41.756752],[-70.149111,41.757631],[-70.145652,41.759406],[-70.143038,41.759715],[-70.141399,41.760252],[-70.138047,41.759746],[-70.134138,41.760769],[-70.130289,41.759587],[-70.128532,41.760243],[-70.126301,41.759838],[-70.124416,41.760475],[-70.122978,41.760381],[-70.12303,41.759021],[-70.124005,41.757431],[-70.124651,41.75715],[-70.126509,41.757302],[-70.127642,41.756115],[-70.129206,41.755174],[-70.129751,41.754415]]]]}},{"type":"Feature","properties":{"area_id":"76","layer":"municipality","name":"Dighton","municipality_type":"town","county_id":"25005"},"geometry":{"type":"Polygon","coordinates":[[[-71.130638,41.870289],[-71.130738,41.869014],[-71.130419,41.868365],[-71.129032,41.867878],[-71.125886,41.8678],[-71.124672,41.866518],[-71.123799,41.866858],[-71.122682,41.86635],[-71.121279,41.86459],[-71.121483,41.864338],[-71.122323,41.8644],[-71.122615,41.863801],[-71.122427,41.861942],[-71.121186,41.858794],[-71.119788,41.857364],[-71.11694,41.857042],[-71.115323,41.855398],[-71.11478,41.854998],[-71.113286,41.855584],[-71.111029,41.854995],[-71.108327,41.853352],[-71.108489,41.852604],[-71.111737,41.851073],[-71.112046,41.850119],[-71.113229,41.848594],[-71.113508,41.84737],[-71.112916,41.846852],[-71.112737,41.84602],[-71.111985,41.845373],[-71.111347,41.843778],[-71.111796,41.842548],[-71.112736,41.842883],[-71.111823,41.841845],[-71.111281,41.840452],[-71.110015,41.839518],[-71.109237,41.838329],[-71.109045,41.835882],[-71.10877,41.835632],[-71.109011,41.835328],[-71.10865,41.835108],[-71.108983,41.834909],[-71.109245,41.832833],[-71.109953,41.831786],[-71.110982,41.831156],[-71.113155,41.83086],[-71.115218,41.830134],[-71.115462,41.829121],[-71.115084,41.828474],[-71.115219,41.828041],[-71.116969,41.82689],[-71.117906,41.826673],[-71.118468,41.823951],[-71.117421,41.823129],[-71.117809,41.822466],[-71.116378,41.820695],[-71.117043,41.820478],[-71.1164,41.819268],[-71.116544,41.818387],[-71.115484,41.816149],[-71.114776,41.815858],[-71.114562,41.815339],[-71.114808,41.815045],[-71.115457,41.815087],[-71.115519,41.814591],[-71.115227,41.81434],[-71.116388,41.813961],[-71.115861,41.812992],[-71.118564,41.811633],[-71.11893,41.810967],[-71.118781,41.810236],[-71.119719,41.80962],[-71.119561,41.808906],[-71.119225,41.808722],[-71.119748,41.808251],[-71.119349,41.808074],[-71.119865,41.807868],[-71.119875,41.806717],[-71.120411,41.805971],[-71.120382,41.805384],[-71.121131,41.804675],[-71.121297,41.803494],[-71.120689,41.802421],[-71.120983,41.801714],[-71.12051,41.80111],[-71.120609,41.800509],[-71.119946,41.799735],[-71.120053,41.798652],[-71.121038,41.797799],[-71.120864,41.79716],[-71.120166,41.796629],[-71.120472,41.796351],[-71.121732,41.796307],[-71.12197,41.795326],[-71.121762,41.794834],[-71.123402,41.794173],[-71.12349,41.793526],[-71.122837,41.792369],[-71.124118,41.791626],[-71.124267,41.790941],[-71.125396,41.790799],[-71.125372,41.790372],[-71.153165,41.789561],[-71.171053,41.789378],[-71.17623,41.815913],[-71.193489,41.816539],[-71.203464,41.881852],[-71.186786,41.879351],[-71.130638,41.870289]]]}},{"type":"Feature","properties":{"area_id":"77","layer":"municipality","name":"Douglas","municipality_type":"town","county_id":"25027"},"geometry":{"type":"Polygon","coordinates":[[[-71.696281,42.071098],[-71.679242,42.074189],[-71.679966,42.070891],[-71.681658,42.056853],[-71.682452,42.043751],[-71.680867,42.011539],[-71.771458,42.009489],[-71.799188,42.008062],[-71.799716,42.015723],[-71.800671,42.023523],[-71.804549,42.023565],[-71.830065,42.092787],[-71.811322,42.098883],[-71.809219,42.095372],[-71.797178,42.09918],[-71.792395,42.100735],[-71.77463,42.100343],[-71.768088,42.081779],[-71.696667,42.095336],[-71.696281,42.071098]]]}},{"type":"Feature","properties":{"area_id":"78","layer":"municipality","name":"Dover","municipality_type":"town","county_id":"25021"},"geometry":{"type":"Polygon","coordinates":[[[-71.294912,42.272438],[-71.295653,42.272493],[-71.296687,42.272631],[-71.297601,42.272372],[-71.298568,42.271209],[-71.299805,42.270503],[-71.299747,42.269622],[-71.30004,42.268192],[-71.30125,42.267334],[-71.301094,42.267036],[-71.295619,42.266888],[-71.295243,42.266565],[-71.295106,42.265902],[-71.295393,42.265101],[-71.295072,42.264885],[-71.293677,42.26647],[-71.291942,42.267291],[-71.290895,42.266981],[-71.290099,42.266078],[-71.287747,42.265211],[-71.287405,42.265364],[-71.287267,42.266096],[-71.28679,42.266165],[-71.284824,42.264766],[-71.284806,42.26388],[-71.28396,42.262623],[-71.279529,42.26011],[-71.27818,42.260138],[-71.276786,42.261345],[-71.275813,42.260881],[-71.273634,42.261846],[-71.271463,42.262021],[-71.270564,42.260956],[-71.270631,42.260398],[-71.271431,42.259324],[-71.271135,42.258083],[-71.267579,42.255441],[-71.266292,42.255007],[-71.265307,42.254981],[-71.264849,42.255358],[-71.265255,42.257894],[-71.266219,42.258983],[-71.266119,42.259715],[-71.265737,42.259958],[-71.263258,42.2593],[-71.262517,42.257734],[-71.257756,42.255189],[-71.256596,42.254848],[-71.254748,42.255252],[-71.252674,42.255024],[-71.250587,42.255821],[-71.248845,42.255602],[-71.247093,42.258048],[-71.245211,42.259261],[-71.240139,42.259227],[-71.238643,42.259824],[-71.236807,42.259858],[-71.233266,42.258371],[-71.232287,42.258434],[-71.232238,42.256907],[-71.251417,42.202622],[-71.254125,42.20281],[-71.258195,42.204081],[-71.261057,42.204105],[-71.263712,42.203337],[-71.267524,42.200948],[-71.26957,42.200508],[-71.268089,42.209589],[-71.271059,42.215641],[-71.338506,42.215239],[-71.338353,42.215984],[-71.338624,42.216903],[-71.341168,42.218271],[-71.342203,42.219648],[-71.343015,42.220064],[-71.343165,42.22078],[-71.342737,42.221507],[-71.341658,42.221931],[-71.34069,42.224859],[-71.337771,42.227071],[-71.336544,42.227651],[-71.334197,42.229953],[-71.331481,42.231632],[-71.329688,42.233376],[-71.329632,42.234162],[-71.330882,42.236247],[-71.331186,42.237595],[-71.330778,42.24106],[-71.330525,42.241935],[-71.329773,42.242602],[-71.329378,42.245156],[-71.332429,42.247733],[-71.332677,42.248459],[-71.332497,42.249084],[-71.302923,42.248283],[-71.308466,42.270741],[-71.308026,42.271812],[-71.30901,42.273338],[-71.309012,42.274788],[-71.309494,42.275701],[-71.309303,42.276388],[-71.304637,42.278368],[-71.302478,42.280169],[-71.300997,42.282369],[-71.300315,42.282906],[-71.298221,42.281771],[-71.297488,42.280694],[-71.297789,42.279216],[-71.299713,42.276311],[-71.299641,42.275011],[-71.298353,42.274269],[-71.2972,42.274506],[-71.296205,42.274326],[-71.294823,42.273073],[-71.294912,42.272438]]]}},{"type":"Feature","properties":{"area_id":"79","layer":"municipality","name":"Dracut","municipality_type":"town","county_id":"25017"},"geometry":{"type":"Polygon","coordinates":[[[-71.240398,42.666738],[-71.241377,42.663758],[-71.242491,42.662355],[-71.245455,42.661204],[-71.24948,42.661109],[-71.250763,42.66079],[-71.256189,42.657154],[-71.258483,42.656932],[-71.264331,42.657678],[-71.275155,42.656225],[-71.280407,42.654129],[-71.286861,42.648877],[-71.29957,42.666524],[-71.357524,42.654463],[-71.368883,42.661763],[-71.366436,42.666688],[-71.369627,42.669343],[-71.37158,42.664154],[-71.373366,42.666132],[-71.376677,42.677963],[-71.378799,42.683101],[-71.374016,42.689379],[-71.374368,42.693274],[-71.36973,42.698419],[-71.322289,42.697237],[-71.294871,42.697252],[-71.279007,42.711339],[-71.268103,42.726062],[-71.255133,42.736483],[-71.238179,42.669428],[-71.240398,42.666738]]]}},{"type":"Feature","properties":{"area_id":"80","layer":"municipality","name":"Dudley","municipality_type":"town","county_id":"25027"},"geometry":{"type":"Polygon","coordinates":[[[-71.878979,42.067767],[-71.878827,42.066162],[-71.87961,42.063904],[-71.881771,42.062899],[-71.88214,42.062123],[-71.881581,42.060278],[-71.882326,42.058776],[-71.880767,42.058392],[-71.879929,42.057842],[-71.880388,42.055516],[-71.88008,42.053921],[-71.880737,42.052406],[-71.880496,42.051631],[-71.881246,42.051179],[-71.88284,42.05115],[-71.883971,42.050687],[-71.886849,42.051011],[-71.88748,42.050397],[-71.887405,42.0472],[-71.886333,42.04596],[-71.886939,42.045257],[-71.887509,42.041863],[-71.888694,42.039181],[-71.889346,42.035778],[-71.888737,42.033891],[-71.887476,42.032234],[-71.887829,42.031059],[-71.886782,42.029819],[-71.887041,42.0283],[-71.885449,42.025461],[-71.884033,42.024867],[-71.883949,42.024403],[-71.903372,42.024594],[-71.993126,42.026944],[-71.994698,42.031033],[-71.989045,42.044594],[-71.988246,42.05452],[-71.988744,42.055638],[-71.989748,42.05666],[-71.991572,42.057828],[-71.993332,42.065388],[-71.992844,42.072571],[-71.909229,42.091282],[-71.895115,42.094257],[-71.89114,42.072741],[-71.881506,42.075905],[-71.878979,42.067767]]]}},{"type":"Feature","properties":{"area_id":"81","layer":"municipality","name":"Dunstable","municipality_type":"town","county_id":"25017"},"geometry":{"type":"Polygon","coordinates":[[[-71.456337,42.695858],[-71.461034,42.691977],[-71.459578,42.690477],[-71.45814,42.69105],[-71.457029,42.690666],[-71.456123,42.686361],[-71.452089,42.687163],[-71.451467,42.685369],[-71.450284,42.685305],[-71.448031,42.680922],[-71.447286,42.677505],[-71.44642,42.670419],[-71.452345,42.669753],[-71.45237,42.669394],[-71.451695,42.66938],[-71.451528,42.669766],[-71.448619,42.667744],[-71.447836,42.666619],[-71.446953,42.663161],[-71.449756,42.661836],[-71.455445,42.661244],[-71.454931,42.660114],[-71.458684,42.659764],[-71.457189,42.658378],[-71.474785,42.649898],[-71.479484,42.658803],[-71.482513,42.651039],[-71.48903,42.649206],[-71.492519,42.649109],[-71.496485,42.649812],[-71.51497,42.643631],[-71.534415,42.648423],[-71.537137,42.663504],[-71.532409,42.668987],[-71.538859,42.674179],[-71.557415,42.676322],[-71.55636,42.677015],[-71.55553,42.678408],[-71.556054,42.680429],[-71.555683,42.682372],[-71.556484,42.684724],[-71.556755,42.688783],[-71.556446,42.689561],[-71.554304,42.691261],[-71.553111,42.692882],[-71.54936,42.694469],[-71.547356,42.696535],[-71.544393,42.69888],[-71.543371,42.701476],[-71.542437,42.702813],[-71.457684,42.700469],[-71.456337,42.695858]]]}},{"type":"Feature","properties":{"area_id":"82","layer":"municipality","name":"Duxbury","municipality_type":"town","county_id":"25023"},"geometry":{"type":"Polygon","coordinates":[[[-70.648401,42.066042],[-70.646978,42.060348],[-70.643579,42.051157],[-70.640537,42.046018],[-70.638622,42.043456],[-70.631651,42.035698],[-70.620217,42.026229],[-70.611297,42.015638],[-70.608899,42.013208],[-70.612822,42.013219],[-70.612603,42.013472],[-70.612924,42.015101],[-70.615977,42.020001],[-70.617884,42.022073],[-70.621141,42.024515],[-70.621874,42.025501],[-70.622961,42.026033],[-70.623786,42.025239],[-70.623323,42.026286],[-70.624006,42.025577],[-70.623675,42.026259],[-70.623841,42.026624],[-70.624229,42.026207],[-70.624743,42.026856],[-70.624392,42.0259],[-70.624886,42.025755],[-70.62446,42.025402],[-70.625161,42.025158],[-70.624868,42.024721],[-70.625149,42.023998],[-70.62489,42.023785],[-70.625377,42.023721],[-70.625232,42.024556],[-70.625793,42.026748],[-70.626874,42.028329],[-70.627618,42.028482],[-70.627766,42.028964],[-70.629014,42.029457],[-70.629888,42.032539],[-70.63265,42.034917],[-70.636313,42.038868],[-70.638388,42.041721],[-70.640958,42.044266],[-70.641662,42.045577],[-70.642951,42.046534],[-70.643104,42.046982],[-70.642844,42.047401],[-70.643948,42.048693],[-70.643789,42.048936],[-70.645723,42.050615],[-70.64596,42.051296],[-70.64571,42.052582],[-70.646342,42.055011],[-70.646904,42.055362],[-70.648493,42.055471],[-70.64873,42.054704],[-70.649973,42.053608],[-70.651754,42.053819],[-70.652935,42.053265],[-70.654619,42.053582],[-70.65533,42.054288],[-70.655607,42.054703],[-70.655365,42.055703],[-70.656485,42.056636],[-70.656786,42.057601],[-70.655977,42.058941],[-70.65452,42.060345],[-70.655883,42.060581],[-70.658834,42.059945],[-70.659828,42.0589],[-70.660958,42.058416],[-70.661626,42.057402],[-70.661609,42.056014],[-70.659419,42.053965],[-70.65937,42.053296],[-70.659859,42.052706],[-70.660603,42.052482],[-70.662222,42.053783],[-70.665014,42.054363],[-70.666406,42.053884],[-70.666446,42.052972],[-70.665842,42.052286],[-70.665077,42.052425],[-70.664086,42.052076],[-70.663478,42.050733],[-70.663849,42.050459],[-70.660433,42.048287],[-70.656264,42.047631],[-70.654146,42.047763],[-70.652312,42.047213],[-70.651187,42.047406],[-70.650984,42.047063],[-70.651236,42.045928],[-70.653394,42.044263],[-70.657697,42.042442],[-70.659564,42.042941],[-70.661877,42.04435],[-70.66414,42.044195],[-70.664637,42.04465],[-70.666286,42.044676],[-70.667227,42.045479],[-70.668788,42.045293],[-70.668913,42.04499],[-70.668177,42.044133],[-70.668447,42.043637],[-70.668105,42.043578],[-70.668038,42.043105],[-70.667758,42.043115],[-70.667268,42.04236],[-70.667399,42.041968],[-70.667714,42.042044],[-70.667822,42.041745],[-70.668166,42.042017],[-70.668438,42.041554],[-70.669956,42.041865],[-70.66954,42.041245],[-70.667882,42.041311],[-70.668211,42.040788],[-70.667803,42.040692],[-70.668528,42.04029],[-70.668517,42.039817],[-70.669647,42.039711],[-70.670142,42.039252],[-70.669591,42.038148],[-70.669759,42.037822],[-70.670374,42.037929],[-70.669389,42.036962],[-70.669542,42.036601],[-70.66907,42.036665],[-70.669687,42.035684],[-70.669456,42.034666],[-70.669912,42.034129],[-70.669785,42.03339],[-70.670247,42.033041],[-70.670389,42.032349],[-70.67011,42.031973],[-70.670091,42.030465],[-70.669765,42.03023],[-70.67122,42.029019],[-70.670447,42.026087],[-70.670727,42.025753],[-70.672146,42.025869],[-70.675054,42.024513],[-70.675413,42.023776],[-70.676091,42.023638],[-70.676553,42.022698],[-70.67579,42.021459],[-70.676938,42.020566],[-70.676884,42.020008],[-70.676356,42.019673],[-70.676652,42.019355],[-70.676269,42.019272],[-70.676309,42.018958],[-70.675487,42.01921],[-70.675313,42.018794],[-70.674121,42.018724],[-70.673768,42.018221],[-70.67253,42.018261],[-70.671978,42.019784],[-70.672889,42.019993],[-70.672509,42.020974],[-70.672062,42.021192],[-70.670504,42.019881],[-70.669746,42.018525],[-70.669681,42.017823],[-70.669119,42.017346],[-70.668839,42.014237],[-70.667865,42.011987],[-70.667812,42.010792],[-70.668374,42.009944],[-70.672581,42.00691],[-70.675694,42.006262],[-70.677157,42.005441],[-70.678368,42.005259],[-70.680562,42.005622],[-70.682169,42.00812],[-70.683258,42.008731],[-70.683549,42.009258],[-70.685126,42.009821],[-70.68662,42.01232],[-70.68692,42.013801],[-70.686533,42.014602],[-70.686765,42.015445],[-70.68612,42.016464],[-70.68711,42.017537],[-70.686496,42.017908],[-70.68639,42.018612],[-70.686686,42.018867],[-70.687388,42.018265],[-70.688575,42.018187],[-70.689288,42.016269],[-70.691779,42.015169],[-70.691886,42.014051],[-70.69236,42.013476],[-70.694012,42.013581],[-70.695176,42.014061],[-70.694902,42.014792],[-70.695631,42.014933],[-70.695888,42.015621],[-70.695462,42.015875],[-70.695703,42.016016],[-70.696229,42.015792],[-70.696737,42.014968],[-70.696531,42.014488],[-70.697164,42.013793],[-70.699986,42.012524],[-70.700402,42.011523],[-70.701487,42.011365],[-70.702085,42.012097],[-70.702578,42.011749],[-70.702201,42.010157],[-70.702458,42.009761],[-70.703069,42.00964],[-70.703308,42.00914],[-70.704606,42.009205],[-70.707153,42.00867],[-70.707689,42.007771],[-70.709193,42.006723],[-70.711747,42.007049],[-70.712652,42.005989],[-70.711301,42.004774],[-70.71133,42.002411],[-70.721802,42.002815],[-70.722224,42.004268],[-70.724658,42.007049],[-70.724023,42.009297],[-70.731241,42.017716],[-70.769493,42.022073],[-70.76987,42.022579],[-70.769161,42.023703],[-70.768833,42.025476],[-70.766806,42.028161],[-70.766066,42.028508],[-70.765382,42.031324],[-70.763127,42.031074],[-70.76117,42.031611],[-70.759636,42.032998],[-70.75923,42.034446],[-70.759647,42.035097],[-70.760863,42.0355],[-70.761256,42.036814],[-70.762519,42.037408],[-70.762765,42.038176],[-70.764613,42.038104],[-70.764991,42.038361],[-70.76475,42.039667],[-70.76606,42.041763],[-70.767395,42.042601],[-70.767725,42.044035],[-70.768334,42.044311],[-70.768668,42.045134],[-70.781446,42.046789],[-70.749717,42.096986],[-70.698443,42.070496],[-70.698485,42.069049],[-70.697318,42.067316],[-70.695904,42.06671],[-70.682762,42.057478],[-70.648531,42.072349],[-70.648401,42.066042]]]}},{"type":"Feature","properties":{"area_id":"83","layer":"municipality","name":"East Bridgewater","municipality_type":"town","county_id":"25023"},"geometry":{"type":"Polygon","coordinates":[[[-70.89973,42.025308],[-70.897419,42.02495],[-70.89765,42.024233],[-70.896619,42.023294],[-70.896879,42.019189],[-70.897745,42.016458],[-70.899572,42.002985],[-70.899186,41.99633],[-70.903494,41.996602],[-70.908549,41.996129],[-70.910581,41.996785],[-70.913057,41.997085],[-70.914188,41.998928],[-70.917548,42.002438],[-70.917457,42.004609],[-70.918633,42.005965],[-70.920479,42.007154],[-70.925609,42.00894],[-70.926593,42.008916],[-70.93031,42.007808],[-70.935543,42.007816],[-70.942781,42.006564],[-70.953665,42.005859],[-70.979586,42.011009],[-70.98716,42.046577],[-70.98992,42.059495],[-70.980789,42.068867],[-70.975231,42.071186],[-70.951045,42.06087],[-70.929089,42.066264],[-70.9129,42.065028],[-70.908108,42.061673],[-70.89973,42.025308]]]}},{"type":"Feature","properties":{"area_id":"84","layer":"municipality","name":"East Brookfield","municipality_type":"town","county_id":"25027"},"geometry":{"type":"Polygon","coordinates":[[[-72.018602,42.175708],[-72.029441,42.174433],[-72.07245,42.169287],[-72.071588,42.172053],[-72.071854,42.17281],[-72.074107,42.175578],[-72.073889,42.178241],[-72.072703,42.180504],[-72.069997,42.182486],[-72.069861,42.183095],[-72.070448,42.184104],[-72.070411,42.184858],[-72.060478,42.202996],[-72.078865,42.214652],[-72.078049,42.215515],[-72.078001,42.216143],[-72.07696,42.216946],[-72.077244,42.217143],[-72.076665,42.217846],[-72.076918,42.218126],[-72.076504,42.21945],[-72.075777,42.21977],[-72.075204,42.220612],[-72.073995,42.220527],[-72.073615,42.220865],[-72.07376,42.221648],[-72.073048,42.222345],[-72.073218,42.222878],[-72.072825,42.22366],[-72.073668,42.224675],[-72.073549,42.225722],[-72.074287,42.227089],[-72.073907,42.227419],[-72.074236,42.228291],[-72.073941,42.228763],[-72.074116,42.22959],[-72.07315,42.230408],[-72.073155,42.230921],[-72.073525,42.23117],[-72.072828,42.232096],[-72.070145,42.231278],[-72.045527,42.229982],[-72.03856,42.244465],[-72.030359,42.245209],[-72.019888,42.183771],[-72.018602,42.175708]]]}},{"type":"Feature","properties":{"area_id":"85","layer":"municipality","name":"East Longmeadow","municipality_type":"town","county_id":"25013"},"geometry":{"type":"Polygon","coordinates":[[[-72.458291,42.034333],[-72.492237,42.034223],[-72.531561,42.034584],[-72.536641,42.063745],[-72.539685,42.081192],[-72.471088,42.08973],[-72.469936,42.084775],[-72.458291,42.034333]]]}},{"type":"Feature","properties":{"area_id":"86","layer":"municipality","name":"Eastham","municipality_type":"town","county_id":"25001"},"geometry":{"type":"MultiPolygon","coordinates":[[[[-69.939764,41.81063],[-69.939468,41.811546],[-69.93988,41.814838],[-69.940408,41.815446],[-69.941771,41.816129],[-69.941761,41.816947],[-69.941349,41.816387],[-69.940239,41.816095],[-69.938927,41.815228],[-69.938266,41.814482],[-69.937974,41.812822],[-69.938052,41.811794],[-69.938508,41.81109],[-69.938418,41.810411],[-69.939764,41.81063]]],[[[-69.960619,41.822338],[-69.962028,41.822306],[-69.962974,41.823029],[-69.961045,41.822931],[-69.960619,41.822338]]],[[[-69.95001,41.812303],[-69.950693,41.813528],[-69.951168,41.813643],[-69.953455,41.81599],[-69.95669,41.816755],[-69.958554,41.817647],[-69.957892,41.819284],[-69.957919,41.820197],[-69.95839,41.821657],[-69.959263,41.822258],[-69.959453,41.823246],[-69.95695,41.825365],[-69.954605,41.82546],[-69.950595,41.824362],[-69.949758,41.823825],[-69.947907,41.821639],[-69.946862,41.820966],[-69.946829,41.820615],[-69.947323,41.820458],[-69.947376,41.821197],[-69.949163,41.822512],[-69.949607,41.822448],[-69.949467,41.821329],[-69.949045,41.820708],[-69.948041,41.82007],[-69.946605,41.820207],[-69.945673,41.818455],[-69.945526,41.817624],[-69.945889,41.817681],[-69.946379,41.819204],[-69.947065,41.819507],[-69.947521,41.819344],[-69.947779,41.819703],[-69.94796,41.818864],[-69.947151,41.817571],[-69.94655,41.817243],[-69.945737,41.817485],[-69.945423,41.817043],[-69.945398,41.814835],[-69.946134,41.812927],[-69.947001,41.811812],[-69.95001,41.812303]]],[[[-69.962216,41.825352],[-69.962208,41.82502],[-69.961547,41.824959],[-69.961239,41.825047],[-69.961294,41.825493],[-69.960679,41.825805],[-69.95763,41.825913],[-69.956985,41.825663],[-69.957931,41.824675],[-69.959387,41.823874],[-69.959741,41.822714],[-69.961156,41.823628],[-69.963932,41.824112],[-69.964602,41.824739],[-69.964863,41.825571],[-69.96456,41.826193],[-69.963751,41.826434],[-69.963116,41.82615],[-69.963029,41.825571],[-69.962652,41.825483],[-69.962216,41.825352]]],[[[-69.958921,41.826267],[-69.958782,41.826049],[-69.959064,41.825994],[-69.959511,41.826178],[-69.958422,41.826816],[-69.95671,41.826121],[-69.958921,41.826267]]],[[[-69.959088,41.82685],[-69.960164,41.826276],[-69.962658,41.82611],[-69.963398,41.826776],[-69.963852,41.82671],[-69.962805,41.827733],[-69.961364,41.827233],[-69.959721,41.827195],[-69.959088,41.82685]]],[[[-69.942734,41.827893],[-69.942207,41.827411],[-69.941742,41.827623],[-69.941312,41.828622],[-69.940176,41.828038],[-69.939854,41.826576],[-69.938319,41.824399],[-69.938511,41.823895],[-69.939562,41.825169],[-69.94032,41.825269],[-69.940289,41.823601],[-69.939598,41.822154],[-69.939164,41.819646],[-69.937947,41.817691],[-69.93997,41.818228],[-69.940391,41.817831],[-69.942937,41.817552],[-69.941221,41.818677],[-69.9415,41.820886],[-69.941215,41.821781],[-69.942343,41.822839],[-69.942006,41.824353],[-69.94316,41.826634],[-69.943919,41.827447],[-69.945911,41.828352],[-69.946171,41.828789],[-69.944556,41.828408],[-69.942734,41.827893]]],[[[-69.958062,41.830826],[-69.958208,41.828879],[-69.957146,41.827322],[-69.960584,41.827426],[-69.962378,41.828161],[-69.962318,41.828623],[-69.960338,41.829175],[-69.959636,41.830279],[-69.958609,41.83041],[-69.959484,41.831214],[-69.960399,41.831222],[-69.960419,41.831604],[-69.958657,41.831492],[-69.958062,41.830826]]],[[[-69.956301,41.832451],[-69.956228,41.83285],[-69.955672,41.832791],[-69.955609,41.832482],[-69.956043,41.831978],[-69.957389,41.831752],[-69.958215,41.832624],[-69.959481,41.83329],[-69.959625,41.833889],[-69.959338,41.834502],[-69.958003,41.83507],[-69.958585,41.834281],[-69.95858,41.833419],[-69.957402,41.832828],[-69.956301,41.832451]]],[[[-69.950427,41.832073],[-69.947633,41.829873],[-69.947381,41.829232],[-69.947701,41.827915],[-69.947231,41.827372],[-69.946276,41.827084],[-69.946304,41.82665],[-69.947093,41.826243],[-69.948027,41.82623],[-69.950444,41.827487],[-69.954344,41.828088],[-69.955738,41.827929],[-69.956748,41.828382],[-69.9572,41.829947],[-69.956787,41.830008],[-69.956901,41.829647],[-69.956581,41.829452],[-69.956254,41.83011],[-69.956933,41.831585],[-69.955424,41.831931],[-69.955319,41.832703],[-69.954227,41.832849],[-69.955169,41.833252],[-69.955307,41.832836],[-69.956008,41.833338],[-69.956597,41.833355],[-69.956654,41.834136],[-69.957073,41.834365],[-69.956532,41.834838],[-69.955942,41.834819],[-69.956061,41.835546],[-69.955052,41.834525],[-69.950427,41.832073]]],[[[-69.950935,41.837496],[-69.95027,41.837093],[-69.949976,41.835725],[-69.949235,41.834731],[-69.948837,41.833507],[-69.948341,41.833103],[-69.948291,41.832039],[-69.948737,41.832325],[-69.949248,41.832037],[-69.950993,41.833605],[-69.953398,41.83423],[-69.954376,41.834855],[-69.954383,41.836033],[-69.953283,41.836555],[-69.952897,41.837978],[-69.952465,41.837232],[-69.951466,41.837038],[-69.950935,41.837496]]],[[[-69.946253,41.837087],[-69.946643,41.836656],[-69.946338,41.836455],[-69.947321,41.835601],[-69.947261,41.834836],[-69.946764,41.8347],[-69.946893,41.834368],[-69.946437,41.834168],[-69.947074,41.833184],[-69.946785,41.832912],[-69.947383,41.831651],[-69.948759,41.835329],[-69.949595,41.836475],[-69.949222,41.838019],[-69.948689,41.837208],[-69.946253,41.837087]]],[[[-69.949403,41.838677],[-69.949924,41.837435],[-69.950769,41.837674],[-69.951793,41.837292],[-69.952456,41.837438],[-69.952387,41.837848],[-69.95169,41.837789],[-69.951654,41.838605],[-69.951318,41.838269],[-69.950461,41.83913],[-69.949786,41.839196],[-69.949403,41.838677]]],[[[-70.004505,41.879463],[-70.005374,41.8783],[-70.004411,41.877594],[-70.003357,41.877629],[-70.002818,41.877213],[-70.002875,41.877556],[-70.002412,41.877297],[-70.002202,41.877791],[-70.001726,41.877337],[-70.000443,41.877724],[-69.999039,41.877153],[-69.999066,41.876716],[-69.997256,41.876974],[-69.996927,41.876535],[-69.99582,41.87633],[-69.995008,41.876609],[-69.99301,41.876202],[-69.989849,41.877279],[-69.987287,41.877486],[-69.984272,41.877168],[-69.982966,41.877423],[-69.980616,41.877057],[-69.956676,41.880004],[-69.955684,41.875372],[-69.953746,41.870774],[-69.952347,41.865634],[-69.949963,41.859724],[-69.949031,41.85558],[-69.945781,41.846586],[-69.945436,41.844235],[-69.944501,41.842246],[-69.944578,41.841617],[-69.945485,41.841507],[-69.94475,41.840873],[-69.944145,41.838791],[-69.943955,41.836032],[-69.943284,41.832928],[-69.944134,41.832058],[-69.944389,41.831276],[-69.945869,41.830658],[-69.946895,41.829989],[-69.946864,41.829676],[-69.947359,41.830034],[-69.947202,41.831402],[-69.946238,41.832012],[-69.945656,41.833192],[-69.945879,41.834625],[-69.946342,41.834778],[-69.94653,41.835413],[-69.946023,41.836223],[-69.94633,41.836608],[-69.945441,41.837014],[-69.946155,41.83725],[-69.946311,41.837752],[-69.947336,41.837699],[-69.94736,41.838322],[-69.948314,41.838889],[-69.947845,41.839884],[-69.947963,41.840336],[-69.947354,41.8407],[-69.947256,41.841337],[-69.948081,41.841834],[-69.948327,41.842614],[-69.950591,41.843574],[-69.95157,41.843196],[-69.953029,41.843148],[-69.955481,41.839945],[-69.955644,41.837995],[-69.956029,41.837198],[-69.959213,41.835334],[-69.960476,41.834022],[-69.962278,41.833621],[-69.964882,41.83394],[-69.966768,41.833191],[-69.967286,41.832247],[-69.968609,41.831595],[-69.968344,41.831125],[-69.968551,41.830578],[-69.968262,41.830296],[-69.969404,41.82892],[-69.968928,41.828217],[-69.969312,41.827849],[-69.968967,41.827079],[-69.968245,41.82709],[-69.968202,41.825898],[-69.967326,41.826571],[-69.967642,41.826858],[-69.967779,41.827866],[-69.968369,41.828162],[-69.967965,41.828957],[-69.966592,41.827605],[-69.965763,41.82589],[-69.965753,41.825158],[-69.966365,41.824526],[-69.96604,41.823987],[-69.962079,41.822057],[-69.960612,41.822145],[-69.959669,41.821471],[-69.95901,41.819878],[-69.959586,41.817582],[-69.958139,41.816187],[-69.959555,41.815821],[-69.959972,41.815896],[-69.959759,41.81614],[-69.960004,41.816308],[-69.962214,41.815338],[-69.962367,41.814466],[-69.964139,41.813172],[-69.964365,41.813327],[-69.964084,41.813568],[-69.964479,41.813669],[-69.965482,41.812551],[-69.965901,41.812794],[-69.965439,41.813572],[-69.966134,41.81327],[-69.96676,41.812039],[-69.966177,41.808548],[-69.967217,41.808608],[-69.967654,41.807823],[-69.968388,41.807699],[-69.969292,41.806669],[-69.971998,41.806707],[-69.973236,41.805793],[-69.973502,41.804943],[-69.974695,41.804472],[-69.975266,41.803015],[-69.977479,41.802341],[-69.978544,41.801225],[-69.980251,41.800449],[-69.980959,41.799492],[-69.981281,41.798259],[-69.980532,41.79575],[-69.981698,41.795181],[-69.987409,41.802449],[-69.99323,41.79862],[-69.995199,41.798468],[-69.996358,41.799557],[-69.996864,41.799655],[-69.997536,41.799314],[-69.998784,41.799593],[-69.998812,41.799284],[-69.999251,41.799474],[-69.999715,41.799186],[-69.99959,41.799918],[-70.000281,41.799658],[-70.000691,41.800019],[-70.001115,41.799766],[-70.001296,41.800038],[-70.000845,41.800232],[-70.001157,41.800441],[-70.001548,41.800074],[-70.003032,41.800307],[-70.002759,41.799774],[-70.003274,41.799637],[-70.003276,41.800317],[-70.004511,41.800442],[-70.004516,41.800884],[-70.004599,41.801607],[-70.005434,41.801855],[-70.00607,41.801134],[-70.006215,41.800068],[-70.007129,41.799769],[-70.008582,41.800589],[-70.010089,41.800782],[-70.010637,41.801337],[-70.009653,41.801747],[-70.009254,41.80265],[-70.007998,41.803281],[-70.007357,41.804828],[-70.007777,41.805686],[-70.007481,41.80638],[-70.006127,41.806933],[-70.004599,41.806703],[-70.003614,41.807215],[-70.005082,41.808335],[-70.005421,41.809414],[-70.00637,41.810249],[-70.005983,41.811382],[-70.006899,41.812159],[-70.006854,41.813183],[-70.005978,41.813648],[-70.004262,41.813316],[-70.003178,41.813527],[-70.002379,41.814013],[-70.001935,41.814904],[-70.002591,41.815915],[-70.004647,41.816432],[-70.005,41.816922],[-70.005026,41.819056],[-70.003995,41.821128],[-70.003291,41.823888],[-70.003931,41.828323],[-70.004929,41.830777],[-70.004179,41.833014],[-70.004072,41.835861],[-70.005927,41.846796],[-70.00779,41.863465],[-70.008611,41.866129],[-70.009623,41.873397],[-70.009347,41.876464],[-70.007809,41.878831],[-70.007062,41.880756],[-70.004337,41.881054],[-70.003976,41.880557],[-70.005125,41.880857],[-70.006063,41.880505],[-70.004578,41.879832],[-70.004505,41.879463]]]]}},{"type":"Feature","properties":{"area_id":"87","layer":"municipality","name":"Easthampton","municipality_type":"city","county_id":"25015"},"geometry":{"type":"Polygon","coordinates":[[[-72.614923,42.288667],[-72.614451,42.287516],[-72.613149,42.286267],[-72.634587,42.273952],[-72.656538,42.227748],[-72.667771,42.225465],[-72.687644,42.223254],[-72.686678,42.225845],[-72.685838,42.23164],[-72.685998,42.234057],[-72.687191,42.236758],[-72.68728,42.23802],[-72.684483,42.242381],[-72.682647,42.244156],[-72.701459,42.257101],[-72.700373,42.257536],[-72.700618,42.258028],[-72.699176,42.258046],[-72.698676,42.258474],[-72.698796,42.258688],[-72.699442,42.258534],[-72.699887,42.258922],[-72.699157,42.258976],[-72.699156,42.259402],[-72.698775,42.259541],[-72.698522,42.25905],[-72.697987,42.259795],[-72.69853,42.260145],[-72.698698,42.260726],[-72.698488,42.262061],[-72.697912,42.262439],[-72.698365,42.262737],[-72.697088,42.263177],[-72.696949,42.263451],[-72.697299,42.263874],[-72.696639,42.263906],[-72.695469,42.265596],[-72.697082,42.267225],[-72.698155,42.267149],[-72.697933,42.268059],[-72.6985,42.269385],[-72.69939,42.269658],[-72.699747,42.269192],[-72.700779,42.268937],[-72.701471,42.269283],[-72.702484,42.269026],[-72.703301,42.269416],[-72.705208,42.269449],[-72.705501,42.269838],[-72.706944,42.269943],[-72.70736,42.269278],[-72.707765,42.269337],[-72.7089,42.270237],[-72.709827,42.271659],[-72.710498,42.273672],[-72.7112,42.274096],[-72.712754,42.275994],[-72.714543,42.276025],[-72.717053,42.276637],[-72.721239,42.276353],[-72.724714,42.277732],[-72.725021,42.278097],[-72.736301,42.276547],[-72.736727,42.28425],[-72.672092,42.291896],[-72.672037,42.290202],[-72.660217,42.289263],[-72.66047,42.288705],[-72.648767,42.291832],[-72.646139,42.290477],[-72.643701,42.288502],[-72.642081,42.288182],[-72.640678,42.284146],[-72.637442,42.287414],[-72.63623,42.286144],[-72.634878,42.285406],[-72.630233,42.284938],[-72.629025,42.285269],[-72.624523,42.288158],[-72.621086,42.289629],[-72.619304,42.290076],[-72.614702,42.290208],[-72.614923,42.288667]]]}},{"type":"Feature","properties":{"area_id":"88","layer":"municipality","name":"Easton","municipality_type":"town","county_id":"25005"},"geometry":{"type":"Polygon","coordinates":[[[-71.054718,41.985066],[-71.08715,41.99084],[-71.100851,41.993187],[-71.156451,42.001052],[-71.158698,42.012624],[-71.168682,42.06117],[-71.138642,42.07277],[-71.080484,42.095548],[-71.069595,42.049712],[-71.054718,41.985066]]]}},{"type":"Feature","properties":{"area_id":"89","layer":"municipality","name":"Edgartown","municipality_type":"town","county_id":"25007"},"geometry":{"type":"Polygon","coordinates":[[[-70.609477,41.384848],[-70.615102,41.413641],[-70.573699,41.41378],[-70.572567,41.414602],[-70.571614,41.414596],[-70.571441,41.415028],[-70.571861,41.415316],[-70.571228,41.416182],[-70.569367,41.415458],[-70.568292,41.415614],[-70.567922,41.416407],[-70.568721,41.417674],[-70.568288,41.418262],[-70.566593,41.41919],[-70.564908,41.419138],[-70.563928,41.420003],[-70.562691,41.420349],[-70.562126,41.421121],[-70.562191,41.421931],[-70.559581,41.422337],[-70.55765,41.420748],[-70.557118,41.419934],[-70.558194,41.418833],[-70.556051,41.417021],[-70.556394,41.416566],[-70.556334,41.415926],[-70.558035,41.414811],[-70.559219,41.414885],[-70.559874,41.414352],[-70.560354,41.414361],[-70.5604,41.413821],[-70.558903,41.413635],[-70.556983,41.41205],[-70.555724,41.412824],[-70.555561,41.412503],[-70.554324,41.412188],[-70.553083,41.410921],[-70.554068,41.410177],[-70.554039,41.409129],[-70.552806,41.408234],[-70.550489,41.408089],[-70.549853,41.408312],[-70.549682,41.408759],[-70.549239,41.408575],[-70.548974,41.408863],[-70.548336,41.408806],[-70.548324,41.408319],[-70.547573,41.408598],[-70.547135,41.408339],[-70.546861,41.407979],[-70.54748,41.4078],[-70.547444,41.406865],[-70.54847,41.406344],[-70.547839,41.405993],[-70.548275,41.405455],[-70.547693,41.40552],[-70.547503,41.406221],[-70.547347,41.405782],[-70.54672,41.405595],[-70.546923,41.404632],[-70.547627,41.404527],[-70.546515,41.403875],[-70.543496,41.403097],[-70.540948,41.403822],[-70.539291,41.403636],[-70.538341,41.404335],[-70.537797,41.40432],[-70.537391,41.405024],[-70.536674,41.405018],[-70.536224,41.406259],[-70.53561,41.406528],[-70.534117,41.404399],[-70.531235,41.404742],[-70.531005,41.405093],[-70.53054,41.404764],[-70.530429,41.405029],[-70.530868,41.405592],[-70.533611,41.406448],[-70.534862,41.406644],[-70.537079,41.406583],[-70.538126,41.407109],[-70.537618,41.407517],[-70.538184,41.407812],[-70.538831,41.407807],[-70.539585,41.407245],[-70.538569,41.406323],[-70.539274,41.406816],[-70.540137,41.406651],[-70.540926,41.407292],[-70.540864,41.408018],[-70.540425,41.408488],[-70.540673,41.409033],[-70.54134,41.409077],[-70.545247,41.411674],[-70.5476,41.414728],[-70.548256,41.41509],[-70.548887,41.414868],[-70.548475,41.415837],[-70.5479,41.416224],[-70.544455,41.413017],[-70.542074,41.411313],[-70.53885,41.40946],[-70.534291,41.407425],[-70.525878,41.404446],[-70.516954,41.403782],[-70.516867,41.403062],[-70.515875,41.402756],[-70.517006,41.401828],[-70.517373,41.402385],[-70.516893,41.402658],[-70.517332,41.402797],[-70.517828,41.402015],[-70.515265,41.400769],[-70.515622,41.400477],[-70.515748,41.399684],[-70.516178,41.39958],[-70.51586,41.399451],[-70.516326,41.399271],[-70.516349,41.398814],[-70.515719,41.398069],[-70.514493,41.397486],[-70.5139,41.396636],[-70.511982,41.396511],[-70.509985,41.397095],[-70.509321,41.39692],[-70.508558,41.397409],[-70.507965,41.397198],[-70.507558,41.397577],[-70.507325,41.396892],[-70.506121,41.396461],[-70.505869,41.396691],[-70.506528,41.39767],[-70.508583,41.398003],[-70.507629,41.398756],[-70.50803,41.399245],[-70.509264,41.399084],[-70.510699,41.399664],[-70.511862,41.399411],[-70.510572,41.399806],[-70.50881,41.399273],[-70.507147,41.399948],[-70.507526,41.399517],[-70.50737,41.399042],[-70.506032,41.39774],[-70.505984,41.39718],[-70.505382,41.396744],[-70.502702,41.392378],[-70.502643,41.390401],[-70.503464,41.390245],[-70.50519,41.391341],[-70.504506,41.391492],[-70.503852,41.393436],[-70.504802,41.393965],[-70.504927,41.395333],[-70.505667,41.396147],[-70.505629,41.395618],[-70.505178,41.395533],[-70.505464,41.39511],[-70.504792,41.392924],[-70.505623,41.391739],[-70.505286,41.391441],[-70.507683,41.391315],[-70.508733,41.390533],[-70.508705,41.390232],[-70.509607,41.390159],[-70.509486,41.389889],[-70.510317,41.389336],[-70.511673,41.388655],[-70.512462,41.388886],[-70.513535,41.387719],[-70.513325,41.387296],[-70.513808,41.386418],[-70.512169,41.384645],[-70.510733,41.381966],[-70.508129,41.380508],[-70.507416,41.379481],[-70.506863,41.377892],[-70.507182,41.37679],[-70.506217,41.374273],[-70.506679,41.372805],[-70.506305,41.372285],[-70.505313,41.372005],[-70.506159,41.371466],[-70.507348,41.369094],[-70.506813,41.366682],[-70.507527,41.363921],[-70.507283,41.361039],[-70.505131,41.358867],[-70.502669,41.357166],[-70.501304,41.356582],[-70.498579,41.356182],[-70.498084,41.355804],[-70.497994,41.355201],[-70.499083,41.352736],[-70.499476,41.35244],[-70.501103,41.351996],[-70.501606,41.351455],[-70.502116,41.351535],[-70.503848,41.350363],[-70.505221,41.350665],[-70.507865,41.350634],[-70.508782,41.350297],[-70.509073,41.349779],[-70.503622,41.349184],[-70.499004,41.349621],[-70.498297,41.349297],[-70.492267,41.349945],[-70.487611,41.349625],[-70.485011,41.349744],[-70.480759,41.350867],[-70.479748,41.350015],[-70.479286,41.350074],[-70.479693,41.350431],[-70.474937,41.349673],[-70.473061,41.350042],[-70.470476,41.349674],[-70.46889,41.349956],[-70.467642,41.34972],[-70.466598,41.349956],[-70.466031,41.350668],[-70.466805,41.352265],[-70.467476,41.352718],[-70.468089,41.354882],[-70.469352,41.356423],[-70.472094,41.358318],[-70.474382,41.361626],[-70.477823,41.362757],[-70.479598,41.362623],[-70.48636,41.363659],[-70.494187,41.363996],[-70.495031,41.364644],[-70.496527,41.366709],[-70.500446,41.368666],[-70.501812,41.37015],[-70.502726,41.370516],[-70.501731,41.371476],[-70.502012,41.37245],[-70.501803,41.373011],[-70.502316,41.374502],[-70.503992,41.375962],[-70.50292,41.378574],[-70.502999,41.381839],[-70.503536,41.382801],[-70.504869,41.383727],[-70.505021,41.384986],[-70.505468,41.385763],[-70.50706,41.386914],[-70.508503,41.388538],[-70.50762,41.388971],[-70.506326,41.388798],[-70.501902,41.386035],[-70.496813,41.384196],[-70.492827,41.383874],[-70.4881,41.384418],[-70.486804,41.384891],[-70.485852,41.385812],[-70.483879,41.386819],[-70.482773,41.38865],[-70.481667,41.389379],[-70.48083,41.390458],[-70.478964,41.391378],[-70.478505,41.392253],[-70.472025,41.3956],[-70.469631,41.397486],[-70.467812,41.398426],[-70.465894,41.400542],[-70.464125,41.401204],[-70.462346,41.400976],[-70.464292,41.400451],[-70.466991,41.398653],[-70.467512,41.39742],[-70.467633,41.395841],[-70.469673,41.392914],[-70.470079,41.391418],[-70.470328,41.391351],[-70.470067,41.391178],[-70.470213,41.390544],[-70.469308,41.388813],[-70.4691,41.386907],[-70.468472,41.385539],[-70.467531,41.384577],[-70.464994,41.383049],[-70.463956,41.382934],[-70.463222,41.382387],[-70.45948,41.381886],[-70.455827,41.382008],[-70.452339,41.382611],[-70.452944,41.382039],[-70.452706,41.381662],[-70.452921,41.379213],[-70.452537,41.377393],[-70.45304,41.374466],[-70.453467,41.374212],[-70.454061,41.374416],[-70.453777,41.373464],[-70.455332,41.373256],[-70.455379,41.372615],[-70.454865,41.371814],[-70.456256,41.37273],[-70.456481,41.372422],[-70.455873,41.371315],[-70.456612,41.370472],[-70.455833,41.370247],[-70.455821,41.368974],[-70.454818,41.368102],[-70.454897,41.367463],[-70.454295,41.367006],[-70.455163,41.36647],[-70.455831,41.366469],[-70.455666,41.36592],[-70.456033,41.365876],[-70.456859,41.366085],[-70.456606,41.366972],[-70.457358,41.367291],[-70.45843,41.365889],[-70.458095,41.365314],[-70.457565,41.365353],[-70.457801,41.365851],[-70.457114,41.365943],[-70.456135,41.365115],[-70.453358,41.364418],[-70.453206,41.364028],[-70.453512,41.363545],[-70.453869,41.36356],[-70.453299,41.36323],[-70.452797,41.361989],[-70.453596,41.361572],[-70.455385,41.361985],[-70.458518,41.361814],[-70.459194,41.36157],[-70.459543,41.360976],[-70.459311,41.359792],[-70.458218,41.358361],[-70.458269,41.357488],[-70.456202,41.355684],[-70.453834,41.355128],[-70.452417,41.354173],[-70.451676,41.354151],[-70.451093,41.354349],[-70.451155,41.354569],[-70.451568,41.354286],[-70.450471,41.35537],[-70.450137,41.356361],[-70.450476,41.359604],[-70.450956,41.360791],[-70.451946,41.362038],[-70.451526,41.363073],[-70.451651,41.363568],[-70.451375,41.363703],[-70.451547,41.365205],[-70.451887,41.365811],[-70.45223,41.365685],[-70.4525,41.366017],[-70.452811,41.366725],[-70.452382,41.366893],[-70.453033,41.367538],[-70.452681,41.367887],[-70.452709,41.368367],[-70.452164,41.368541],[-70.452443,41.368859],[-70.451834,41.369854],[-70.452804,41.372886],[-70.452105,41.374397],[-70.452053,41.375506],[-70.451323,41.376754],[-70.451861,41.378729],[-70.451521,41.38041],[-70.45178,41.381372],[-70.451355,41.382169],[-70.452168,41.383282],[-70.453341,41.383487],[-70.451846,41.385312],[-70.450939,41.387786],[-70.450905,41.392402],[-70.450418,41.394236],[-70.449546,41.395805],[-70.449366,41.396988],[-70.449727,41.398511],[-70.450964,41.399976],[-70.448843,41.402124],[-70.448669,41.405085],[-70.449289,41.406284],[-70.451297,41.407325],[-70.451733,41.406436],[-70.452487,41.406111],[-70.456028,41.407657],[-70.45649,41.408344],[-70.454715,41.410451],[-70.454273,41.411986],[-70.454162,41.411101],[-70.453662,41.41071],[-70.451761,41.410055],[-70.450919,41.410565],[-70.449883,41.412046],[-70.44984,41.413425],[-70.45078,41.414349],[-70.453489,41.414511],[-70.455142,41.41364],[-70.455177,41.412853],[-70.455796,41.412707],[-70.457222,41.415711],[-70.458819,41.417167],[-70.458959,41.417649],[-70.461642,41.418501],[-70.464665,41.417823],[-70.465292,41.416811],[-70.470104,41.4127],[-70.472519,41.409192],[-70.472863,41.406808],[-70.472465,41.40246],[-70.471294,41.400961],[-70.470508,41.398477],[-70.471185,41.397401],[-70.471918,41.397101],[-70.472826,41.398705],[-70.472705,41.401757],[-70.473297,41.406437],[-70.473,41.40966],[-70.472463,41.410881],[-70.468383,41.414928],[-70.466067,41.416672],[-70.464795,41.418323],[-70.461511,41.419258],[-70.457943,41.419624],[-70.454283,41.420745],[-70.451431,41.420783],[-70.450611,41.420024],[-70.449417,41.416709],[-70.448285,41.408298],[-70.447546,41.404926],[-70.447068,41.404235],[-70.447447,41.403817],[-70.446861,41.40224],[-70.446318,41.398936],[-70.447438,41.392654],[-70.447705,41.389015],[-70.449158,41.38381],[-70.449585,41.379572],[-70.449729,41.374065],[-70.449256,41.367095],[-70.449329,41.359969],[-70.4484,41.354768],[-70.448673,41.352683],[-70.449389,41.350811],[-70.451448,41.348151],[-70.453685,41.347701],[-70.457487,41.348235],[-70.463201,41.347894],[-70.47189,41.348863],[-70.476365,41.348755],[-70.479529,41.348166],[-70.482857,41.348557],[-70.487569,41.348613],[-70.493326,41.3482],[-70.497029,41.348355],[-70.502312,41.348004],[-70.504738,41.348278],[-70.508759,41.347946],[-70.521091,41.348898],[-70.523712,41.349456],[-70.526299,41.349231],[-70.538452,41.349547],[-70.549449,41.349268],[-70.555778,41.35008],[-70.55916,41.349763],[-70.584945,41.350153],[-70.607061,41.349309],[-70.609477,41.384848]]]}},{"type":"Feature","properties":{"area_id":"90","layer":"municipality","name":"Egremont","municipality_type":"town","county_id":"25003"},"geometry":{"type":"Polygon","coordinates":[[[-73.413879,42.202625],[-73.412502,42.192025],[-73.413796,42.191653],[-73.413947,42.18637],[-73.411763,42.186597],[-73.40842,42.160259],[-73.389014,42.160159],[-73.388311,42.155176],[-73.393439,42.155125],[-73.393064,42.152639],[-73.40674,42.148404],[-73.404318,42.132009],[-73.434852,42.132371],[-73.42875,42.121271],[-73.436539,42.118157],[-73.472524,42.150443],[-73.483094,42.154884],[-73.460142,42.217556],[-73.414096,42.212733],[-73.413879,42.202625]]]}},{"type":"Feature","properties":{"area_id":"91","layer":"municipality","name":"Erving","municipality_type":"town","county_id":"25011"},"geometry":{"type":"Polygon","coordinates":[[[-72.362302,42.595231],[-72.363911,42.595595],[-72.369696,42.598377],[-72.373571,42.599418],[-72.375961,42.599112],[-72.378774,42.597813],[-72.383961,42.598052],[-72.388855,42.595808],[-72.392847,42.597895],[-72.393802,42.598087],[-72.401995,42.598032],[-72.409585,42.603841],[-72.414097,42.606202],[-72.41586,42.607634],[-72.41712,42.607841],[-72.422282,42.607534],[-72.426451,42.60766],[-72.42774,42.607031],[-72.429318,42.605629],[-72.432233,42.601052],[-72.43402,42.599763],[-72.437673,42.598256],[-72.437859,42.597621],[-72.437016,42.594711],[-72.437429,42.59396],[-72.441406,42.592101],[-72.443152,42.589602],[-72.445778,42.589142],[-72.449557,42.586091],[-72.453587,42.583475],[-72.457017,42.581558],[-72.459957,42.580543],[-72.461123,42.5793],[-72.461346,42.578223],[-72.466127,42.576748],[-72.470345,42.574532],[-72.473544,42.573964],[-72.47535,42.574535],[-72.479124,42.578267],[-72.481384,42.579226],[-72.482963,42.579147],[-72.484336,42.578469],[-72.487834,42.578363],[-72.490047,42.578809],[-72.492343,42.580385],[-72.494282,42.580874],[-72.500058,42.579578],[-72.502767,42.579873],[-72.503512,42.580377],[-72.50368,42.581003],[-72.497929,42.585954],[-72.497613,42.587197],[-72.498226,42.588819],[-72.497858,42.589697],[-72.495061,42.592761],[-72.496422,42.593876],[-72.496158,42.596307],[-72.497073,42.597579],[-72.491002,42.604018],[-72.461642,42.606501],[-72.463401,42.619982],[-72.377124,42.639291],[-72.364768,42.609435],[-72.362302,42.595231]]]}},{"type":"Feature","properties":{"area_id":"92","layer":"municipality","name":"Essex","municipality_type":"town","county_id":"25009"},"geometry":{"type":"MultiPolygon","coordinates":[[[[-70.742885,42.660101],[-70.741831,42.659871],[-70.743108,42.658448],[-70.742323,42.657477],[-70.742405,42.656904],[-70.741903,42.656289],[-70.742262,42.654439],[-70.743334,42.653786],[-70.743877,42.653786],[-70.744045,42.653004],[-70.744931,42.652237],[-70.748298,42.652012],[-70.749107,42.652336],[-70.74964,42.653017],[-70.749217,42.653738],[-70.750394,42.654178],[-70.75037,42.654929],[-70.751743,42.656052],[-70.751974,42.657179],[-70.746386,42.659416],[-70.746589,42.660601],[-70.746156,42.661171],[-70.744257,42.661079],[-70.742885,42.660101]]],[[[-70.763219,42.66044],[-70.76188,42.660802],[-70.758499,42.659825],[-70.755212,42.659516],[-70.753777,42.658656],[-70.754467,42.657804],[-70.754804,42.658069],[-70.755067,42.657723],[-70.75644,42.657295],[-70.757611,42.657821],[-70.758329,42.657105],[-70.760072,42.657321],[-70.763792,42.659333],[-70.765068,42.660476],[-70.765253,42.66125],[-70.764655,42.661468],[-70.763651,42.660751],[-70.763219,42.66044]]],[[[-70.765688,42.668023],[-70.766842,42.666924],[-70.76799,42.667913],[-70.768741,42.668043],[-70.768234,42.668766],[-70.767102,42.668949],[-70.767149,42.669289],[-70.766664,42.669492],[-70.766776,42.668832],[-70.765688,42.668023]]],[[[-70.739572,42.642406],[-70.757439,42.620148],[-70.74565,42.599585],[-70.773451,42.598257],[-70.800832,42.595346],[-70.80089,42.602021],[-70.809457,42.607357],[-70.816085,42.618762],[-70.81858,42.621712],[-70.81863,42.62489],[-70.811852,42.625326],[-70.81238,42.635642],[-70.813077,42.640543],[-70.816927,42.641309],[-70.81444,42.646661],[-70.815028,42.646636],[-70.81611,42.647198],[-70.810338,42.649607],[-70.809919,42.650952],[-70.807716,42.652405],[-70.80798,42.652632],[-70.807473,42.653399],[-70.807905,42.653664],[-70.807479,42.654692],[-70.805571,42.654916],[-70.805696,42.654425],[-70.80543,42.654352],[-70.804642,42.65484],[-70.803828,42.654881],[-70.803404,42.655192],[-70.803949,42.65544],[-70.803638,42.65562],[-70.803825,42.655949],[-70.802632,42.656122],[-70.802873,42.65643],[-70.803349,42.6563],[-70.803378,42.656652],[-70.802175,42.656589],[-70.802023,42.656909],[-70.801276,42.656924],[-70.800874,42.657284],[-70.800324,42.65694],[-70.800395,42.656552],[-70.799762,42.656366],[-70.798325,42.657315],[-70.798066,42.657076],[-70.798599,42.656493],[-70.798509,42.656199],[-70.796404,42.656097],[-70.796471,42.655446],[-70.795912,42.655037],[-70.795375,42.655228],[-70.795415,42.656118],[-70.793897,42.65616],[-70.794279,42.656776],[-70.795982,42.657208],[-70.795967,42.658],[-70.794169,42.658408],[-70.795634,42.659071],[-70.795862,42.659836],[-70.794239,42.659929],[-70.793491,42.659174],[-70.792618,42.659046],[-70.790881,42.659806],[-70.790739,42.660284],[-70.791409,42.660711],[-70.793423,42.660329],[-70.794446,42.663235],[-70.793264,42.663668],[-70.792515,42.663511],[-70.792798,42.662229],[-70.792562,42.662053],[-70.789845,42.662342],[-70.78877,42.663546],[-70.790426,42.663304],[-70.791063,42.663565],[-70.791295,42.664061],[-70.791064,42.665068],[-70.789637,42.666167],[-70.790175,42.667138],[-70.790081,42.667912],[-70.789149,42.668351],[-70.786052,42.668216],[-70.784473,42.668127],[-70.783615,42.669318],[-70.783335,42.670316],[-70.780181,42.671376],[-70.778109,42.672877],[-70.774958,42.672386],[-70.772792,42.671321],[-70.771092,42.671268],[-70.768826,42.670662],[-70.767837,42.669483],[-70.768527,42.66926],[-70.768226,42.668889],[-70.769004,42.667965],[-70.767818,42.667555],[-70.76722,42.66687],[-70.767914,42.664838],[-70.768452,42.664714],[-70.769261,42.665368],[-70.76913,42.665779],[-70.769495,42.666538],[-70.770613,42.666444],[-70.769749,42.666326],[-70.769722,42.665013],[-70.769119,42.66481],[-70.768444,42.66386],[-70.767949,42.663978],[-70.767568,42.663669],[-70.768026,42.663126],[-70.768953,42.663293],[-70.769007,42.663963],[-70.7695,42.664478],[-70.769483,42.663428],[-70.772097,42.662202],[-70.772131,42.661485],[-70.771709,42.660939],[-70.770901,42.660626],[-70.769342,42.661604],[-70.768234,42.661069],[-70.768484,42.660368],[-70.767495,42.659389],[-70.764901,42.657234],[-70.762538,42.656083],[-70.761373,42.654779],[-70.761143,42.653878],[-70.761634,42.653384],[-70.762236,42.653358],[-70.762216,42.652973],[-70.762665,42.652743],[-70.762855,42.651252],[-70.763398,42.650137],[-70.765399,42.649902],[-70.766273,42.651629],[-70.767278,42.651114],[-70.766919,42.650558],[-70.767143,42.650154],[-70.765378,42.64817],[-70.764835,42.648307],[-70.764917,42.648932],[-70.763955,42.648484],[-70.763621,42.648632],[-70.763849,42.649069],[-70.76293,42.648834],[-70.762655,42.64804],[-70.763969,42.647934],[-70.76426,42.647554],[-70.763827,42.647337],[-70.764158,42.647224],[-70.76357,42.64702],[-70.762636,42.647455],[-70.762243,42.647084],[-70.76255,42.6469],[-70.762212,42.646215],[-70.760704,42.645035],[-70.760057,42.645375],[-70.759456,42.64518],[-70.759221,42.645806],[-70.757213,42.64736],[-70.756035,42.648778],[-70.754659,42.648506],[-70.754569,42.649106],[-70.754139,42.649371],[-70.751646,42.649742],[-70.751275,42.649448],[-70.750231,42.649625],[-70.749373,42.649363],[-70.748089,42.649735],[-70.746797,42.649376],[-70.746646,42.649867],[-70.747077,42.650251],[-70.746632,42.6511],[-70.745976,42.651304],[-70.743649,42.650342],[-70.743173,42.650444],[-70.742794,42.65],[-70.743052,42.649936],[-70.743097,42.649385],[-70.742328,42.648729],[-70.741472,42.649109],[-70.740842,42.650191],[-70.74041,42.650247],[-70.740353,42.649917],[-70.739494,42.650407],[-70.737941,42.650317],[-70.735437,42.64911],[-70.739572,42.642406]]],[[[-70.756508,42.671021],[-70.754749,42.670519],[-70.753446,42.669766],[-70.751716,42.66968],[-70.750001,42.668647],[-70.749375,42.668786],[-70.748016,42.667681],[-70.748019,42.666815],[-70.748965,42.666017],[-70.750346,42.664062],[-70.75136,42.663735],[-70.752325,42.66398],[-70.752931,42.663486],[-70.753346,42.663692],[-70.753558,42.662842],[-70.754306,42.662062],[-70.755387,42.661508],[-70.756727,42.661397],[-70.759764,42.661684],[-70.763645,42.662739],[-70.766738,42.664314],[-70.767051,42.665133],[-70.766845,42.666037],[-70.765305,42.66784],[-70.765621,42.668442],[-70.766393,42.668906],[-70.765756,42.669767],[-70.766445,42.670495],[-70.765141,42.670357],[-70.765654,42.6696],[-70.765448,42.668646],[-70.764848,42.668842],[-70.765271,42.669766],[-70.764964,42.669785],[-70.764614,42.669137],[-70.764023,42.669315],[-70.765082,42.672402],[-70.766328,42.673279],[-70.761282,42.673867],[-70.760871,42.674251],[-70.759103,42.673879],[-70.756508,42.671021]]]]}},{"type":"Feature","properties":{"area_id":"93","layer":"municipality","name":"Everett","municipality_type":"city","county_id":"25017"},"geometry":{"type":"MultiPolygon","coordinates":[[[[-71.073786,42.408877],[-71.073553,42.409402],[-71.07338,42.408426],[-71.073786,42.408877]]],[[[-71.036007,42.409008],[-71.040579,42.401975],[-71.048145,42.396643],[-71.050042,42.397588],[-71.051165,42.397796],[-71.051946,42.397627],[-71.052919,42.396886],[-71.05332,42.396089],[-71.053256,42.395349],[-71.052393,42.394842],[-71.050751,42.394615],[-71.050131,42.393988],[-71.050627,42.392525],[-71.051808,42.391719],[-71.052731,42.391496],[-71.055237,42.389017],[-71.056787,42.388586],[-71.057563,42.388617],[-71.057844,42.389068],[-71.05869,42.388715],[-71.05889,42.389143],[-71.059619,42.389195],[-71.060134,42.388637],[-71.063249,42.388952],[-71.063325,42.388728],[-71.064657,42.389143],[-71.069783,42.389563],[-71.070483,42.38986],[-71.069122,42.391788],[-71.06741,42.393485],[-71.06686,42.394985],[-71.067366,42.39531],[-71.069038,42.393893],[-71.070218,42.394522],[-71.072188,42.392732],[-71.073701,42.393493],[-71.071746,42.395195],[-71.072028,42.395492],[-71.071838,42.396001],[-71.072757,42.395147],[-71.073404,42.395228],[-71.075075,42.394656],[-71.07474,42.393953],[-71.075548,42.39529],[-71.075185,42.394957],[-71.073513,42.395512],[-71.073422,42.396279],[-71.07394,42.395991],[-71.07436,42.396815],[-71.074156,42.400153],[-71.072328,42.40241],[-71.072033,42.403169],[-71.072317,42.403596],[-71.071304,42.406001],[-71.071635,42.406365],[-71.071297,42.406931],[-71.071968,42.407448],[-71.071753,42.407723],[-71.072396,42.40798],[-71.072783,42.409558],[-71.071726,42.410414],[-71.071665,42.411899],[-71.071952,42.412841],[-71.072707,42.413181],[-71.07272,42.414905],[-71.06439,42.415281],[-71.060485,42.415953],[-71.050472,42.422897],[-71.028228,42.42421],[-71.033181,42.414219],[-71.036007,42.409008]]]]}},{"type":"Feature","properties":{"area_id":"94","layer":"municipality","name":"Fairhaven","municipality_type":"town","county_id":"25005"},"geometry":{"type":"Polygon","coordinates":[[[-70.845218,41.630377],[-70.84653,41.630593],[-70.848281,41.629896],[-70.848841,41.630203],[-70.847858,41.628336],[-70.847708,41.627238],[-70.849954,41.627289],[-70.851044,41.62786],[-70.851011,41.628873],[-70.852314,41.630388],[-70.853703,41.630782],[-70.853945,41.631631],[-70.854494,41.63165],[-70.854874,41.63108],[-70.853946,41.630348],[-70.853399,41.629248],[-70.853922,41.629093],[-70.855028,41.629847],[-70.855736,41.629233],[-70.854738,41.628171],[-70.853661,41.628858],[-70.853339,41.628773],[-70.853428,41.628351],[-70.854559,41.62794],[-70.854166,41.627178],[-70.853919,41.627185],[-70.853899,41.628013],[-70.852904,41.627269],[-70.853042,41.626504],[-70.853996,41.625818],[-70.854139,41.626486],[-70.855637,41.628248],[-70.856382,41.628528],[-70.856255,41.629662],[-70.856729,41.629868],[-70.856552,41.630657],[-70.855945,41.630596],[-70.855892,41.631156],[-70.855498,41.631176],[-70.854827,41.632157],[-70.855608,41.633466],[-70.855503,41.634399],[-70.855851,41.635137],[-70.855736,41.634483],[-70.856067,41.634379],[-70.855946,41.633905],[-70.856627,41.632793],[-70.856184,41.631951],[-70.856946,41.631624],[-70.85746,41.63165],[-70.857078,41.632142],[-70.85776,41.633004],[-70.857717,41.6334],[-70.858252,41.633544],[-70.858442,41.634073],[-70.859348,41.633856],[-70.860652,41.634703],[-70.861519,41.634779],[-70.862327,41.634709],[-70.863397,41.633349],[-70.865864,41.632636],[-70.866675,41.631985],[-70.86575,41.630337],[-70.864472,41.630193],[-70.864824,41.62887],[-70.86597,41.628426],[-70.866449,41.627567],[-70.865555,41.626892],[-70.864763,41.627395],[-70.864381,41.627243],[-70.864101,41.625465],[-70.86355,41.625316],[-70.862759,41.625879],[-70.86243,41.625352],[-70.862853,41.624809],[-70.862294,41.624209],[-70.861657,41.624372],[-70.861332,41.62483],[-70.859944,41.623601],[-70.859546,41.623917],[-70.858944,41.623686],[-70.857974,41.623906],[-70.857474,41.623052],[-70.855332,41.622195],[-70.855719,41.621471],[-70.8556,41.620485],[-70.854696,41.620026],[-70.854701,41.619227],[-70.854067,41.618335],[-70.854626,41.61632],[-70.85421,41.614639],[-70.853694,41.614345],[-70.854027,41.613861],[-70.85297,41.613619],[-70.85308,41.613214],[-70.852565,41.612488],[-70.851698,41.612162],[-70.851626,41.611387],[-70.84939,41.610036],[-70.849728,41.609349],[-70.849702,41.607404],[-70.850135,41.606632],[-70.849626,41.60538],[-70.850752,41.604377],[-70.850968,41.603688],[-70.850614,41.602904],[-70.850037,41.60262],[-70.848223,41.603533],[-70.84753,41.602392],[-70.848006,41.601988],[-70.850849,41.602581],[-70.851366,41.602909],[-70.851263,41.603999],[-70.850459,41.605037],[-70.850695,41.605223],[-70.851273,41.604772],[-70.852356,41.604881],[-70.851627,41.604371],[-70.85184,41.603863],[-70.852688,41.603425],[-70.851557,41.602746],[-70.851645,41.602129],[-70.851326,41.601928],[-70.852233,41.600186],[-70.852219,41.599559],[-70.852519,41.59935],[-70.852742,41.599584],[-70.853239,41.599154],[-70.853176,41.598518],[-70.8521,41.598134],[-70.851202,41.596995],[-70.851395,41.596517],[-70.851114,41.59519],[-70.851397,41.594738],[-70.85116,41.593962],[-70.850939,41.594142],[-70.85108,41.594724],[-70.849703,41.595533],[-70.849482,41.59627],[-70.84773,41.595991],[-70.847818,41.596291],[-70.84851,41.596395],[-70.848212,41.597198],[-70.847803,41.597056],[-70.847183,41.595766],[-70.845463,41.596031],[-70.84576,41.596851],[-70.84653,41.597564],[-70.846318,41.599316],[-70.84695,41.599976],[-70.846786,41.600425],[-70.845377,41.599063],[-70.843469,41.596306],[-70.838135,41.597445],[-70.836973,41.598494],[-70.836971,41.599169],[-70.836508,41.599254],[-70.836894,41.599531],[-70.836176,41.600654],[-70.836289,41.601332],[-70.835848,41.602258],[-70.837,41.602964],[-70.837715,41.602732],[-70.837921,41.602134],[-70.839414,41.601688],[-70.840012,41.602297],[-70.8399,41.602808],[-70.839101,41.603308],[-70.838065,41.603197],[-70.837724,41.602875],[-70.837009,41.603084],[-70.836398,41.604054],[-70.837279,41.60515],[-70.836086,41.605199],[-70.835742,41.604875],[-70.835683,41.604072],[-70.835116,41.604349],[-70.83561,41.603609],[-70.834638,41.603183],[-70.83417,41.602066],[-70.833611,41.601866],[-70.832786,41.60221],[-70.832321,41.60178],[-70.831849,41.601801],[-70.831983,41.602455],[-70.831449,41.603078],[-70.831878,41.60366],[-70.83153,41.605032],[-70.831904,41.606408],[-70.831606,41.606661],[-70.831178,41.606527],[-70.830148,41.605354],[-70.83038,41.605233],[-70.830108,41.604628],[-70.828141,41.60234],[-70.826624,41.601707],[-70.824872,41.601463],[-70.824242,41.600229],[-70.822967,41.599543],[-70.82306,41.598967],[-70.824495,41.597976],[-70.826333,41.597994],[-70.82455,41.597779],[-70.824302,41.597409],[-70.824464,41.596458],[-70.825391,41.596458],[-70.824885,41.596283],[-70.825057,41.595795],[-70.824547,41.595136],[-70.824457,41.594168],[-70.823588,41.593412],[-70.824019,41.592908],[-70.823847,41.592309],[-70.822005,41.591985],[-70.82083,41.591435],[-70.822128,41.590144],[-70.821621,41.589908],[-70.82062,41.590354],[-70.820939,41.590016],[-70.820801,41.589324],[-70.821418,41.589093],[-70.821707,41.587988],[-70.820018,41.589223],[-70.820199,41.590605],[-70.82117,41.590773],[-70.820642,41.591356],[-70.820748,41.591695],[-70.819983,41.591469],[-70.818476,41.592336],[-70.817342,41.591789],[-70.816325,41.591822],[-70.817019,41.589621],[-70.819714,41.588598],[-70.821215,41.587076],[-70.82182,41.585367],[-70.821489,41.583086],[-70.821815,41.582418],[-70.825511,41.582858],[-70.826925,41.583331],[-70.827603,41.583143],[-70.827866,41.58355],[-70.828184,41.583379],[-70.828987,41.584128],[-70.829551,41.584228],[-70.831936,41.586817],[-70.832103,41.587426],[-70.832626,41.587567],[-70.834233,41.589278],[-70.834918,41.590799],[-70.836612,41.592117],[-70.836572,41.593061],[-70.837602,41.59347],[-70.837851,41.595871],[-70.839021,41.596276],[-70.841595,41.59651],[-70.843173,41.596247],[-70.843313,41.595686],[-70.842172,41.594241],[-70.841758,41.593154],[-70.841895,41.592773],[-70.842271,41.592995],[-70.842534,41.593904],[-70.845362,41.595594],[-70.847253,41.595457],[-70.847716,41.594763],[-70.848674,41.594365],[-70.8485,41.593807],[-70.849389,41.593868],[-70.850364,41.59331],[-70.850558,41.592669],[-70.849865,41.591999],[-70.850635,41.59166],[-70.851022,41.590295],[-70.853322,41.587951],[-70.853506,41.585517],[-70.853049,41.584291],[-70.85321,41.582732],[-70.853616,41.582195],[-70.85449,41.58216],[-70.856791,41.583405],[-70.857657,41.586517],[-70.857481,41.587643],[-70.858899,41.58916],[-70.858667,41.589325],[-70.859066,41.589917],[-70.859106,41.591469],[-70.859524,41.591988],[-70.859991,41.59198],[-70.859724,41.592679],[-70.860137,41.593189],[-70.859742,41.593371],[-70.859773,41.593681],[-70.861698,41.595332],[-70.863738,41.596356],[-70.864277,41.597291],[-70.863863,41.59789],[-70.864078,41.598678],[-70.866378,41.60032],[-70.865396,41.600988],[-70.865193,41.600712],[-70.865705,41.600483],[-70.864897,41.600477],[-70.864699,41.600075],[-70.864496,41.600653],[-70.863714,41.59964],[-70.862884,41.599975],[-70.862831,41.601063],[-70.863499,41.600905],[-70.863527,41.601321],[-70.863989,41.601534],[-70.864729,41.600583],[-70.86506,41.600597],[-70.865139,41.601022],[-70.863402,41.602247],[-70.863102,41.603383],[-70.864062,41.604797],[-70.864554,41.606758],[-70.865316,41.607479],[-70.866404,41.609413],[-70.866119,41.610005],[-70.866277,41.61057],[-70.867435,41.611501],[-70.867814,41.612563],[-70.867597,41.613079],[-70.868619,41.613739],[-70.868696,41.614265],[-70.869098,41.614496],[-70.869019,41.615352],[-70.869301,41.615616],[-70.868889,41.615989],[-70.868965,41.616537],[-70.869332,41.616605],[-70.869426,41.617648],[-70.869123,41.617812],[-70.869349,41.618456],[-70.868783,41.620016],[-70.869646,41.621208],[-70.868979,41.621577],[-70.868633,41.623078],[-70.869149,41.623429],[-70.869755,41.62533],[-70.872869,41.627565],[-70.877956,41.628827],[-70.877799,41.629169],[-70.878823,41.629217],[-70.879127,41.629879],[-70.880709,41.63087],[-70.882629,41.631008],[-70.883189,41.631443],[-70.884243,41.631321],[-70.884671,41.631889],[-70.885842,41.632094],[-70.886411,41.632787],[-70.886835,41.632725],[-70.886746,41.632447],[-70.887242,41.632115],[-70.888648,41.632205],[-70.88992,41.633252],[-70.889967,41.63292],[-70.889185,41.632324],[-70.889053,41.63126],[-70.889954,41.630717],[-70.889705,41.630117],[-70.890357,41.629285],[-70.890484,41.628585],[-70.891737,41.627447],[-70.892045,41.626303],[-70.89326,41.625356],[-70.893252,41.624856],[-70.895327,41.624479],[-70.895979,41.623953],[-70.900036,41.624051],[-70.902505,41.623741],[-70.90341,41.624705],[-70.905426,41.624629],[-70.904677,41.625171],[-70.903192,41.625032],[-70.902552,41.625691],[-70.902863,41.626542],[-70.902947,41.628797],[-70.903859,41.629501],[-70.905037,41.629519],[-70.903868,41.629701],[-70.903559,41.63],[-70.903657,41.630372],[-70.902941,41.630668],[-70.903385,41.630946],[-70.903418,41.631927],[-70.903882,41.632384],[-70.905781,41.6333],[-70.907245,41.63269],[-70.906106,41.633513],[-70.907878,41.633225],[-70.907887,41.633513],[-70.906974,41.633631],[-70.907472,41.633928],[-70.907051,41.63422],[-70.907703,41.634242],[-70.907871,41.634593],[-70.908477,41.634554],[-70.908358,41.634141],[-70.908845,41.63412],[-70.908857,41.634654],[-70.907866,41.634708],[-70.907804,41.634996],[-70.90736,41.635051],[-70.907587,41.635524],[-70.907352,41.635739],[-70.9075,41.635985],[-70.908578,41.635839],[-70.908884,41.635416],[-70.909083,41.635985],[-70.907059,41.636125],[-70.907,41.63698],[-70.907661,41.637058],[-70.907704,41.637331],[-70.906638,41.637224],[-70.906622,41.6375],[-70.907161,41.637671],[-70.90646,41.63769],[-70.906906,41.638198],[-70.907889,41.6378],[-70.907969,41.638322],[-70.906256,41.638409],[-70.907202,41.638893],[-70.907091,41.639348],[-70.907598,41.639516],[-70.908258,41.640878],[-70.90943,41.640733],[-70.908719,41.640977],[-70.909047,41.641941],[-70.908048,41.642333],[-70.908892,41.644478],[-70.909574,41.64506],[-70.909443,41.645566],[-70.910006,41.646139],[-70.91235,41.646507],[-70.913108,41.646974],[-70.913263,41.647396],[-70.912458,41.648111],[-70.913303,41.649254],[-70.91397,41.649621],[-70.916871,41.649946],[-70.918211,41.651266],[-70.917094,41.653091],[-70.916283,41.653085],[-70.915716,41.652652],[-70.914958,41.653101],[-70.914179,41.65309],[-70.915244,41.654231],[-70.917606,41.654648],[-70.917146,41.655029],[-70.915155,41.654739],[-70.914985,41.655542],[-70.915326,41.655988],[-70.916829,41.655952],[-70.916951,41.656278],[-70.915413,41.656276],[-70.915093,41.656642],[-70.915193,41.657509],[-70.913543,41.658042],[-70.913322,41.660548],[-70.912935,41.660508],[-70.911942,41.661504],[-70.912205,41.661808],[-70.912865,41.661087],[-70.91519,41.660471],[-70.915054,41.662075],[-70.915544,41.663079],[-70.914946,41.664299],[-70.889645,41.66851],[-70.858207,41.681155],[-70.845243,41.644674],[-70.84317,41.628468],[-70.845218,41.630377]]]}},{"type":"Feature","properties":{"area_id":"95","layer":"municipality","name":"Fall River","municipality_type":"city","county_id":"25005"},"geometry":{"type":"Polygon","coordinates":[[[-71.009541,41.746204],[-71.011889,41.711784],[-71.066631,41.685628],[-71.076675,41.687478],[-71.105694,41.692813],[-71.114408,41.692813],[-71.11895,41.680691],[-71.132758,41.636444],[-71.134191,41.634006],[-71.134053,41.632028],[-71.133005,41.630934],[-71.133335,41.630357],[-71.133268,41.629705],[-71.1354,41.625657],[-71.138348,41.603686],[-71.140309,41.604858],[-71.141958,41.612541],[-71.140185,41.623877],[-71.135307,41.628497],[-71.134354,41.644055],[-71.132559,41.660375],[-71.17612,41.668257],[-71.175784,41.671501],[-71.19548,41.675098],[-71.195186,41.675863],[-71.195049,41.679127],[-71.193769,41.68201],[-71.192932,41.682399],[-71.191538,41.684003],[-71.190066,41.685091],[-71.189372,41.685931],[-71.18979,41.686315],[-71.189319,41.686726],[-71.188741,41.686344],[-71.188336,41.686442],[-71.187247,41.687297],[-71.185419,41.689673],[-71.185256,41.69037],[-71.184859,41.690373],[-71.183634,41.692006],[-71.181707,41.693562],[-71.181387,41.694292],[-71.181684,41.695008],[-71.181336,41.695023],[-71.181635,41.695334],[-71.181395,41.695677],[-71.181169,41.69565],[-71.181512,41.69533],[-71.181114,41.694978],[-71.179716,41.695969],[-71.180175,41.696501],[-71.179126,41.696089],[-71.17653,41.698165],[-71.175614,41.698206],[-71.175323,41.698649],[-71.174392,41.698689],[-71.170887,41.700344],[-71.17051,41.700861],[-71.170555,41.701464],[-71.170165,41.701409],[-71.169627,41.702083],[-71.169229,41.70174],[-71.168122,41.701741],[-71.169107,41.702541],[-71.16804,41.703249],[-71.167392,41.704141],[-71.166173,41.704679],[-71.164274,41.704176],[-71.164094,41.704361],[-71.165249,41.705698],[-71.164015,41.706285],[-71.162337,41.704974],[-71.161825,41.705226],[-71.160319,41.704779],[-71.160216,41.704189],[-71.16003,41.704872],[-71.161353,41.70543],[-71.160974,41.705876],[-71.160116,41.706105],[-71.158448,41.70898],[-71.159908,41.709102],[-71.159797,41.709697],[-71.159788,41.709293],[-71.159301,41.709287],[-71.159227,41.70966],[-71.158086,41.709571],[-71.157407,41.711277],[-71.157417,41.711593],[-71.159018,41.711841],[-71.158281,41.711915],[-71.158201,41.71218],[-71.159359,41.71236],[-71.159515,41.712831],[-71.159378,41.713131],[-71.159196,41.712638],[-71.157574,41.71233],[-71.157293,41.712827],[-71.157957,41.712931],[-71.157858,41.713431],[-71.159052,41.713731],[-71.157959,41.713737],[-71.158562,41.714289],[-71.158321,41.714829],[-71.159434,41.715277],[-71.159349,41.715564],[-71.158602,41.715443],[-71.158495,41.717726],[-71.157772,41.717797],[-71.157085,41.718549],[-71.157157,41.718965],[-71.158333,41.719194],[-71.158231,41.719471],[-71.157305,41.719308],[-71.157204,41.719558],[-71.157863,41.719764],[-71.157463,41.719865],[-71.156256,41.721492],[-71.155211,41.721707],[-71.155297,41.722288],[-71.153488,41.723459],[-71.15206,41.723933],[-71.146676,41.728159],[-71.144658,41.729141],[-71.1423,41.729539],[-71.141814,41.730534],[-71.142733,41.731777],[-71.142809,41.732579],[-71.140988,41.732946],[-71.140721,41.733188],[-71.140986,41.733419],[-71.140798,41.733735],[-71.138744,41.735298],[-71.13786,41.735208],[-71.137623,41.736775],[-71.135037,41.737043],[-71.133457,41.738052],[-71.133202,41.738847],[-71.132924,41.738761],[-71.132584,41.739251],[-71.132502,41.739957],[-71.131626,41.740577],[-71.132411,41.740812],[-71.1324,41.741108],[-71.131737,41.740664],[-71.131111,41.741212],[-71.131976,41.741585],[-71.131221,41.743069],[-71.131513,41.74323],[-71.129582,41.744008],[-71.129164,41.745524],[-71.128567,41.745855],[-71.128511,41.746238],[-71.127259,41.746486],[-71.126235,41.748801],[-71.128091,41.751193],[-71.128169,41.752242],[-71.129254,41.753893],[-71.129507,41.75569],[-71.129302,41.756181],[-71.126884,41.757721],[-71.126137,41.760078],[-71.124612,41.760721],[-71.125129,41.76174],[-71.124718,41.762094],[-71.123667,41.76192],[-71.123066,41.760819],[-71.121722,41.761459],[-71.120839,41.762691],[-71.120379,41.764171],[-71.120221,41.767614],[-71.119845,41.767167],[-71.120063,41.763678],[-71.119277,41.763714],[-71.119141,41.764043],[-71.118518,41.764088],[-71.118187,41.764669],[-71.116088,41.765455],[-71.009541,41.746204]]]}},{"type":"Feature","properties":{"area_id":"96","layer":"municipality","name":"Falmouth","municipality_type":"town","county_id":"25001"},"geometry":{"type":"MultiPolygon","coordinates":[[[[-70.527151,41.571864],[-70.528742,41.570535],[-70.529148,41.569658],[-70.528159,41.567271],[-70.528219,41.56468],[-70.527032,41.563762],[-70.528971,41.563702],[-70.53127,41.562536],[-70.532324,41.560161],[-70.532274,41.558667],[-70.533181,41.55834],[-70.534202,41.556938],[-70.535952,41.555847],[-70.536103,41.555102],[-70.535753,41.55487],[-70.537048,41.554753],[-70.537124,41.553923],[-70.538482,41.553841],[-70.539526,41.552991],[-70.539803,41.553605],[-70.539589,41.554421],[-70.540435,41.554444],[-70.541953,41.55262],[-70.541682,41.552327],[-70.540523,41.552263],[-70.537519,41.552749],[-70.537224,41.553015],[-70.53805,41.553601],[-70.536287,41.553855],[-70.536289,41.554763],[-70.534746,41.5533],[-70.53131,41.552109],[-70.529816,41.5512],[-70.529169,41.55012],[-70.528637,41.547303],[-70.529447,41.546927],[-70.531845,41.549105],[-70.535042,41.550586],[-70.5383,41.551463],[-70.542026,41.551763],[-70.54375,41.552233],[-70.544003,41.552804],[-70.543038,41.552453],[-70.542814,41.553569],[-70.542205,41.553839],[-70.541194,41.555121],[-70.541306,41.555931],[-70.539619,41.557122],[-70.538664,41.559599],[-70.537352,41.559934],[-70.536899,41.561263],[-70.53611,41.561527],[-70.535788,41.562359],[-70.534982,41.562858],[-70.534576,41.564042],[-70.53323,41.564753],[-70.533103,41.565559],[-70.532808,41.565536],[-70.53187,41.565863],[-70.530365,41.566989],[-70.531038,41.567258],[-70.532909,41.565983],[-70.532865,41.565621],[-70.53376,41.566541],[-70.53497,41.567154],[-70.534021,41.567331],[-70.531973,41.569916],[-70.530725,41.570789],[-70.530233,41.571544],[-70.528791,41.571937],[-70.528684,41.573072],[-70.526404,41.572926],[-70.527151,41.571864]]],[[[-70.618465,41.657756],[-70.618315,41.656954],[-70.619493,41.656578],[-70.619707,41.656223],[-70.621014,41.65743],[-70.618465,41.657756]]],[[[-70.539686,41.637287],[-70.533553,41.626849],[-70.525398,41.599905],[-70.497998,41.593799],[-70.498765,41.592575],[-70.498894,41.591762],[-70.500215,41.590049],[-70.500057,41.589146],[-70.5009,41.588316],[-70.50227,41.584761],[-70.503651,41.582923],[-70.504156,41.58131],[-70.505506,41.579445],[-70.505502,41.579079],[-70.504633,41.578554],[-70.506585,41.577504],[-70.50748,41.574315],[-70.507936,41.573632],[-70.510288,41.571572],[-70.510726,41.571497],[-70.510714,41.571111],[-70.512153,41.570604],[-70.512421,41.568434],[-70.513326,41.56752],[-70.513786,41.567543],[-70.514156,41.568514],[-70.515201,41.568843],[-70.515525,41.569954],[-70.517287,41.572084],[-70.517474,41.573066],[-70.518452,41.573048],[-70.518667,41.573401],[-70.519575,41.573513],[-70.519974,41.574031],[-70.52,41.574836],[-70.518969,41.575868],[-70.518506,41.577119],[-70.518618,41.57838],[-70.519271,41.579355],[-70.520387,41.580023],[-70.522544,41.580277],[-70.526611,41.579837],[-70.527516,41.578931],[-70.527269,41.577964],[-70.527723,41.577385],[-70.527546,41.575983],[-70.527811,41.575083],[-70.529278,41.574166],[-70.529704,41.5743],[-70.529665,41.573962],[-70.530241,41.573506],[-70.530276,41.572763],[-70.531238,41.571439],[-70.532535,41.570706],[-70.533417,41.569355],[-70.535302,41.569325],[-70.536215,41.568754],[-70.536447,41.567925],[-70.535715,41.567035],[-70.53613,41.56536],[-70.537616,41.564423],[-70.537667,41.563558],[-70.538529,41.562967],[-70.538472,41.562263],[-70.539196,41.561644],[-70.539647,41.560589],[-70.541363,41.558683],[-70.542866,41.557615],[-70.543243,41.556575],[-70.544486,41.556319],[-70.545301,41.557366],[-70.546234,41.557664],[-70.54721,41.557465],[-70.547973,41.556734],[-70.549061,41.553714],[-70.548351,41.552835],[-70.548875,41.551845],[-70.547905,41.551221],[-70.547854,41.550689],[-70.549972,41.550569],[-70.556303,41.549037],[-70.559013,41.549174],[-70.56173,41.548539],[-70.564618,41.548724],[-70.567481,41.548058],[-70.569139,41.54835],[-70.57074,41.54748],[-70.572288,41.547594],[-70.573752,41.547311],[-70.5743,41.547],[-70.5745,41.546384],[-70.577124,41.546026],[-70.580476,41.544503],[-70.582811,41.544893],[-70.583947,41.545398],[-70.587978,41.545653],[-70.589441,41.545297],[-70.59278,41.545634],[-70.596577,41.544797],[-70.598424,41.54315],[-70.600909,41.542415],[-70.603218,41.542133],[-70.606005,41.542861],[-70.60821,41.542544],[-70.609463,41.542966],[-70.611097,41.543041],[-70.613707,41.54246],[-70.615957,41.54245],[-70.616613,41.542231],[-70.616843,41.541811],[-70.618814,41.542064],[-70.621219,41.541367],[-70.621917,41.541315],[-70.622066,41.541582],[-70.62213,41.541319],[-70.623797,41.54125],[-70.62776,41.539992],[-70.630335,41.539627],[-70.633622,41.538678],[-70.641136,41.534792],[-70.643654,41.53287],[-70.646261,41.530247],[-70.646504,41.529786],[-70.646121,41.529272],[-70.647378,41.528372],[-70.647205,41.527887],[-70.648415,41.527335],[-70.648364,41.526885],[-70.649577,41.525578],[-70.649392,41.525219],[-70.651429,41.52292],[-70.651652,41.52183],[-70.653649,41.520002],[-70.654259,41.518494],[-70.654128,41.51726],[-70.65455,41.517372],[-70.653916,41.516199],[-70.655457,41.515087],[-70.658217,41.516988],[-70.659909,41.517543],[-70.662598,41.517867],[-70.663525,41.518887],[-70.664862,41.519197],[-70.664476,41.519637],[-70.664982,41.520192],[-70.664382,41.520783],[-70.664281,41.521767],[-70.664601,41.522951],[-70.66541,41.523289],[-70.666795,41.523328],[-70.667687,41.522568],[-70.666758,41.522147],[-70.666535,41.521087],[-70.666798,41.520538],[-70.66835,41.519874],[-70.668136,41.519463],[-70.668335,41.519021],[-70.667702,41.518624],[-70.667547,41.518043],[-70.667842,41.517464],[-70.668491,41.517489],[-70.668764,41.519],[-70.670235,41.52047],[-70.67024,41.521898],[-70.670648,41.522519],[-70.671151,41.52268],[-70.670945,41.523057],[-70.670146,41.523136],[-70.670214,41.523609],[-70.672413,41.523521],[-70.671741,41.524585],[-70.674549,41.525295],[-70.674823,41.52596],[-70.674117,41.526432],[-70.674609,41.527085],[-70.677209,41.527714],[-70.678714,41.527367],[-70.679334,41.527698],[-70.679651,41.528319],[-70.680867,41.52785],[-70.682014,41.528687],[-70.682605,41.528773],[-70.683706,41.528337],[-70.684461,41.527514],[-70.684266,41.526978],[-70.684542,41.526282],[-70.68415,41.525701],[-70.68481,41.524955],[-70.68426,41.524532],[-70.683365,41.524967],[-70.68267,41.524853],[-70.68352,41.524088],[-70.683324,41.523621],[-70.683869,41.522898],[-70.682331,41.521797],[-70.68204,41.521116],[-70.682301,41.520595],[-70.684188,41.521967],[-70.684749,41.522075],[-70.68577,41.521662],[-70.686695,41.522182],[-70.686947,41.523737],[-70.687778,41.524557],[-70.686925,41.526239],[-70.687098,41.529083],[-70.686747,41.52963],[-70.68541,41.52998],[-70.684933,41.530792],[-70.684044,41.531401],[-70.683511,41.532488],[-70.682608,41.532669],[-70.68165,41.532394],[-70.680948,41.531554],[-70.680423,41.53008],[-70.67806,41.529064],[-70.678167,41.528663],[-70.677843,41.528406],[-70.676637,41.528389],[-70.675482,41.529032],[-70.673556,41.52943],[-70.673179,41.529786],[-70.673269,41.530288],[-70.672351,41.530876],[-70.672145,41.531499],[-70.670228,41.531889],[-70.66982,41.532206],[-70.669877,41.532541],[-70.669307,41.532488],[-70.668869,41.532864],[-70.668606,41.533371],[-70.669471,41.535116],[-70.668784,41.53656],[-70.667387,41.537994],[-70.667344,41.539405],[-70.666933,41.540038],[-70.665231,41.540384],[-70.664135,41.539655],[-70.664911,41.538976],[-70.66505,41.538027],[-70.664565,41.537321],[-70.663588,41.537071],[-70.662593,41.537506],[-70.662358,41.537187],[-70.661434,41.537249],[-70.661736,41.537481],[-70.661484,41.537894],[-70.659982,41.538226],[-70.657439,41.538068],[-70.656002,41.538535],[-70.655336,41.539549],[-70.655814,41.539987],[-70.655604,41.540625],[-70.654994,41.540541],[-70.654125,41.539871],[-70.653639,41.539998],[-70.65384,41.540957],[-70.653025,41.541697],[-70.653112,41.542018],[-70.652571,41.542168],[-70.652702,41.543419],[-70.652285,41.543975],[-70.652562,41.544615],[-70.653201,41.545011],[-70.655567,41.545028],[-70.655687,41.544448],[-70.655166,41.543179],[-70.656474,41.54271],[-70.656762,41.542273],[-70.657914,41.542331],[-70.658487,41.541848],[-70.659533,41.541769],[-70.661698,41.542277],[-70.661446,41.542559],[-70.660164,41.542429],[-70.658846,41.543086],[-70.658412,41.544046],[-70.657843,41.544225],[-70.65711,41.545045],[-70.657233,41.545732],[-70.656329,41.546152],[-70.655769,41.547421],[-70.653864,41.548843],[-70.654602,41.548954],[-70.654043,41.550306],[-70.654041,41.553195],[-70.654412,41.555454],[-70.655198,41.557079],[-70.65539,41.558265],[-70.655175,41.55941],[-70.65444,41.560352],[-70.65475,41.561603],[-70.654262,41.561981],[-70.654125,41.563227],[-70.654462,41.56422],[-70.653414,41.565774],[-70.65095,41.565607],[-70.649652,41.566297],[-70.648953,41.567634],[-70.648918,41.569278],[-70.648361,41.570553],[-70.646012,41.571042],[-70.645118,41.571697],[-70.643304,41.572077],[-70.642155,41.573159],[-70.641832,41.575988],[-70.642894,41.576748],[-70.641676,41.577516],[-70.641433,41.578188],[-70.64176,41.580561],[-70.642029,41.580913],[-70.642465,41.580879],[-70.642373,41.581614],[-70.643113,41.581901],[-70.643018,41.582301],[-70.643385,41.582269],[-70.643726,41.582726],[-70.643531,41.583016],[-70.6431,41.582669],[-70.64294,41.582943],[-70.643841,41.583678],[-70.643218,41.583815],[-70.643243,41.584994],[-70.645595,41.587871],[-70.645615,41.589993],[-70.646352,41.591515],[-70.646502,41.593614],[-70.650607,41.601558],[-70.65144,41.602764],[-70.652595,41.603718],[-70.652841,41.604718],[-70.652688,41.605535],[-70.651326,41.606378],[-70.6504,41.607959],[-70.650507,41.608797],[-70.651927,41.609872],[-70.652145,41.610793],[-70.650954,41.611175],[-70.649119,41.61073],[-70.647712,41.611651],[-70.647044,41.61297],[-70.647312,41.614162],[-70.646825,41.614588],[-70.646971,41.615344],[-70.646602,41.615499],[-70.646375,41.616285],[-70.646967,41.618029],[-70.646331,41.618889],[-70.646401,41.619489],[-70.645734,41.620239],[-70.642922,41.621325],[-70.643208,41.621558],[-70.642921,41.621777],[-70.640763,41.622168],[-70.640105,41.62306],[-70.639936,41.624384],[-70.640615,41.626866],[-70.641883,41.629274],[-70.643837,41.631538],[-70.644865,41.633332],[-70.646985,41.634928],[-70.646539,41.635615],[-70.644385,41.635169],[-70.643436,41.635731],[-70.643038,41.637281],[-70.644204,41.639396],[-70.64518,41.640139],[-70.64652,41.640577],[-70.647803,41.640011],[-70.649762,41.63994],[-70.650325,41.638568],[-70.651494,41.638581],[-70.652333,41.637904],[-70.653191,41.637873],[-70.653626,41.638266],[-70.653713,41.638954],[-70.6534,41.639529],[-70.651451,41.640301],[-70.650524,41.64165],[-70.650324,41.643494],[-70.651023,41.64575],[-70.650109,41.646178],[-70.648509,41.646104],[-70.647975,41.645653],[-70.646839,41.645779],[-70.645373,41.646607],[-70.644229,41.646786],[-70.643423,41.647776],[-70.640406,41.649169],[-70.639417,41.648756],[-70.638357,41.648887],[-70.637244,41.64854],[-70.635774,41.649061],[-70.632714,41.64921],[-70.631564,41.649857],[-70.630989,41.650977],[-70.629981,41.650949],[-70.629103,41.651535],[-70.628019,41.651758],[-70.627455,41.651613],[-70.626438,41.652282],[-70.625339,41.653862],[-70.625228,41.654934],[-70.624657,41.655189],[-70.624829,41.65646],[-70.623165,41.656184],[-70.621941,41.656443],[-70.621519,41.656076],[-70.620661,41.656187],[-70.61927,41.655652],[-70.618249,41.656121],[-70.616931,41.65773],[-70.616481,41.657764],[-70.615932,41.65701],[-70.615094,41.657143],[-70.614648,41.657879],[-70.615274,41.658233],[-70.613246,41.658436],[-70.567904,41.645556],[-70.539686,41.637287]]]]}},{"type":"Feature","properties":{"area_id":"97","layer":"municipality","name":"Fitchburg","municipality_type":"city","county_id":"25027"},"geometry":{"type":"Polygon","coordinates":[[[-71.757248,42.562077],[-71.754098,42.559465],[-71.75045,42.553471],[-71.747743,42.54994],[-71.749855,42.549763],[-71.749151,42.549059],[-71.74968,42.545211],[-71.754167,42.546062],[-71.757767,42.548577],[-71.760363,42.547631],[-71.761933,42.549782],[-71.761596,42.551919],[-71.764269,42.555039],[-71.771346,42.559253],[-71.786025,42.551056],[-71.789371,42.55094],[-71.797119,42.55256],[-71.7987,42.552603],[-71.800128,42.55212],[-71.804223,42.548556],[-71.806547,42.547482],[-71.808403,42.547139],[-71.814215,42.547262],[-71.820737,42.546528],[-71.822929,42.546803],[-71.830881,42.549028],[-71.837125,42.54856],[-71.837808,42.543794],[-71.862954,42.544711],[-71.862509,42.552484],[-71.855593,42.552064],[-71.855132,42.5583],[-71.856874,42.558127],[-71.860263,42.558527],[-71.862345,42.558048],[-71.858659,42.629033],[-71.858484,42.633824],[-71.844845,42.637994],[-71.775326,42.636674],[-71.773446,42.614507],[-71.770888,42.603671],[-71.772944,42.569657],[-71.764896,42.562852],[-71.762951,42.563934],[-71.757248,42.562077]]]}},{"type":"Feature","properties":{"area_id":"98","layer":"municipality","name":"Florida","municipality_type":"town","county_id":"25003"},"geometry":{"type":"Polygon","coordinates":[[[-73.023711,42.702698],[-72.997887,42.701272],[-72.949641,42.705119],[-72.948678,42.703849],[-72.949331,42.702287],[-72.95023,42.701173],[-72.951692,42.700519],[-72.953871,42.698395],[-72.952267,42.696635],[-72.951576,42.694726],[-72.952248,42.692199],[-72.953837,42.69049],[-72.958322,42.68987],[-72.961715,42.688078],[-72.963803,42.687501],[-72.971585,42.689063],[-72.973522,42.688817],[-72.97766,42.685669],[-72.976989,42.682802],[-72.975612,42.680434],[-72.975827,42.67943],[-72.977259,42.679059],[-72.983885,42.679394],[-72.98927,42.678581],[-72.989776,42.678132],[-72.988657,42.67584],[-72.98873,42.674545],[-72.989939,42.674118],[-72.994667,42.674331],[-72.995688,42.673658],[-72.99554,42.673164],[-72.993269,42.671055],[-72.988959,42.667623],[-72.985531,42.665947],[-72.980746,42.664541],[-72.975792,42.66085],[-72.974628,42.661051],[-72.972613,42.662911],[-72.970165,42.663954],[-72.968287,42.664285],[-72.966169,42.663974],[-72.963949,42.664302],[-72.962285,42.666868],[-72.96152,42.667287],[-72.957433,42.666981],[-72.955281,42.666036],[-72.954723,42.665634],[-72.954332,42.662933],[-72.955534,42.659382],[-72.955553,42.654515],[-72.953958,42.651231],[-72.952651,42.650874],[-72.95104,42.641014],[-72.954222,42.64147],[-72.960125,42.641314],[-72.961921,42.641736],[-72.9629,42.64149],[-72.964699,42.639078],[-72.966942,42.63752],[-72.966942,42.63612],[-72.966315,42.634869],[-72.966462,42.634069],[-72.966967,42.633258],[-72.968427,42.632736],[-72.970075,42.632757],[-72.971054,42.634096],[-72.973385,42.634877],[-72.974172,42.634382],[-72.974097,42.633302],[-72.974404,42.632592],[-72.975457,42.632449],[-72.981151,42.637578],[-72.984636,42.638615],[-72.985345,42.638366],[-72.985706,42.637096],[-72.987359,42.63662],[-72.987429,42.636277],[-72.986424,42.635109],[-72.986635,42.634535],[-72.987879,42.634372],[-72.98863,42.634792],[-72.990841,42.634045],[-72.995758,42.633392],[-72.997663,42.63376],[-72.998815,42.634955],[-73.001024,42.635172],[-73.001177,42.635662],[-73.000728,42.636712],[-73.000094,42.637322],[-73.000587,42.638126],[-73.003599,42.638498],[-73.006128,42.640584],[-73.008749,42.641134],[-73.009161,42.642909],[-73.009656,42.643406],[-73.008824,42.644111],[-73.008757,42.644794],[-73.008975,42.645215],[-73.009986,42.64573],[-73.011648,42.645665],[-73.011578,42.64723],[-73.063644,42.649807],[-73.063283,42.654712],[-73.059474,42.708403],[-73.04844,42.741661],[-73.023013,42.741147],[-73.023711,42.702698]]]}},{"type":"Feature","properties":{"area_id":"99","layer":"municipality","name":"Foxborough","municipality_type":"town","county_id":"25021"},"geometry":{"type":"Polygon","coordinates":[[[-71.288284,42.014464],[-71.289084,42.04505],[-71.289442,42.059111],[-71.2871,42.063716],[-71.287704,42.076935],[-71.285082,42.082401],[-71.284482,42.083587],[-71.280269,42.088501],[-71.271737,42.098454],[-71.255348,42.10414],[-71.253303,42.105353],[-71.238805,42.106409],[-71.23888,42.104215],[-71.205922,42.074117],[-71.196333,42.082483],[-71.178458,42.057371],[-71.288284,42.014464]]]}},{"type":"Feature","properties":{"area_id":"100","layer":"municipality","name":"Framingham","municipality_type":"city","county_id":"25017"},"geometry":{"type":"Polygon","coordinates":[[[-71.394887,42.338553],[-71.395079,42.336066],[-71.394878,42.335758],[-71.392875,42.335621],[-71.390941,42.337102],[-71.388609,42.337378],[-71.388345,42.336956],[-71.388833,42.336278],[-71.381758,42.328478],[-71.377688,42.314678],[-71.387523,42.302078],[-71.402529,42.293339],[-71.399471,42.280667],[-71.397218,42.279014],[-71.395858,42.272909],[-71.390366,42.271926],[-71.397771,42.261537],[-71.419299,42.25729],[-71.460757,42.279072],[-71.497046,42.289837],[-71.485948,42.311236],[-71.48511,42.323172],[-71.486797,42.330198],[-71.483299,42.35314],[-71.396718,42.341054],[-71.394887,42.338553]]]}},{"type":"Feature","properties":{"area_id":"101","layer":"municipality","name":"Franklin","municipality_type":"town with city form of government","county_id":"25021"},"geometry":{"type":"Polygon","coordinates":[[[-71.380146,42.13271],[-71.380521,42.132986],[-71.381059,42.132677],[-71.380881,42.132011],[-71.380259,42.131434],[-71.380693,42.131013],[-71.381919,42.130968],[-71.381646,42.130507],[-71.382172,42.129655],[-71.381462,42.129731],[-71.380714,42.129143],[-71.380671,42.128221],[-71.380046,42.127466],[-71.379983,42.126559],[-71.367736,42.107312],[-71.359274,42.089528],[-71.365315,42.076203],[-71.388236,42.041013],[-71.455905,42.034905],[-71.454755,42.044091],[-71.454961,42.063137],[-71.455881,42.06317],[-71.455275,42.072762],[-71.453703,42.072626],[-71.451969,42.083773],[-71.446591,42.102146],[-71.444011,42.117321],[-71.44254,42.131644],[-71.441678,42.131894],[-71.442424,42.132174],[-71.442081,42.13253],[-71.442227,42.133303],[-71.441962,42.133606],[-71.442886,42.134085],[-71.441427,42.134838],[-71.440235,42.13528],[-71.438625,42.135194],[-71.436194,42.134328],[-71.434491,42.134362],[-71.434881,42.135083],[-71.434745,42.135599],[-71.434299,42.135621],[-71.434227,42.135104],[-71.433798,42.13517],[-71.433497,42.135654],[-71.433865,42.13598],[-71.433089,42.136504],[-71.432084,42.137883],[-71.430942,42.138271],[-71.430279,42.139018],[-71.429544,42.138984],[-71.42879,42.13829],[-71.427853,42.138117],[-71.427086,42.138576],[-71.424383,42.139054],[-71.423341,42.139151],[-71.42183,42.138737],[-71.419452,42.139],[-71.418983,42.138866],[-71.419002,42.138362],[-71.420537,42.13755],[-71.419991,42.137211],[-71.419675,42.13761],[-71.419323,42.137454],[-71.418973,42.136431],[-71.417736,42.136739],[-71.414982,42.138231],[-71.414708,42.137348],[-71.415834,42.135643],[-71.414198,42.134044],[-71.412692,42.133613],[-71.411329,42.134424],[-71.41003,42.13399],[-71.408767,42.134238],[-71.406238,42.136317],[-71.405016,42.136789],[-71.404163,42.137584],[-71.403251,42.139145],[-71.402343,42.139551],[-71.39909,42.138777],[-71.397111,42.137337],[-71.384991,42.135284],[-71.383495,42.135202],[-71.383092,42.135524],[-71.382097,42.135556],[-71.382804,42.13504],[-71.382927,42.134222],[-71.382074,42.13379],[-71.383133,42.133826],[-71.383336,42.133523],[-71.382822,42.133169],[-71.382094,42.1335],[-71.381102,42.132875],[-71.380592,42.133152],[-71.380189,42.132934],[-71.380146,42.13271]]]}},{"type":"Feature","properties":{"area_id":"102","layer":"municipality","name":"Freetown","municipality_type":"town","county_id":"25005"},"geometry":{"type":"Polygon","coordinates":[[[-71.014592,41.799576],[-71.026289,41.778896],[-70.921784,41.791253],[-70.907184,41.76355],[-70.926316,41.758853],[-70.926425,41.757626],[-70.926147,41.757026],[-70.924914,41.756599],[-70.924012,41.755638],[-70.923221,41.755661],[-70.922223,41.75485],[-70.942985,41.744672],[-70.965396,41.734011],[-71.011889,41.711784],[-71.009541,41.746204],[-71.116088,41.765455],[-71.112377,41.765776],[-71.110992,41.766487],[-71.11097,41.76727],[-71.111964,41.768534],[-71.109697,41.770881],[-71.109254,41.772022],[-71.110425,41.773873],[-71.112633,41.77477],[-71.113453,41.775947],[-71.110754,41.776888],[-71.110785,41.778366],[-71.111311,41.779599],[-71.110321,41.781798],[-71.10808,41.783478],[-71.107087,41.78478],[-71.106209,41.785367],[-71.10583,41.786191],[-71.104282,41.787063],[-71.104123,41.787794],[-71.102408,41.789886],[-71.101613,41.791528],[-71.101701,41.793081],[-71.099018,41.794416],[-71.097195,41.794229],[-71.096334,41.793842],[-71.095956,41.792988],[-71.093596,41.790889],[-71.09264,41.790972],[-71.092438,41.791703],[-71.093917,41.793594],[-71.094078,41.795045],[-71.09345,41.795468],[-71.094609,41.796735],[-71.094651,41.797853],[-71.094204,41.798582],[-71.091983,41.799744],[-71.089194,41.798959],[-71.08857,41.797927],[-71.086506,41.797444],[-71.085553,41.796339],[-71.08415,41.795804],[-71.083804,41.795183],[-71.084163,41.794976],[-71.082968,41.792192],[-71.080389,41.79236],[-71.078594,41.793297],[-71.078467,41.794321],[-71.078909,41.794941],[-71.079708,41.79484],[-71.07987,41.796496],[-71.080731,41.797249],[-71.080598,41.797553],[-71.081046,41.797512],[-71.08157,41.798074],[-71.081555,41.798575],[-71.082458,41.799876],[-71.082577,41.800857],[-71.084144,41.802416],[-71.083862,41.803177],[-71.084753,41.804915],[-71.083615,41.806986],[-71.083885,41.807747],[-71.085739,41.805716],[-71.086732,41.806668],[-71.087492,41.808304],[-71.088708,41.809363],[-71.090361,41.80945],[-71.091252,41.808319],[-71.092777,41.808461],[-71.093162,41.809035],[-71.0927,41.809429],[-71.0934,41.810274],[-71.093074,41.810378],[-71.093349,41.810935],[-71.092903,41.810762],[-71.092588,41.810906],[-71.093349,41.811421],[-71.092887,41.811685],[-71.093198,41.81174],[-71.09315,41.812859],[-71.088462,41.817796],[-71.036571,41.816535],[-71.014592,41.799576]]]}},{"type":"Feature","properties":{"area_id":"103","layer":"municipality","name":"Gardner","municipality_type":"city","county_id":"25027"},"geometry":{"type":"Polygon","coordinates":[[[-71.923504,42.595424],[-71.951809,42.56032],[-71.963939,42.549446],[-71.959395,42.546396],[-71.972523,42.53618],[-71.975523,42.535927],[-71.979687,42.532319],[-72.001378,42.546619],[-72.027012,42.56325],[-72.015,42.567952],[-72.016578,42.569891],[-72.018783,42.570346],[-72.019455,42.570786],[-72.019243,42.571231],[-72.01705,42.572272],[-72.016,42.573664],[-72.016328,42.574222],[-72.016871,42.574408],[-72.01703,42.575543],[-72.01789,42.576474],[-72.019494,42.576663],[-72.019596,42.575922],[-72.020022,42.575509],[-72.023033,42.574453],[-72.023245,42.573857],[-72.023802,42.573534],[-72.026699,42.573274],[-72.027442,42.573939],[-72.02946,42.574264],[-72.030725,42.573982],[-72.031219,42.57422],[-72.031115,42.575956],[-72.032432,42.575892],[-72.032927,42.576333],[-72.031725,42.578336],[-72.0346,42.580001],[-72.035495,42.580113],[-72.036324,42.578206],[-72.037055,42.577418],[-72.037966,42.57708],[-72.038234,42.577333],[-72.037511,42.577874],[-72.037849,42.578417],[-72.040387,42.578623],[-72.042218,42.580016],[-72.041547,42.580877],[-72.042039,42.582145],[-72.041515,42.582903],[-72.04232,42.583895],[-72.04161,42.584784],[-72.039316,42.585572],[-72.038803,42.58649],[-72.039445,42.586858],[-72.039718,42.587706],[-72.04221,42.589373],[-72.041812,42.591985],[-72.035984,42.593866],[-72.046095,42.60186],[-72.035047,42.608868],[-71.986074,42.630025],[-71.986108,42.627764],[-71.975913,42.627523],[-71.956447,42.610281],[-71.952119,42.610706],[-71.9503,42.608089],[-71.951727,42.607567],[-71.948808,42.602531],[-71.950572,42.601703],[-71.945828,42.594914],[-71.928023,42.602019],[-71.923504,42.595424]]]}},{"type":"Feature","properties":{"area_id":"104","layer":"municipality","name":"Aquinnah","municipality_type":"town","county_id":"25007"},"geometry":{"type":"Polygon","coordinates":[[[-70.784874,41.327998],[-70.784437,41.313558],[-70.800113,41.318201],[-70.800098,41.314011],[-70.810959,41.321386],[-70.820041,41.328275],[-70.821129,41.329758],[-70.82234,41.330615],[-70.82668,41.335082],[-70.828755,41.336688],[-70.834038,41.34235],[-70.838099,41.345565],[-70.838671,41.346352],[-70.83889,41.347712],[-70.836288,41.34935],[-70.835783,41.350128],[-70.835785,41.351676],[-70.833853,41.353529],[-70.832903,41.353643],[-70.830643,41.353201],[-70.825751,41.353684],[-70.820726,41.353535],[-70.818798,41.354011],[-70.814483,41.356212],[-70.809705,41.356603],[-70.800907,41.354324],[-70.794131,41.351283],[-70.788986,41.349389],[-70.785853,41.348663],[-70.78188,41.348328],[-70.77754,41.348899],[-70.775192,41.349768],[-70.769476,41.353018],[-70.768731,41.353756],[-70.769078,41.354137],[-70.769002,41.354281],[-70.766927,41.351856],[-70.76932,41.351819],[-70.768541,41.351589],[-70.76913,41.351391],[-70.769259,41.350908],[-70.770175,41.35071],[-70.769946,41.350476],[-70.770249,41.350142],[-70.767472,41.351171],[-70.766813,41.35105],[-70.767249,41.34952],[-70.768352,41.348535],[-70.769014,41.345681],[-70.769513,41.345023],[-70.770245,41.344791],[-70.76953,41.344014],[-70.769229,41.344779],[-70.769016,41.344115],[-70.76925,41.343419],[-70.771679,41.343242],[-70.773607,41.343569],[-70.775348,41.34323],[-70.779957,41.344173],[-70.782052,41.34412],[-70.783382,41.343869],[-70.784606,41.34249],[-70.784644,41.341108],[-70.785662,41.337331],[-70.785231,41.335083],[-70.785601,41.333397],[-70.785299,41.332619],[-70.785927,41.331376],[-70.785307,41.331],[-70.784005,41.331224],[-70.78367,41.330847],[-70.782124,41.330743],[-70.784874,41.327998]]]}},{"type":"Feature","properties":{"area_id":"105","layer":"municipality","name":"Georgetown","municipality_type":"town","county_id":"25009"},"geometry":{"type":"Polygon","coordinates":[[[-70.938392,42.726181],[-70.958892,42.706959],[-70.976373,42.694426],[-70.991612,42.699476],[-70.991946,42.700849],[-70.992284,42.700518],[-70.994921,42.700571],[-70.995774,42.699651],[-70.99743,42.700167],[-70.997346,42.700677],[-71.004858,42.701371],[-71.023639,42.701619],[-71.025339,42.704089],[-71.026134,42.704699],[-71.03162,42.718046],[-71.034639,42.732363],[-71.026998,42.731352],[-71.019392,42.733604],[-71.011256,42.734193],[-71.001024,42.739103],[-70.984171,42.746203],[-70.979462,42.748669],[-70.974075,42.749533],[-70.970225,42.751222],[-70.959692,42.753835],[-70.949522,42.748075],[-70.930738,42.738566],[-70.924124,42.736005],[-70.938392,42.726181]]]}},{"type":"Feature","properties":{"area_id":"106","layer":"municipality","name":"Gill","municipality_type":"town","county_id":"25011"},"geometry":{"type":"Polygon","coordinates":[[[-72.497073,42.597579],[-72.498622,42.596866],[-72.500094,42.596775],[-72.502997,42.598499],[-72.504457,42.599898],[-72.505507,42.601962],[-72.505629,42.603036],[-72.506305,42.603665],[-72.514367,42.604424],[-72.520594,42.604511],[-72.523768,42.603924],[-72.53191,42.599354],[-72.538145,42.597055],[-72.541099,42.596407],[-72.543061,42.596645],[-72.544543,42.597389],[-72.54528,42.598557],[-72.545432,42.603544],[-72.546089,42.605284],[-72.546955,42.606107],[-72.549741,42.607722],[-72.55193,42.609811],[-72.552682,42.610878],[-72.552687,42.612204],[-72.552776,42.613285],[-72.552245,42.614985],[-72.549255,42.617556],[-72.549778,42.618116],[-72.549242,42.619498],[-72.549913,42.620624],[-72.549641,42.622204],[-72.550133,42.624316],[-72.54886,42.625782],[-72.549713,42.626567],[-72.551001,42.626548],[-72.551699,42.627018],[-72.550606,42.629157],[-72.551363,42.630336],[-72.549833,42.632073],[-72.548433,42.63263],[-72.54682,42.63503],[-72.546827,42.635457],[-72.548475,42.636695],[-72.549067,42.637907],[-72.549136,42.641226],[-72.547924,42.641969],[-72.546292,42.644257],[-72.544536,42.644204],[-72.542407,42.645298],[-72.541822,42.644911],[-72.541019,42.644918],[-72.540465,42.645309],[-72.540481,42.646267],[-72.541332,42.64863],[-72.540966,42.649605],[-72.53997,42.65073],[-72.540981,42.651666],[-72.541267,42.652594],[-72.540787,42.655669],[-72.54032,42.656366],[-72.489503,42.662398],[-72.496203,42.678624],[-72.490114,42.679995],[-72.489378,42.67404],[-72.486486,42.673267],[-72.485305,42.675845],[-72.485055,42.677473],[-72.482522,42.678084],[-72.480672,42.677062],[-72.476777,42.672389],[-72.475791,42.670689],[-72.475088,42.670845],[-72.471813,42.670112],[-72.472051,42.668943],[-72.471484,42.664379],[-72.470282,42.662516],[-72.465747,42.657624],[-72.465129,42.65564],[-72.465385,42.653692],[-72.470346,42.649227],[-72.472553,42.647541],[-72.48165,42.642519],[-72.487197,42.638134],[-72.489238,42.635473],[-72.489555,42.634577],[-72.489361,42.633637],[-72.481026,42.620396],[-72.480309,42.619081],[-72.479892,42.617175],[-72.48043,42.614532],[-72.481978,42.611423],[-72.483825,42.609829],[-72.487416,42.60852],[-72.488578,42.607777],[-72.491002,42.604018],[-72.497073,42.597579]]]}},{"type":"Feature","properties":{"area_id":"107","layer":"municipality","name":"Gloucester","municipality_type":"city","county_id":"25009"},"geometry":{"type":"MultiPolygon","coordinates":[[[[-70.694865,42.640461],[-70.695418,42.63957],[-70.696286,42.639316],[-70.696014,42.640797],[-70.695262,42.641252],[-70.694927,42.641065],[-70.694865,42.640461]]],[[[-70.687677,42.641135],[-70.688539,42.640751],[-70.688447,42.640074],[-70.687109,42.640187],[-70.687447,42.640684],[-70.686955,42.641173],[-70.684778,42.64083],[-70.685668,42.639391],[-70.687248,42.637764],[-70.688334,42.63807],[-70.688727,42.637354],[-70.689701,42.637823],[-70.689111,42.636571],[-70.688698,42.63657],[-70.687938,42.63724],[-70.688079,42.636348],[-70.688761,42.635887],[-70.688034,42.635571],[-70.687995,42.634932],[-70.689546,42.633792],[-70.689548,42.633516],[-70.691383,42.633364],[-70.692192,42.633075],[-70.692026,42.632702],[-70.692575,42.632874],[-70.692486,42.633201],[-70.694394,42.633861],[-70.694731,42.633415],[-70.694157,42.633242],[-70.694317,42.632883],[-70.694007,42.632606],[-70.694445,42.631961],[-70.695333,42.631802],[-70.696912,42.632094],[-70.697073,42.632508],[-70.697602,42.632687],[-70.697375,42.632839],[-70.697572,42.632999],[-70.697278,42.633724],[-70.696577,42.633924],[-70.696585,42.63433],[-70.697328,42.634048],[-70.697821,42.63436],[-70.697519,42.634995],[-70.69781,42.636931],[-70.697436,42.637946],[-70.695951,42.638348],[-70.695523,42.637845],[-70.695076,42.63785],[-70.694474,42.638221],[-70.694339,42.638961],[-70.693631,42.638739],[-70.693772,42.639204],[-70.692919,42.639119],[-70.692844,42.63941],[-70.693446,42.63951],[-70.692732,42.64085],[-70.691185,42.641378],[-70.6896,42.641365],[-70.687677,42.641135]]],[[[-70.687425,42.644285],[-70.686454,42.644271],[-70.68633,42.642866],[-70.685652,42.64223],[-70.690268,42.642682],[-70.692414,42.642141],[-70.692011,42.642728],[-70.692019,42.643895],[-70.691655,42.643558],[-70.691534,42.643893],[-70.69172,42.644395],[-70.692151,42.644446],[-70.691993,42.645201],[-70.690789,42.644881],[-70.690142,42.645017],[-70.690035,42.645422],[-70.68846,42.645254],[-70.687425,42.644285]]],[[[-70.682372,42.645992],[-70.681539,42.645639],[-70.682414,42.643893],[-70.683746,42.642746],[-70.684607,42.642648],[-70.685321,42.643003],[-70.685992,42.644074],[-70.685791,42.645535],[-70.685151,42.64583],[-70.685145,42.645427],[-70.684751,42.645915],[-70.683878,42.646017],[-70.682821,42.64574],[-70.682372,42.645992]]],[[[-70.715167,42.575968],[-70.717111,42.581515],[-70.723517,42.584335],[-70.733845,42.588115],[-70.740456,42.590004],[-70.74565,42.599585],[-70.757439,42.620148],[-70.739572,42.642406],[-70.735437,42.64911],[-70.734678,42.649262],[-70.732698,42.64867],[-70.732966,42.648452],[-70.733734,42.648636],[-70.734295,42.648189],[-70.733803,42.647997],[-70.733664,42.647327],[-70.73213,42.647011],[-70.731725,42.647362],[-70.732044,42.647654],[-70.731023,42.647764],[-70.730342,42.648554],[-70.730801,42.648663],[-70.730384,42.649082],[-70.728941,42.649039],[-70.72858,42.64824],[-70.727457,42.647985],[-70.726727,42.648151],[-70.725853,42.64904],[-70.725359,42.648785],[-70.725126,42.649635],[-70.724312,42.649417],[-70.723501,42.649813],[-70.722959,42.649383],[-70.722586,42.650052],[-70.722038,42.650215],[-70.720728,42.64919],[-70.719745,42.649345],[-70.719749,42.650252],[-70.719314,42.650581],[-70.719604,42.651104],[-70.719367,42.651217],[-70.719355,42.652051],[-70.719729,42.65237],[-70.719466,42.653138],[-70.720103,42.653967],[-70.721302,42.654534],[-70.72118,42.656661],[-70.721628,42.658006],[-70.722536,42.658878],[-70.722742,42.65973],[-70.719746,42.663249],[-70.717962,42.663669],[-70.715415,42.662521],[-70.712918,42.661908],[-70.708385,42.659377],[-70.699167,42.657209],[-70.695532,42.656769],[-70.694005,42.657052],[-70.693295,42.656309],[-70.69138,42.656195],[-70.690996,42.655905],[-70.691174,42.655687],[-70.690868,42.655085],[-70.690037,42.654538],[-70.689933,42.65396],[-70.688367,42.653298],[-70.687172,42.65326],[-70.686121,42.654674],[-70.685727,42.654714],[-70.683451,42.651982],[-70.679229,42.649009],[-70.68021,42.647029],[-70.681745,42.646385],[-70.684815,42.646529],[-70.686065,42.646058],[-70.686459,42.644929],[-70.689607,42.646072],[-70.690309,42.645746],[-70.690807,42.646106],[-70.691732,42.645474],[-70.692794,42.645733],[-70.693515,42.645472],[-70.693751,42.645858],[-70.694236,42.645828],[-70.694653,42.645325],[-70.693683,42.643965],[-70.693946,42.643289],[-70.693175,42.642741],[-70.693694,42.642669],[-70.693487,42.641974],[-70.693939,42.641615],[-70.693535,42.641365],[-70.694196,42.641098],[-70.695998,42.641997],[-70.695423,42.641566],[-70.696206,42.641156],[-70.696179,42.641764],[-70.697613,42.642427],[-70.697459,42.64206],[-70.698021,42.641557],[-70.696381,42.640773],[-70.696273,42.639703],[-70.6968,42.63914],[-70.697336,42.639165],[-70.697873,42.639445],[-70.697632,42.63981],[-70.698395,42.640216],[-70.699046,42.63987],[-70.69898,42.639642],[-70.700363,42.639299],[-70.700534,42.638841],[-70.700048,42.638121],[-70.700413,42.637369],[-70.699546,42.637271],[-70.699963,42.637045],[-70.701583,42.637205],[-70.701569,42.636934],[-70.701995,42.636831],[-70.701075,42.636247],[-70.699979,42.636769],[-70.699625,42.636627],[-70.699123,42.634997],[-70.699861,42.634877],[-70.699514,42.634712],[-70.699672,42.634432],[-70.698891,42.634423],[-70.699153,42.633753],[-70.698633,42.633146],[-70.698989,42.631588],[-70.699375,42.631185],[-70.698965,42.630589],[-70.698116,42.630523],[-70.698205,42.631479],[-70.69791,42.631304],[-70.697797,42.631636],[-70.698101,42.631865],[-70.697765,42.632164],[-70.69742,42.631655],[-70.697787,42.631344],[-70.697605,42.631138],[-70.696465,42.631845],[-70.695534,42.631313],[-70.695547,42.631607],[-70.694102,42.631747],[-70.693981,42.632269],[-70.693554,42.632053],[-70.692482,42.632414],[-70.692026,42.632121],[-70.692843,42.631899],[-70.692753,42.631542],[-70.693221,42.632011],[-70.693765,42.63186],[-70.693725,42.631349],[-70.69406,42.631066],[-70.693376,42.630573],[-70.69206,42.630964],[-70.69205,42.631473],[-70.691665,42.630345],[-70.692931,42.629376],[-70.692042,42.628632],[-70.69247,42.62806],[-70.692024,42.627397],[-70.691177,42.627763],[-70.690528,42.62744],[-70.689914,42.625606],[-70.690102,42.624415],[-70.690777,42.623884],[-70.691233,42.622758],[-70.691938,42.623023],[-70.693536,42.622493],[-70.694591,42.622887],[-70.695575,42.622821],[-70.695766,42.622152],[-70.695185,42.621226],[-70.694337,42.621354],[-70.691153,42.620708],[-70.689839,42.619793],[-70.683425,42.61746],[-70.683873,42.617028],[-70.683529,42.616752],[-70.683025,42.616876],[-70.68167,42.616428],[-70.681154,42.616832],[-70.68161,42.617396],[-70.680466,42.61744],[-70.680359,42.617167],[-70.680802,42.616959],[-70.68089,42.616417],[-70.679866,42.615546],[-70.680703,42.614929],[-70.681867,42.61497],[-70.682574,42.613939],[-70.681214,42.614067],[-70.681985,42.613599],[-70.681119,42.612589],[-70.680238,42.613266],[-70.679631,42.613223],[-70.679502,42.612909],[-70.679942,42.612645],[-70.67959,42.612047],[-70.680122,42.611591],[-70.679647,42.611196],[-70.67922,42.611124],[-70.679478,42.611565],[-70.679038,42.61171],[-70.678458,42.611333],[-70.677944,42.611821],[-70.677586,42.611462],[-70.677636,42.611913],[-70.676133,42.610772],[-70.674648,42.61038],[-70.672845,42.609413],[-70.674922,42.609208],[-70.677469,42.60768],[-70.677296,42.606053],[-70.676328,42.605403],[-70.675434,42.605354],[-70.675269,42.605027],[-70.677144,42.604684],[-70.677284,42.604275],[-70.67693,42.604059],[-70.676871,42.603518],[-70.677308,42.602949],[-70.678498,42.60294],[-70.681907,42.602006],[-70.682697,42.599829],[-70.682405,42.599239],[-70.685388,42.596765],[-70.685245,42.596093],[-70.684827,42.596134],[-70.685314,42.595964],[-70.684843,42.594711],[-70.684915,42.593905],[-70.684385,42.593908],[-70.683628,42.595637],[-70.683803,42.596014],[-70.683463,42.596295],[-70.681652,42.594884],[-70.681753,42.594101],[-70.681364,42.593345],[-70.68189,42.592425],[-70.682945,42.592013],[-70.68283,42.59175],[-70.683313,42.591288],[-70.684241,42.591129],[-70.685259,42.591534],[-70.685727,42.591308],[-70.685732,42.589827],[-70.684839,42.588652],[-70.685813,42.587253],[-70.687054,42.586654],[-70.687456,42.586026],[-70.689069,42.586887],[-70.690622,42.586382],[-70.691957,42.585007],[-70.694762,42.583029],[-70.695425,42.581627],[-70.696546,42.580929],[-70.697106,42.579534],[-70.697988,42.578237],[-70.69839,42.578131],[-70.698488,42.577413],[-70.6998,42.576598],[-70.70189,42.576605],[-70.703025,42.577096],[-70.704375,42.576031],[-70.705104,42.576074],[-70.707807,42.575051],[-70.708834,42.575058],[-70.709696,42.574364],[-70.709973,42.572852],[-70.712272,42.572506],[-70.71404,42.572567],[-70.715222,42.573068],[-70.715566,42.574367],[-70.715241,42.574986],[-70.715412,42.575581],[-70.715167,42.575968]]],[[[-70.64403,42.664616],[-70.643082,42.634633],[-70.619294,42.626443],[-70.619059,42.626254],[-70.619261,42.625981],[-70.618859,42.626288],[-70.618337,42.626103],[-70.6186,42.625984],[-70.618233,42.62577],[-70.618238,42.625195],[-70.618941,42.624992],[-70.618984,42.62445],[-70.620635,42.623174],[-70.622901,42.623271],[-70.623706,42.62277],[-70.624089,42.622933],[-70.62459,42.622532],[-70.625562,42.622445],[-70.626332,42.621592],[-70.62996,42.619867],[-70.63183,42.618493],[-70.632868,42.617301],[-70.633199,42.61659],[-70.632116,42.616665],[-70.632197,42.616126],[-70.631412,42.615219],[-70.633864,42.614609],[-70.634504,42.61386],[-70.634335,42.612853],[-70.634792,42.61232],[-70.634564,42.611608],[-70.633598,42.611087],[-70.633716,42.609474],[-70.632666,42.608237],[-70.632563,42.606563],[-70.632867,42.606114],[-70.632558,42.605511],[-70.633063,42.605174],[-70.633327,42.604092],[-70.634061,42.603603],[-70.634246,42.602937],[-70.635405,42.601629],[-70.635116,42.600853],[-70.635452,42.60006],[-70.636476,42.59925],[-70.639454,42.597878],[-70.639586,42.597035],[-70.639072,42.596769],[-70.639257,42.596379],[-70.643674,42.593323],[-70.646204,42.592301],[-70.647709,42.593098],[-70.649205,42.59307],[-70.65145,42.591978],[-70.652212,42.590642],[-70.652027,42.589073],[-70.650492,42.587558],[-70.649531,42.587161],[-70.649446,42.586563],[-70.650879,42.585087],[-70.65133,42.585028],[-70.651219,42.584772],[-70.652126,42.584637],[-70.654329,42.581978],[-70.658312,42.581554],[-70.661079,42.580255],[-70.663346,42.580407],[-70.66416,42.579984],[-70.664664,42.580083],[-70.664483,42.580957],[-70.664724,42.581296],[-70.663388,42.581615],[-70.663412,42.582542],[-70.665056,42.582495],[-70.66558,42.583767],[-70.665276,42.58439],[-70.663319,42.584691],[-70.662814,42.585242],[-70.662596,42.586882],[-70.663433,42.587393],[-70.663456,42.587897],[-70.663046,42.588701],[-70.662005,42.589141],[-70.661836,42.589818],[-70.662188,42.590205],[-70.661147,42.590223],[-70.659742,42.591917],[-70.658558,42.592268],[-70.656918,42.592274],[-70.656649,42.592679],[-70.656034,42.592813],[-70.654627,42.594409],[-70.654383,42.595946],[-70.654808,42.59711],[-70.655686,42.598286],[-70.657062,42.598712],[-70.657276,42.599026],[-70.657093,42.599467],[-70.657785,42.600002],[-70.656741,42.601202],[-70.656565,42.602388],[-70.655346,42.60282],[-70.655609,42.603466],[-70.656781,42.604044],[-70.657981,42.603246],[-70.659096,42.603207],[-70.658942,42.603878],[-70.659253,42.604369],[-70.660386,42.604348],[-70.659368,42.604593],[-70.659271,42.605035],[-70.658792,42.604959],[-70.658828,42.605687],[-70.660206,42.605584],[-70.66032,42.606085],[-70.66087,42.605965],[-70.660605,42.6065],[-70.660807,42.606973],[-70.662875,42.608225],[-70.663595,42.608477],[-70.664159,42.608332],[-70.664152,42.607978],[-70.665333,42.607925],[-70.665772,42.608424],[-70.665219,42.608727],[-70.66568,42.609113],[-70.669291,42.61004],[-70.67212,42.60999],[-70.672707,42.609695],[-70.677927,42.612791],[-70.678318,42.613331],[-70.678062,42.614409],[-70.677555,42.614989],[-70.678666,42.615876],[-70.6785,42.617545],[-70.679309,42.618788],[-70.679001,42.619078],[-70.677649,42.61918],[-70.678249,42.619758],[-70.679692,42.620089],[-70.679141,42.620617],[-70.679318,42.620991],[-70.680414,42.620979],[-70.681657,42.621469],[-70.682408,42.620791],[-70.681853,42.619548],[-70.682918,42.620106],[-70.685915,42.620358],[-70.685906,42.620897],[-70.687137,42.620894],[-70.688144,42.621611],[-70.687927,42.622699],[-70.687484,42.62309],[-70.687537,42.624112],[-70.687109,42.624329],[-70.688255,42.624674],[-70.688313,42.625102],[-70.687974,42.625397],[-70.68844,42.625745],[-70.688488,42.626611],[-70.687725,42.62681],[-70.686487,42.626079],[-70.686223,42.62623],[-70.686889,42.62709],[-70.688239,42.627062],[-70.687734,42.6277],[-70.688465,42.628033],[-70.689119,42.629541],[-70.689865,42.630178],[-70.689541,42.631411],[-70.688996,42.631934],[-70.687545,42.632456],[-70.686133,42.632096],[-70.685059,42.632743],[-70.685496,42.633497],[-70.684797,42.634254],[-70.684939,42.637894],[-70.682308,42.640145],[-70.681856,42.639651],[-70.681918,42.639065],[-70.681548,42.638865],[-70.680673,42.639165],[-70.680789,42.639655],[-70.680424,42.639766],[-70.681421,42.641145],[-70.680998,42.641923],[-70.681026,42.643426],[-70.680432,42.644168],[-70.679226,42.644707],[-70.678808,42.644063],[-70.678434,42.644091],[-70.678545,42.643593],[-70.67805,42.643042],[-70.676947,42.642941],[-70.67664,42.64373],[-70.67687,42.644577],[-70.675785,42.64598],[-70.675328,42.645908],[-70.673859,42.648511],[-70.674599,42.650839],[-70.674406,42.651453],[-70.675096,42.651981],[-70.676976,42.652512],[-70.677515,42.651967],[-70.679323,42.651856],[-70.679488,42.652053],[-70.678785,42.652846],[-70.679253,42.65329],[-70.679134,42.653571],[-70.680251,42.653045],[-70.680911,42.653102],[-70.680865,42.652777],[-70.681206,42.652718],[-70.68187,42.653085],[-70.682591,42.65423],[-70.682654,42.654725],[-70.681865,42.654739],[-70.681448,42.65507],[-70.681655,42.655322],[-70.681134,42.656055],[-70.681594,42.656882],[-70.682394,42.656944],[-70.681732,42.657334],[-70.681602,42.658795],[-70.680815,42.659334],[-70.680255,42.659273],[-70.680318,42.65985],[-70.679537,42.660337],[-70.679941,42.660696],[-70.679924,42.661159],[-70.681662,42.662009],[-70.68005,42.663317],[-70.679272,42.663356],[-70.678571,42.664761],[-70.676499,42.665557],[-70.67603,42.666207],[-70.673177,42.66649],[-70.672946,42.667174],[-70.672049,42.667712],[-70.672464,42.668321],[-70.672948,42.668397],[-70.67281,42.668971],[-70.671295,42.669171],[-70.670739,42.668402],[-70.67102,42.667891],[-70.670514,42.667637],[-70.669269,42.668173],[-70.668902,42.667913],[-70.66823,42.668099],[-70.668268,42.669295],[-70.670105,42.669996],[-70.670404,42.670897],[-70.670045,42.670943],[-70.668232,42.669602],[-70.667369,42.669785],[-70.667225,42.671007],[-70.666489,42.672383],[-70.665768,42.67299],[-70.66602,42.673244],[-70.665839,42.673711],[-70.66402,42.673659],[-70.663564,42.673986],[-70.663614,42.674316],[-70.665099,42.675343],[-70.664432,42.676803],[-70.663286,42.677873],[-70.662431,42.678174],[-70.661528,42.67803],[-70.661173,42.678933],[-70.660609,42.679123],[-70.660579,42.679714],[-70.658802,42.680617],[-70.658315,42.681694],[-70.655284,42.681442],[-70.654494,42.682049],[-70.653471,42.682048],[-70.652568,42.682789],[-70.6527,42.68357],[-70.65143,42.68368],[-70.651144,42.684349],[-70.650314,42.685035],[-70.649259,42.685341],[-70.648409,42.686225],[-70.648197,42.687171],[-70.647389,42.687776],[-70.646494,42.687873],[-70.645203,42.689404],[-70.644111,42.6893],[-70.643288,42.688257],[-70.643161,42.68761],[-70.64285,42.687624],[-70.643019,42.686911],[-70.643483,42.686491],[-70.643075,42.686316],[-70.642834,42.685045],[-70.641851,42.685098],[-70.641267,42.686058],[-70.640534,42.686392],[-70.64403,42.664616]]]]}},{"type":"Feature","properties":{"area_id":"108","layer":"municipality","name":"Goshen","municipality_type":"town","county_id":"25015"},"geometry":{"type":"Polygon","coordinates":[[[-72.764301,42.460165],[-72.758289,42.460939],[-72.759112,42.456503],[-72.765116,42.455892],[-72.765938,42.45169],[-72.757112,42.452422],[-72.757759,42.445891],[-72.7703,42.444708],[-72.773534,42.401535],[-72.805636,42.398306],[-72.805438,42.404553],[-72.816155,42.403145],[-72.815535,42.42126],[-72.835616,42.41986],[-72.834059,42.437919],[-72.847901,42.4365],[-72.855634,42.480929],[-72.831567,42.476385],[-72.831495,42.477007],[-72.77333,42.46679],[-72.773602,42.465549],[-72.763793,42.463673],[-72.764301,42.460165]]]}},{"type":"Feature","properties":{"area_id":"109","layer":"municipality","name":"Gosnold","municipality_type":"town","county_id":"25007"},"geometry":{"type":"MultiPolygon","coordinates":[[[[-70.92025,41.426322],[-70.918435,41.42491],[-70.919836,41.424675],[-70.922131,41.4249],[-70.921468,41.425186],[-70.922481,41.425321],[-70.921867,41.425421],[-70.922307,41.425951],[-70.921703,41.426134],[-70.922258,41.426342],[-70.922014,41.427617],[-70.922378,41.428824],[-70.924075,41.429028],[-70.925938,41.427781],[-70.927987,41.428151],[-70.929474,41.426914],[-70.930532,41.427039],[-70.932442,41.424694],[-70.930872,41.424186],[-70.930388,41.423488],[-70.929392,41.423359],[-70.929028,41.422824],[-70.928546,41.424034],[-70.928179,41.42424],[-70.926998,41.422393],[-70.926335,41.422093],[-70.924792,41.422628],[-70.92342,41.424215],[-70.920739,41.424042],[-70.918049,41.42433],[-70.91213,41.423293],[-70.909941,41.423267],[-70.908426,41.42364],[-70.908144,41.423337],[-70.908461,41.422881],[-70.908268,41.421782],[-70.908679,41.421524],[-70.909857,41.421884],[-70.911341,41.421521],[-70.912688,41.421742],[-70.91459,41.423199],[-70.915784,41.423632],[-70.9216,41.423262],[-70.923512,41.422482],[-70.925574,41.420749],[-70.927109,41.418551],[-70.927894,41.41675],[-70.928876,41.415714],[-70.929958,41.415048],[-70.932489,41.414267],[-70.934046,41.413199],[-70.935746,41.412939],[-70.93838,41.411729],[-70.940172,41.411628],[-70.941355,41.411103],[-70.944182,41.410811],[-70.946361,41.410061],[-70.948478,41.409745],[-70.949677,41.410261],[-70.950847,41.41199],[-70.950983,41.412566],[-70.950409,41.413346],[-70.949891,41.415117],[-70.949187,41.415762],[-70.944528,41.415353],[-70.943918,41.41489],[-70.948988,41.41546],[-70.948689,41.414981],[-70.949241,41.414485],[-70.948084,41.413146],[-70.948216,41.412874],[-70.949271,41.412928],[-70.949493,41.412021],[-70.948827,41.411618],[-70.948931,41.411301],[-70.948379,41.41118],[-70.948318,41.411675],[-70.947521,41.412388],[-70.946746,41.412353],[-70.945932,41.412846],[-70.944642,41.412836],[-70.94437,41.413143],[-70.94477,41.41347],[-70.944309,41.413923],[-70.940937,41.415242],[-70.940499,41.415788],[-70.940627,41.416136],[-70.94032,41.416237],[-70.940783,41.416834],[-70.941486,41.416776],[-70.941971,41.415883],[-70.943462,41.415211],[-70.943485,41.41464],[-70.943881,41.415227],[-70.943049,41.416011],[-70.942141,41.417988],[-70.941205,41.422517],[-70.937373,41.425186],[-70.932551,41.425299],[-70.931137,41.427142],[-70.930434,41.429526],[-70.928017,41.431597],[-70.926745,41.431614],[-70.9238,41.430926],[-70.92119,41.428128],[-70.92025,41.426322]]],[[[-70.851577,41.436746],[-70.849303,41.436106],[-70.849164,41.435057],[-70.848435,41.433632],[-70.848597,41.432817],[-70.852262,41.429427],[-70.853446,41.428863],[-70.855946,41.426897],[-70.858152,41.425854],[-70.859892,41.425438],[-70.861441,41.424493],[-70.866678,41.42271],[-70.870424,41.42213],[-70.877654,41.421819],[-70.880649,41.421271],[-70.884677,41.421372],[-70.889015,41.422395],[-70.891526,41.421874],[-70.89377,41.4222],[-70.901822,41.421388],[-70.902938,41.421891],[-70.903596,41.423526],[-70.904816,41.423794],[-70.906195,41.425178],[-70.906133,41.425583],[-70.904676,41.426706],[-70.904508,41.428256],[-70.903766,41.429079],[-70.903767,41.430417],[-70.901696,41.431927],[-70.90127,41.433231],[-70.901468,41.433744],[-70.900937,41.434243],[-70.900017,41.43435],[-70.896204,41.432907],[-70.894123,41.433012],[-70.890026,41.432555],[-70.887547,41.433184],[-70.885763,41.43205],[-70.883163,41.431997],[-70.882404,41.432421],[-70.882334,41.433225],[-70.881064,41.433551],[-70.88052,41.434251],[-70.879607,41.434653],[-70.878921,41.435334],[-70.878803,41.435926],[-70.874495,41.436483],[-70.873571,41.437145],[-70.872569,41.438706],[-70.875205,41.438326],[-70.875336,41.43812],[-70.874944,41.437966],[-70.876194,41.437903],[-70.876913,41.437459],[-70.877799,41.43765],[-70.878639,41.437224],[-70.880153,41.437246],[-70.880487,41.437491],[-70.880209,41.437927],[-70.878327,41.438371],[-70.87629,41.438145],[-70.875512,41.43861],[-70.87329,41.438953],[-70.871335,41.440513],[-70.869093,41.44128],[-70.867574,41.442497],[-70.863902,41.443002],[-70.862482,41.443513],[-70.860785,41.44486],[-70.860941,41.445851],[-70.860425,41.446782],[-70.858899,41.447659],[-70.857784,41.449408],[-70.856616,41.45002],[-70.855061,41.4491],[-70.85565,41.448736],[-70.855731,41.448019],[-70.854813,41.446625],[-70.854696,41.445799],[-70.855854,41.442104],[-70.855424,41.440092],[-70.854295,41.438662],[-70.851577,41.436746]]],[[[-70.814027,41.45494],[-70.814093,41.454502],[-70.813302,41.454158],[-70.81274,41.45337],[-70.811492,41.453188],[-70.810833,41.452116],[-70.811034,41.45133],[-70.809652,41.450763],[-70.812133,41.449507],[-70.81168,41.449049],[-70.810534,41.449088],[-70.809901,41.448288],[-70.81073,41.448213],[-70.811364,41.447659],[-70.811009,41.447608],[-70.811104,41.447392],[-70.812066,41.447156],[-70.81172,41.446119],[-70.812543,41.446155],[-70.812278,41.445866],[-70.810588,41.44582],[-70.811744,41.446914],[-70.810537,41.447367],[-70.810516,41.44797],[-70.809778,41.447813],[-70.809223,41.448242],[-70.809959,41.449413],[-70.811348,41.449548],[-70.810044,41.450317],[-70.809037,41.44998],[-70.808306,41.450286],[-70.807758,41.449982],[-70.807879,41.44898],[-70.809612,41.447083],[-70.809552,41.446462],[-70.808645,41.44595],[-70.808287,41.445177],[-70.809355,41.443864],[-70.810947,41.443632],[-70.813691,41.445422],[-70.816387,41.446044],[-70.819411,41.445445],[-70.823825,41.445171],[-70.82822,41.442551],[-70.830224,41.441731],[-70.83464,41.441955],[-70.836645,41.442633],[-70.838696,41.445564],[-70.8399,41.446422],[-70.840283,41.447319],[-70.841376,41.448447],[-70.840958,41.450698],[-70.840043,41.452255],[-70.840471,41.453518],[-70.839596,41.453964],[-70.838265,41.455824],[-70.834979,41.456636],[-70.833337,41.457749],[-70.831508,41.457885],[-70.830185,41.45753],[-70.828913,41.456731],[-70.824193,41.456398],[-70.822257,41.456916],[-70.821134,41.458218],[-70.820268,41.458418],[-70.817814,41.45744],[-70.816471,41.455748],[-70.814027,41.45494]]],[[[-70.698296,41.507007],[-70.698844,41.505982],[-70.699205,41.506475],[-70.700447,41.505816],[-70.702216,41.506208],[-70.702681,41.505423],[-70.704056,41.505874],[-70.703965,41.50635],[-70.703187,41.506668],[-70.703113,41.507062],[-70.702274,41.507105],[-70.702257,41.506359],[-70.701608,41.50635],[-70.701703,41.506854],[-70.701411,41.507424],[-70.700855,41.507599],[-70.700915,41.50816],[-70.700033,41.50855],[-70.700436,41.509361],[-70.699558,41.509659],[-70.6992,41.509424],[-70.698296,41.507007]]],[[[-70.710817,41.514699],[-70.710935,41.514127],[-70.711537,41.514462],[-70.712731,41.514278],[-70.71204,41.512854],[-70.712536,41.512224],[-70.712089,41.51212],[-70.711537,41.512642],[-70.71079,41.512478],[-70.709631,41.512933],[-70.708747,41.512518],[-70.708071,41.513424],[-70.707407,41.512123],[-70.706154,41.512341],[-70.706786,41.511215],[-70.707677,41.511406],[-70.707856,41.510489],[-70.707308,41.509783],[-70.707709,41.509582],[-70.707671,41.509111],[-70.708532,41.508633],[-70.708462,41.508112],[-70.707267,41.508049],[-70.706955,41.508418],[-70.706135,41.50847],[-70.705813,41.509037],[-70.70613,41.509579],[-70.705249,41.509611],[-70.704521,41.510207],[-70.704967,41.510572],[-70.704529,41.511349],[-70.70306,41.510273],[-70.702017,41.51065],[-70.702203,41.510033],[-70.701501,41.509803],[-70.700938,41.509047],[-70.701109,41.508708],[-70.70231,41.508546],[-70.70225,41.50802],[-70.702735,41.507317],[-70.703614,41.507621],[-70.704066,41.507314],[-70.703742,41.507634],[-70.703857,41.508121],[-70.704947,41.508498],[-70.706394,41.507856],[-70.706647,41.50733],[-70.707472,41.507398],[-70.707312,41.506936],[-70.706212,41.506367],[-70.705584,41.506461],[-70.705048,41.505951],[-70.704593,41.506235],[-70.704207,41.505851],[-70.704462,41.50342],[-70.705336,41.5029],[-70.705018,41.503414],[-70.705416,41.503707],[-70.706304,41.503449],[-70.706678,41.502821],[-70.707373,41.50278],[-70.707566,41.503063],[-70.708206,41.502996],[-70.708999,41.502373],[-70.710072,41.502597],[-70.710524,41.502073],[-70.710446,41.501573],[-70.708983,41.500909],[-70.708998,41.499424],[-70.708551,41.498992],[-70.707807,41.499011],[-70.707081,41.497705],[-70.705118,41.497619],[-70.704816,41.497151],[-70.705105,41.496758],[-70.706265,41.496704],[-70.708773,41.494813],[-70.709059,41.493799],[-70.710276,41.493152],[-70.710731,41.492257],[-70.712079,41.491792],[-70.712519,41.491185],[-70.713517,41.491269],[-70.715617,41.490715],[-70.716248,41.490263],[-70.716553,41.489564],[-70.717641,41.489545],[-70.718823,41.488796],[-70.721089,41.488543],[-70.7235,41.488978],[-70.725637,41.488929],[-70.728391,41.488319],[-70.730395,41.487481],[-70.733993,41.48696],[-70.735004,41.486402],[-70.73572,41.485378],[-70.737492,41.484472],[-70.739755,41.48249],[-70.743217,41.480347],[-70.744329,41.479111],[-70.746861,41.477973],[-70.747943,41.477885],[-70.749338,41.478954],[-70.751744,41.478985],[-70.753446,41.478263],[-70.754578,41.478339],[-70.755565,41.479361],[-70.758195,41.478455],[-70.75956,41.477435],[-70.760426,41.476184],[-70.760726,41.475086],[-70.760654,41.473003],[-70.760337,41.472326],[-70.759445,41.472062],[-70.758772,41.470876],[-70.757352,41.470664],[-70.75698,41.470339],[-70.756116,41.468439],[-70.756379,41.467692],[-70.755864,41.466893],[-70.759475,41.462365],[-70.760589,41.461433],[-70.761787,41.460992],[-70.765503,41.460877],[-70.767207,41.46047],[-70.768108,41.459779],[-70.768327,41.458553],[-70.769019,41.458246],[-70.772561,41.457871],[-70.775364,41.457939],[-70.776645,41.457634],[-70.779278,41.454998],[-70.781946,41.453142],[-70.784026,41.450655],[-70.785745,41.449856],[-70.786942,41.448661],[-70.788344,41.448065],[-70.790039,41.446621],[-70.79292,41.446485],[-70.795239,41.446903],[-70.798381,41.446449],[-70.799874,41.446583],[-70.802167,41.447906],[-70.803869,41.449707],[-70.805758,41.450392],[-70.805718,41.450833],[-70.805062,41.451052],[-70.80432,41.452221],[-70.805238,41.452824],[-70.805428,41.454625],[-70.807248,41.45541],[-70.806692,41.457105],[-70.807376,41.457631],[-70.807609,41.458707],[-70.806756,41.459491],[-70.804741,41.459543],[-70.804202,41.459858],[-70.803557,41.459643],[-70.802347,41.460743],[-70.801874,41.461988],[-70.802843,41.46278],[-70.802625,41.46366],[-70.803095,41.464647],[-70.802686,41.46566],[-70.80195,41.46624],[-70.801728,41.467294],[-70.799523,41.467779],[-70.798478,41.469095],[-70.79755,41.468818],[-70.796355,41.469305],[-70.796109,41.468952],[-70.795526,41.468879],[-70.794033,41.469351],[-70.793251,41.469066],[-70.791019,41.470158],[-70.7902,41.470907],[-70.789716,41.472668],[-70.788988,41.473022],[-70.788918,41.473814],[-70.787774,41.474867],[-70.786973,41.476327],[-70.786917,41.477062],[-70.785758,41.478163],[-70.784647,41.478292],[-70.782259,41.477613],[-70.780963,41.477779],[-70.781055,41.477521],[-70.780683,41.477323],[-70.778988,41.477158],[-70.775163,41.478029],[-70.772977,41.479605],[-70.771655,41.481169],[-70.770773,41.483156],[-70.770799,41.483803],[-70.771259,41.484042],[-70.771318,41.484542],[-70.770384,41.484568],[-70.769869,41.485871],[-70.768767,41.485679],[-70.768036,41.486262],[-70.767996,41.486805],[-70.768719,41.487414],[-70.768644,41.487755],[-70.766799,41.488221],[-70.765297,41.487939],[-70.762522,41.488373],[-70.761805,41.488211],[-70.76075,41.488644],[-70.758651,41.49046],[-70.757753,41.490777],[-70.756683,41.490556],[-70.756428,41.489913],[-70.755273,41.489996],[-70.755231,41.490327],[-70.754558,41.490621],[-70.754742,41.491399],[-70.754121,41.49157],[-70.753522,41.492818],[-70.75118,41.494551],[-70.749674,41.497193],[-70.748208,41.497491],[-70.747493,41.498352],[-70.747706,41.49909],[-70.747485,41.499531],[-70.746146,41.49993],[-70.745465,41.500785],[-70.744114,41.501447],[-70.742333,41.501351],[-70.741459,41.502156],[-70.73971,41.502913],[-70.738995,41.503747],[-70.737015,41.504605],[-70.735449,41.504231],[-70.734813,41.503719],[-70.734753,41.503033],[-70.733882,41.502778],[-70.731974,41.502749],[-70.730016,41.503347],[-70.728788,41.503386],[-70.726529,41.504724],[-70.726261,41.506048],[-70.723674,41.507378],[-70.723731,41.507786],[-70.723106,41.508182],[-70.723247,41.508771],[-70.722939,41.50916],[-70.719839,41.510327],[-70.71966,41.510778],[-70.720012,41.511635],[-70.718701,41.513079],[-70.718742,41.514342],[-70.71495,41.515713],[-70.713617,41.515629],[-70.712563,41.515096],[-70.711281,41.515142],[-70.710817,41.514699]]],[[[-70.677228,41.513424],[-70.676255,41.513417],[-70.676156,41.514222],[-70.676574,41.514191],[-70.676598,41.51393],[-70.676841,41.514157],[-70.676058,41.514513],[-70.674857,41.512949],[-70.676259,41.510502],[-70.676973,41.510009],[-70.677952,41.509969],[-70.679252,41.509412],[-70.680916,41.507651],[-70.682571,41.507117],[-70.685998,41.506677],[-70.687944,41.505127],[-70.689288,41.50462],[-70.689829,41.504625],[-70.690999,41.505385],[-70.690628,41.506334],[-70.691409,41.506962],[-70.691069,41.507744],[-70.691336,41.508005],[-70.692829,41.508103],[-70.69391,41.507106],[-70.694731,41.507065],[-70.695332,41.50662],[-70.69594,41.506706],[-70.695953,41.507143],[-70.696453,41.507433],[-70.696938,41.507347],[-70.696885,41.506869],[-70.697193,41.506806],[-70.697484,41.507986],[-70.698773,41.50852],[-70.697935,41.509466],[-70.698447,41.510373],[-70.701066,41.510976],[-70.700666,41.51147],[-70.70069,41.512152],[-70.699799,41.512949],[-70.699714,41.513731],[-70.698141,41.514203],[-70.696357,41.513931],[-70.695227,41.514127],[-70.69517,41.512994],[-70.694096,41.512451],[-70.691326,41.513193],[-70.689914,41.51268],[-70.689334,41.512782],[-70.688268,41.512203],[-70.686457,41.512986],[-70.685649,41.514011],[-70.682813,41.514355],[-70.679499,41.516624],[-70.679055,41.516691],[-70.678843,41.51631],[-70.678202,41.516193],[-70.677032,41.516918],[-70.676931,41.516332],[-70.67773,41.515085],[-70.677228,41.513424]]],[[[-70.699938,41.518745],[-70.701651,41.517456],[-70.702613,41.517328],[-70.702919,41.516107],[-70.702691,41.515813],[-70.703284,41.515635],[-70.703378,41.514674],[-70.705878,41.514391],[-70.705664,41.513419],[-70.705891,41.512472],[-70.706705,41.513125],[-70.707528,41.513046],[-70.708073,41.513713],[-70.708891,41.513897],[-70.708994,41.513488],[-70.709536,41.513596],[-70.709271,41.513932],[-70.709854,41.514898],[-70.709956,41.516362],[-70.710843,41.517922],[-70.710577,41.519001],[-70.707126,41.520553],[-70.707124,41.520016],[-70.706723,41.519734],[-70.704279,41.519852],[-70.70193,41.520851],[-70.701149,41.521487],[-70.699858,41.521746],[-70.698896,41.521422],[-70.69848,41.520811],[-70.69948,41.519446],[-70.699938,41.518745]]]]}},{"type":"Feature","properties":{"area_id":"110","layer":"municipality","name":"Grafton","municipality_type":"town","county_id":"25027"},"geometry":{"type":"Polygon","coordinates":[[[-71.637277,42.183248],[-71.649219,42.18171],[-71.640855,42.174689],[-71.646272,42.172879],[-71.642169,42.165671],[-71.67901,42.165797],[-71.691419,42.163117],[-71.695205,42.175797],[-71.718625,42.172962],[-71.723536,42.191493],[-71.73343,42.237984],[-71.731238,42.241295],[-71.717987,42.245067],[-71.710962,42.245153],[-71.704648,42.248375],[-71.674456,42.252366],[-71.674173,42.248599],[-71.670934,42.24471],[-71.650162,42.2478],[-71.648423,42.245185],[-71.644428,42.226636],[-71.637277,42.183248]]]}},{"type":"Feature","properties":{"area_id":"111","layer":"municipality","name":"Granby","municipality_type":"town","county_id":"25015"},"geometry":{"type":"Polygon","coordinates":[[[-72.52429,42.218741],[-72.546334,42.216475],[-72.555127,42.245054],[-72.55861,42.280659],[-72.546927,42.285151],[-72.543337,42.285863],[-72.541487,42.286559],[-72.540714,42.287625],[-72.539991,42.289819],[-72.540165,42.292364],[-72.539686,42.293075],[-72.537639,42.294653],[-72.535083,42.295551],[-72.533642,42.297299],[-72.531241,42.297945],[-72.527891,42.299847],[-72.527969,42.301464],[-72.524675,42.303164],[-72.521422,42.302192],[-72.506666,42.306397],[-72.504152,42.30548],[-72.500747,42.305175],[-72.499119,42.306272],[-72.498035,42.305128],[-72.493588,42.302278],[-72.487765,42.304716],[-72.483101,42.305328],[-72.479695,42.306911],[-72.464195,42.308061],[-72.447121,42.227262],[-72.52429,42.218741]]]}},{"type":"Feature","properties":{"area_id":"112","layer":"municipality","name":"Granville","municipality_type":"town","county_id":"25013"},"geometry":{"type":"Polygon","coordinates":[[[-72.853896,42.11501],[-72.83932,42.111735],[-72.837213,42.102227],[-72.833441,42.094339],[-72.832407,42.084181],[-72.835732,42.074517],[-72.838944,42.069273],[-72.836557,42.062329],[-72.834129,42.058337],[-72.834969,42.037088],[-72.873328,42.037684],[-72.979039,42.038246],[-72.970255,42.078633],[-72.981908,42.136703],[-72.895664,42.123926],[-72.853896,42.11501]]]}},{"type":"Feature","properties":{"area_id":"113","layer":"municipality","name":"Great Barrington","municipality_type":"town","county_id":"25003"},"geometry":{"type":"Polygon","coordinates":[[[-73.243994,42.257068],[-73.256787,42.24168],[-73.290055,42.20094],[-73.290671,42.183977],[-73.289135,42.172291],[-73.287244,42.159205],[-73.297075,42.159211],[-73.389014,42.160159],[-73.40842,42.160259],[-73.411763,42.186597],[-73.413947,42.18637],[-73.413796,42.191653],[-73.412502,42.192025],[-73.413879,42.202625],[-73.414096,42.212733],[-73.414362,42.225241],[-73.39624,42.225046],[-73.40245,42.258549],[-73.365941,42.258534],[-73.365927,42.259154],[-73.364488,42.259057],[-73.364466,42.258515],[-73.289195,42.257505],[-73.243994,42.257068]]]}},{"type":"Feature","properties":{"area_id":"114","layer":"municipality","name":"Greenfield","municipality_type":"city","county_id":"25011"},"geometry":{"type":"Polygon","coordinates":[[[-72.541267,42.652594],[-72.540981,42.651666],[-72.53997,42.65073],[-72.540966,42.649605],[-72.541332,42.64863],[-72.540481,42.646267],[-72.540465,42.645309],[-72.541019,42.644918],[-72.541822,42.644911],[-72.542407,42.645298],[-72.544536,42.644204],[-72.546292,42.644257],[-72.547924,42.641969],[-72.549136,42.641226],[-72.549067,42.637907],[-72.548475,42.636695],[-72.546827,42.635457],[-72.54682,42.63503],[-72.548433,42.63263],[-72.549833,42.632073],[-72.551363,42.630336],[-72.550606,42.629157],[-72.551699,42.627018],[-72.551001,42.626548],[-72.549713,42.626567],[-72.54886,42.625782],[-72.550133,42.624316],[-72.549641,42.622204],[-72.549913,42.620624],[-72.549242,42.619498],[-72.549778,42.618116],[-72.549255,42.617556],[-72.552245,42.614985],[-72.552776,42.613285],[-72.552687,42.612204],[-72.554797,42.612223],[-72.558019,42.611353],[-72.564254,42.607789],[-72.570227,42.603438],[-72.576463,42.596891],[-72.579184,42.595533],[-72.580901,42.595248],[-72.5822,42.59442],[-72.583177,42.592388],[-72.583177,42.590326],[-72.580219,42.58678],[-72.579823,42.584672],[-72.580008,42.581738],[-72.57814,42.578498],[-72.577859,42.574744],[-72.579241,42.571338],[-72.580501,42.570824],[-72.591581,42.5698],[-72.592649,42.569058],[-72.593989,42.566577],[-72.595064,42.566277],[-72.596459,42.566475],[-72.599618,42.567927],[-72.600968,42.569293],[-72.60177,42.571112],[-72.603084,42.571862],[-72.605382,42.57178],[-72.607691,42.570433],[-72.609272,42.570019],[-72.613737,42.569806],[-72.615875,42.570246],[-72.618269,42.569963],[-72.620911,42.570415],[-72.622484,42.571058],[-72.622905,42.570533],[-72.623927,42.570529],[-72.629742,42.578747],[-72.636822,42.577994],[-72.649931,42.576883],[-72.633033,42.645358],[-72.620899,42.646881],[-72.585745,42.650915],[-72.543665,42.655963],[-72.544162,42.655263],[-72.540787,42.655669],[-72.541267,42.652594]]]}},{"type":"Feature","properties":{"area_id":"115","layer":"municipality","name":"Groton","municipality_type":"town","county_id":"25017"},"geometry":{"type":"Polygon","coordinates":[[[-71.497477,42.641673],[-71.498594,42.638801],[-71.493528,42.617412],[-71.496182,42.591457],[-71.498007,42.576872],[-71.503038,42.575477],[-71.506413,42.572181],[-71.51146,42.569392],[-71.601037,42.583032],[-71.602076,42.58208],[-71.603091,42.58203],[-71.605195,42.582456],[-71.606739,42.583211],[-71.609193,42.581224],[-71.610727,42.581015],[-71.610885,42.581408],[-71.609945,42.582248],[-71.610828,42.5826],[-71.613623,42.581624],[-71.613298,42.582948],[-71.614465,42.583366],[-71.614481,42.5838],[-71.614896,42.584066],[-71.613798,42.585186],[-71.614534,42.586002],[-71.615595,42.586245],[-71.616724,42.585926],[-71.617899,42.586359],[-71.61883,42.58556],[-71.619304,42.58553],[-71.619393,42.586048],[-71.618694,42.586916],[-71.619119,42.587174],[-71.618913,42.587634],[-71.620368,42.587585],[-71.621471,42.588772],[-71.623036,42.589686],[-71.624139,42.590964],[-71.623232,42.59165],[-71.623499,42.592068],[-71.623309,42.592842],[-71.626039,42.593579],[-71.626677,42.594636],[-71.626038,42.596014],[-71.626191,42.598413],[-71.627235,42.599764],[-71.628381,42.600361],[-71.627583,42.60323],[-71.628367,42.603033],[-71.628418,42.602628],[-71.628928,42.602303],[-71.630302,42.603581],[-71.629874,42.60524],[-71.630382,42.606446],[-71.630088,42.607146],[-71.63069,42.607521],[-71.632482,42.607694],[-71.634607,42.60907],[-71.635365,42.61029],[-71.635376,42.61076],[-71.634201,42.611417],[-71.633845,42.612526],[-71.635715,42.612418],[-71.637686,42.613411],[-71.640658,42.613965],[-71.642323,42.614619],[-71.64402,42.616491],[-71.643304,42.616884],[-71.643301,42.617225],[-71.644264,42.617366],[-71.64467,42.618112],[-71.643731,42.619626],[-71.643675,42.620921],[-71.644274,42.62155],[-71.645197,42.6216],[-71.644192,42.622469],[-71.644403,42.622774],[-71.645145,42.622723],[-71.646038,42.623498],[-71.64503,42.624244],[-71.646151,42.624395],[-71.64632,42.625073],[-71.645734,42.625349],[-71.645808,42.625649],[-71.647141,42.626584],[-71.64732,42.626313],[-71.646975,42.626037],[-71.646976,42.625141],[-71.647936,42.624913],[-71.64921,42.625831],[-71.649215,42.626427],[-71.650188,42.626791],[-71.65009,42.627203],[-71.649475,42.627569],[-71.650998,42.629855],[-71.651762,42.630328],[-71.653086,42.630564],[-71.657687,42.63329],[-71.658034,42.634499],[-71.659188,42.634075],[-71.660474,42.635097],[-71.657931,42.649953],[-71.656403,42.649731],[-71.652467,42.645764],[-71.648989,42.644239],[-71.64695,42.644161],[-71.640742,42.639275],[-71.621869,42.631886],[-71.614182,42.628507],[-71.608056,42.627389],[-71.607103,42.630467],[-71.605621,42.631034],[-71.604829,42.630827],[-71.603563,42.629872],[-71.60164,42.627017],[-71.600309,42.62598],[-71.599172,42.625821],[-71.596016,42.626343],[-71.593623,42.626256],[-71.593064,42.626666],[-71.593705,42.628043],[-71.593208,42.629063],[-71.591587,42.629942],[-71.588216,42.630548],[-71.587875,42.631161],[-71.589217,42.632924],[-71.592319,42.632839],[-71.592959,42.633131],[-71.593113,42.633612],[-71.592833,42.634348],[-71.591249,42.635511],[-71.592287,42.63639],[-71.592364,42.636972],[-71.591431,42.637464],[-71.588837,42.63716],[-71.588056,42.637841],[-71.587121,42.640138],[-71.586807,42.642586],[-71.586199,42.643706],[-71.586246,42.644331],[-71.587151,42.644972],[-71.587197,42.645651],[-71.586731,42.646277],[-71.585675,42.646604],[-71.584473,42.646429],[-71.583568,42.645766],[-71.582962,42.644147],[-71.582082,42.644352],[-71.581791,42.645342],[-71.580451,42.646777],[-71.579851,42.64792],[-71.579929,42.649297],[-71.579101,42.651394],[-71.579297,42.654309],[-71.555111,42.659572],[-71.555611,42.658734],[-71.551373,42.659861],[-71.552422,42.660133],[-71.537137,42.663504],[-71.534415,42.648423],[-71.51497,42.643631],[-71.496485,42.649812],[-71.497477,42.641673]]]}},{"type":"Feature","properties":{"area_id":"116","layer":"municipality","name":"Groveland","municipality_type":"town","county_id":"25009"},"geometry":{"type":"Polygon","coordinates":[[[-70.959692,42.753835],[-70.970225,42.751222],[-70.974075,42.749533],[-70.979462,42.748669],[-70.984171,42.746203],[-71.001024,42.739103],[-71.011256,42.734193],[-71.019392,42.733604],[-71.026998,42.731352],[-71.034639,42.732363],[-71.03162,42.718046],[-71.058884,42.732472],[-71.058117,42.734219],[-71.052851,42.739896],[-71.048342,42.746154],[-71.044525,42.749043],[-71.044097,42.753223],[-71.042751,42.754347],[-71.041779,42.754671],[-71.042568,42.757051],[-71.040038,42.75772],[-71.037966,42.758954],[-71.030065,42.769226],[-71.024629,42.775208],[-71.021905,42.779642],[-71.020382,42.784305],[-70.996486,42.771655],[-70.967189,42.758286],[-70.959692,42.753835]]]}},{"type":"Feature","properties":{"area_id":"117","layer":"municipality","name":"Hadley","municipality_type":"town","county_id":"25015"},"geometry":{"type":"Polygon","coordinates":[[[-72.539904,42.304136],[-72.544659,42.305692],[-72.564952,42.303842],[-72.569307,42.304498],[-72.57729,42.302989],[-72.587963,42.300367],[-72.595327,42.29444],[-72.602149,42.288031],[-72.60995,42.285233],[-72.612008,42.285582],[-72.613149,42.286267],[-72.614451,42.287516],[-72.614923,42.288667],[-72.614702,42.290208],[-72.613706,42.292404],[-72.611287,42.295818],[-72.598522,42.308738],[-72.593695,42.316492],[-72.592723,42.31704],[-72.588322,42.317956],[-72.586609,42.318744],[-72.585313,42.319863],[-72.584109,42.321798],[-72.584382,42.323951],[-72.585787,42.32604],[-72.587479,42.327141],[-72.592948,42.327774],[-72.603415,42.329688],[-72.612285,42.33335],[-72.61832,42.336929],[-72.620139,42.341317],[-72.623046,42.342974],[-72.633722,42.344495],[-72.637332,42.344154],[-72.638448,42.344412],[-72.639131,42.345435],[-72.638912,42.347041],[-72.638285,42.348314],[-72.636772,42.349815],[-72.633959,42.351153],[-72.628244,42.351755],[-72.625965,42.35169],[-72.618364,42.350598],[-72.607338,42.349629],[-72.601155,42.349659],[-72.595937,42.3505],[-72.59324,42.351321],[-72.591376,42.352374],[-72.589152,42.354548],[-72.587631,42.358183],[-72.587482,42.36124],[-72.588295,42.364478],[-72.591211,42.370663],[-72.591767,42.374857],[-72.591379,42.377062],[-72.58958,42.382607],[-72.587662,42.387146],[-72.58639,42.388909],[-72.586177,42.389857],[-72.586992,42.391596],[-72.59019,42.395741],[-72.590332,42.396576],[-72.588888,42.398681],[-72.587677,42.399033],[-72.584713,42.399009],[-72.580694,42.397313],[-72.578382,42.397548],[-72.57628,42.399006],[-72.575652,42.399856],[-72.575204,42.401387],[-72.574768,42.405101],[-72.575328,42.408382],[-72.576459,42.411534],[-72.577917,42.413937],[-72.581103,42.422584],[-72.544201,42.427159],[-72.546777,42.400095],[-72.531588,42.401508],[-72.535467,42.36525],[-72.536464,42.365131],[-72.536781,42.359875],[-72.535787,42.359981],[-72.540903,42.319645],[-72.537998,42.320183],[-72.535152,42.304261],[-72.539904,42.304136]]]}},{"type":"Feature","properties":{"area_id":"118","layer":"municipality","name":"Halifax","municipality_type":"town","county_id":"25023"},"geometry":{"type":"Polygon","coordinates":[[[-70.814978,42.023984],[-70.812975,42.022731],[-70.813758,42.021218],[-70.813367,42.020433],[-70.813772,42.01988],[-70.81363,42.019425],[-70.812296,42.018636],[-70.811855,42.017638],[-70.809389,42.016676],[-70.809677,42.015317],[-70.807251,42.012878],[-70.80799,42.012135],[-70.807932,42.01168],[-70.806496,42.010341],[-70.818699,41.996733],[-70.822886,41.984512],[-70.863067,41.956811],[-70.860881,41.954995],[-70.869129,41.948287],[-70.908533,41.966395],[-70.907274,41.967544],[-70.907277,41.970208],[-70.908841,41.972213],[-70.908348,41.973949],[-70.909998,41.975828],[-70.911727,41.977016],[-70.912178,41.978666],[-70.911481,41.980236],[-70.9014,41.98299],[-70.899776,41.988293],[-70.899186,41.99633],[-70.899572,42.002985],[-70.897745,42.016458],[-70.896879,42.019189],[-70.894519,42.026447],[-70.864435,42.020979],[-70.860165,42.016168],[-70.849222,42.015733],[-70.833456,42.019561],[-70.814978,42.023984]]]}},{"type":"Feature","properties":{"area_id":"119","layer":"municipality","name":"Hamilton","municipality_type":"town","county_id":"25009"},"geometry":{"type":"Polygon","coordinates":[[[-70.813077,42.640543],[-70.81238,42.635642],[-70.811852,42.625326],[-70.81863,42.62489],[-70.81858,42.621712],[-70.816085,42.618762],[-70.809457,42.607357],[-70.80089,42.602021],[-70.800832,42.595346],[-70.814544,42.593423],[-70.875334,42.60989],[-70.918928,42.622771],[-70.918472,42.622989],[-70.917893,42.624136],[-70.918268,42.624596],[-70.918806,42.624281],[-70.919175,42.624796],[-70.91984,42.624989],[-70.919633,42.625889],[-70.918811,42.62576],[-70.918551,42.626195],[-70.917412,42.626714],[-70.917762,42.627062],[-70.915969,42.627448],[-70.916902,42.627987],[-70.916818,42.628354],[-70.916078,42.628486],[-70.915084,42.628113],[-70.914816,42.628784],[-70.913765,42.62824],[-70.912552,42.628944],[-70.912536,42.629667],[-70.911877,42.62922],[-70.9121,42.630168],[-70.911387,42.629945],[-70.910873,42.629239],[-70.9104,42.629758],[-70.908824,42.629676],[-70.907597,42.630275],[-70.907432,42.630672],[-70.906165,42.630558],[-70.905238,42.63193],[-70.903873,42.632682],[-70.904361,42.633149],[-70.905209,42.633069],[-70.906164,42.634235],[-70.907212,42.634901],[-70.907157,42.635329],[-70.904648,42.638174],[-70.895976,42.639382],[-70.896023,42.641393],[-70.896387,42.641829],[-70.896276,42.643749],[-70.897934,42.644693],[-70.900242,42.647549],[-70.898312,42.648104],[-70.901773,42.652849],[-70.905023,42.652079],[-70.905623,42.658715],[-70.904993,42.659243],[-70.903621,42.659518],[-70.9012,42.660302],[-70.898654,42.659419],[-70.894568,42.659723],[-70.889305,42.658564],[-70.887265,42.65906],[-70.886125,42.658982],[-70.885382,42.658453],[-70.886294,42.656747],[-70.885541,42.656028],[-70.881608,42.654423],[-70.87943,42.653954],[-70.876731,42.655275],[-70.877161,42.656399],[-70.876149,42.657064],[-70.875043,42.657311],[-70.873463,42.657058],[-70.8721,42.657232],[-70.86991,42.659202],[-70.869214,42.658927],[-70.867549,42.657388],[-70.861396,42.658232],[-70.860643,42.657567],[-70.859763,42.657463],[-70.863281,42.646231],[-70.857626,42.641684],[-70.856251,42.642667],[-70.855681,42.642431],[-70.85373,42.643454],[-70.852531,42.64335],[-70.850121,42.643802],[-70.847589,42.645338],[-70.847506,42.645707],[-70.846746,42.645887],[-70.846604,42.646682],[-70.845846,42.647125],[-70.844257,42.647417],[-70.840979,42.647342],[-70.839557,42.647666],[-70.838948,42.648373],[-70.838094,42.647932],[-70.837839,42.648188],[-70.83728,42.647968],[-70.836828,42.64827],[-70.83685,42.648725],[-70.836261,42.648888],[-70.834927,42.648938],[-70.834547,42.6486],[-70.833096,42.648782],[-70.831709,42.648202],[-70.831984,42.647815],[-70.831276,42.647277],[-70.831321,42.646654],[-70.830927,42.646238],[-70.831392,42.645443],[-70.831404,42.644688],[-70.830923,42.644428],[-70.831546,42.643791],[-70.830753,42.643177],[-70.831167,42.642653],[-70.830983,42.642094],[-70.831751,42.642082],[-70.832082,42.641596],[-70.832931,42.641267],[-70.832458,42.640193],[-70.833503,42.640558],[-70.834162,42.640129],[-70.832799,42.638557],[-70.824147,42.634198],[-70.82403,42.635399],[-70.823577,42.636228],[-70.824117,42.637276],[-70.824078,42.638162],[-70.821817,42.640494],[-70.821774,42.642329],[-70.816927,42.641309],[-70.813077,42.640543]]]}},{"type":"Feature","properties":{"area_id":"120","layer":"municipality","name":"Hampden","municipality_type":"town","county_id":"25013"},"geometry":{"type":"Polygon","coordinates":[[[-72.458291,42.034333],[-72.469936,42.084775],[-72.418174,42.0905],[-72.41454,42.099231],[-72.37944,42.103143],[-72.366989,42.032705],[-72.458291,42.034333]]]}},{"type":"Feature","properties":{"area_id":"121","layer":"municipality","name":"Hancock","municipality_type":"town","county_id":"25003"},"geometry":{"type":"Polygon","coordinates":[[[-73.27356,42.590862],[-73.258282,42.588575],[-73.311745,42.504617],[-73.315104,42.49295],[-73.319545,42.493445],[-73.338909,42.418575],[-73.383665,42.425503],[-73.30696,42.632652],[-73.261997,42.631337],[-73.27356,42.590862]]]}},{"type":"Feature","properties":{"area_id":"122","layer":"municipality","name":"Hanover","municipality_type":"town","county_id":"25023"},"geometry":{"type":"Polygon","coordinates":[[[-70.804954,42.111182],[-70.807167,42.108474],[-70.812158,42.104158],[-70.812278,42.103419],[-70.811968,42.102539],[-70.809883,42.10074],[-70.810623,42.100017],[-70.809602,42.099198],[-70.810932,42.098144],[-70.813177,42.098196],[-70.814104,42.098872],[-70.814938,42.098833],[-70.816278,42.099443],[-70.817129,42.099081],[-70.818615,42.099683],[-70.819865,42.099496],[-70.821464,42.100772],[-70.82632,42.1004],[-70.835505,42.09733],[-70.836251,42.096751],[-70.837911,42.096746],[-70.839158,42.094967],[-70.839841,42.094614],[-70.842134,42.094963],[-70.84335,42.09477],[-70.844987,42.095082],[-70.847402,42.096345],[-70.848351,42.096229],[-70.850642,42.094936],[-70.853573,42.095456],[-70.855138,42.094174],[-70.854977,42.093348],[-70.855486,42.092431],[-70.857481,42.091381],[-70.858825,42.091051],[-70.859658,42.09024],[-70.861101,42.089662],[-70.861281,42.089233],[-70.862188,42.08917],[-70.864304,42.089803],[-70.864512,42.090421],[-70.865345,42.090622],[-70.867686,42.088278],[-70.870011,42.087312],[-70.874331,42.088488],[-70.874946,42.089676],[-70.887554,42.087965],[-70.889467,42.11804],[-70.90012,42.151753],[-70.884312,42.153728],[-70.847247,42.158318],[-70.847175,42.157091],[-70.84535,42.154676],[-70.844623,42.154157],[-70.84499,42.153603],[-70.844502,42.153143],[-70.844708,42.152659],[-70.844431,42.151838],[-70.843188,42.151522],[-70.842592,42.151187],[-70.842573,42.150856],[-70.841273,42.15043],[-70.841243,42.15004],[-70.840276,42.149432],[-70.840352,42.148142],[-70.840008,42.146853],[-70.839243,42.146579],[-70.839314,42.146299],[-70.838686,42.145917],[-70.838529,42.14538],[-70.837468,42.145465],[-70.83685,42.142325],[-70.837163,42.141966],[-70.836995,42.141302],[-70.834987,42.139671],[-70.834758,42.138805],[-70.835,42.138055],[-70.834622,42.137831],[-70.834893,42.137711],[-70.834865,42.137135],[-70.833894,42.136898],[-70.834161,42.135874],[-70.834711,42.13546],[-70.834719,42.135106],[-70.834331,42.134884],[-70.83471,42.134448],[-70.833511,42.134295],[-70.832352,42.133021],[-70.830482,42.132396],[-70.829576,42.13227],[-70.829089,42.132628],[-70.828757,42.132228],[-70.828267,42.132369],[-70.82753,42.131929],[-70.826112,42.131887],[-70.82482,42.132089],[-70.824118,42.132811],[-70.822548,42.132336],[-70.822163,42.132963],[-70.82114,42.133208],[-70.819079,42.13295],[-70.819773,42.132087],[-70.818153,42.131475],[-70.81664,42.131582],[-70.816408,42.130696],[-70.8166,42.130093],[-70.81601,42.128563],[-70.813904,42.126956],[-70.811732,42.126651],[-70.810924,42.125409],[-70.809036,42.124424],[-70.80914,42.122737],[-70.808545,42.12235],[-70.808692,42.121651],[-70.808169,42.120978],[-70.808209,42.120186],[-70.809356,42.119736],[-70.809179,42.119277],[-70.810148,42.117965],[-70.809466,42.11716],[-70.80873,42.114663],[-70.807391,42.114794],[-70.806692,42.114475],[-70.804983,42.114409],[-70.805172,42.113853],[-70.804161,42.113268],[-70.804209,42.112596],[-70.803751,42.112125],[-70.80385,42.111486],[-70.804954,42.111182]]]}},{"type":"Feature","properties":{"area_id":"123","layer":"municipality","name":"Hanson","municipality_type":"town","county_id":"25023"},"geometry":{"type":"Polygon","coordinates":[[[-70.845529,42.092853],[-70.84564,42.092226],[-70.844246,42.090196],[-70.84266,42.088877],[-70.843897,42.077193],[-70.841778,42.071716],[-70.83822,42.063894],[-70.840012,42.061275],[-70.841009,42.060416],[-70.839059,42.059294],[-70.836746,42.059336],[-70.845831,42.055082],[-70.845368,42.0541],[-70.847145,42.051454],[-70.847117,42.048452],[-70.845659,42.046164],[-70.841066,42.044899],[-70.842247,42.043441],[-70.844774,42.042701],[-70.833456,42.019561],[-70.849222,42.015733],[-70.860165,42.016168],[-70.864435,42.020979],[-70.894519,42.026447],[-70.896879,42.019189],[-70.896619,42.023294],[-70.89765,42.024233],[-70.897419,42.02495],[-70.89973,42.025308],[-70.908108,42.061673],[-70.912965,42.084438],[-70.902401,42.085897],[-70.887554,42.087965],[-70.874946,42.089676],[-70.874331,42.088488],[-70.870011,42.087312],[-70.867686,42.088278],[-70.865345,42.090622],[-70.864512,42.090421],[-70.864304,42.089803],[-70.862188,42.08917],[-70.861281,42.089233],[-70.861101,42.089662],[-70.859658,42.09024],[-70.858825,42.091051],[-70.857481,42.091381],[-70.855486,42.092431],[-70.854977,42.093348],[-70.855138,42.094174],[-70.853573,42.095456],[-70.850642,42.094936],[-70.848351,42.096229],[-70.847402,42.096345],[-70.844987,42.095082],[-70.84335,42.09477],[-70.845529,42.092853]]]}},{"type":"Feature","properties":{"area_id":"124","layer":"municipality","name":"Hardwick","municipality_type":"town","county_id":"25027"},"geometry":{"type":"Polygon","coordinates":[[[-72.124408,42.363356],[-72.123995,42.361648],[-72.126628,42.359759],[-72.130423,42.358792],[-72.132048,42.358948],[-72.133468,42.358426],[-72.134574,42.357519],[-72.135123,42.35667],[-72.13558,42.354797],[-72.136693,42.353838],[-72.136987,42.353153],[-72.136965,42.351366],[-72.136283,42.350056],[-72.136389,42.348717],[-72.137179,42.348011],[-72.139217,42.348532],[-72.140316,42.348241],[-72.139818,42.345469],[-72.140396,42.344696],[-72.141426,42.344264],[-72.142659,42.344462],[-72.144129,42.344096],[-72.14685,42.345681],[-72.149545,42.345295],[-72.152294,42.345513],[-72.153522,42.345093],[-72.154623,42.343739],[-72.157488,42.343562],[-72.158513,42.343134],[-72.158656,42.342329],[-72.159491,42.341637],[-72.159622,42.340832],[-72.159294,42.339527],[-72.159609,42.338585],[-72.160674,42.337693],[-72.163194,42.336795],[-72.163628,42.336369],[-72.163738,42.334901],[-72.162697,42.334378],[-72.162394,42.333901],[-72.16365,42.333311],[-72.163934,42.332453],[-72.167534,42.331101],[-72.168328,42.329376],[-72.170571,42.327823],[-72.171282,42.326372],[-72.172435,42.325814],[-72.172678,42.324169],[-72.17211,42.322753],[-72.175677,42.320372],[-72.176905,42.319203],[-72.17698,42.316573],[-72.178891,42.316039],[-72.179871,42.313947],[-72.183033,42.312774],[-72.185222,42.310361],[-72.185424,42.30972],[-72.184759,42.308599],[-72.18583,42.308009],[-72.184148,42.307167],[-72.183786,42.306755],[-72.183961,42.306428],[-72.187295,42.30472],[-72.190679,42.304607],[-72.192232,42.304883],[-72.193504,42.305402],[-72.194227,42.30613],[-72.194186,42.306862],[-72.193367,42.308536],[-72.194626,42.309496],[-72.199717,42.311383],[-72.202673,42.311212],[-72.20367,42.3108],[-72.205329,42.311369],[-72.207183,42.311526],[-72.204991,42.306246],[-72.213974,42.294266],[-72.216746,42.294065],[-72.2165,42.295334],[-72.216779,42.296203],[-72.216306,42.299144],[-72.215561,42.300105],[-72.213402,42.301077],[-72.212422,42.301991],[-72.212298,42.302825],[-72.213068,42.303818],[-72.212611,42.306646],[-72.212855,42.307746],[-72.212144,42.310226],[-72.210797,42.31139],[-72.261545,42.303341],[-72.261917,42.305269],[-72.274659,42.301977],[-72.280006,42.32911],[-72.277081,42.329418],[-72.278492,42.336474],[-72.281373,42.336138],[-72.284217,42.352018],[-72.28856,42.352087],[-72.288059,42.352877],[-72.286169,42.352873],[-72.286231,42.353559],[-72.287187,42.353998],[-72.287395,42.355382],[-72.284,42.356786],[-72.284347,42.357403],[-72.285982,42.358025],[-72.285319,42.358329],[-72.284732,42.359462],[-72.284678,42.359782],[-72.285503,42.360565],[-72.285371,42.360845],[-72.284638,42.36096],[-72.284361,42.361423],[-72.285153,42.364612],[-72.285039,42.373086],[-72.284334,42.373329],[-72.284058,42.372559],[-72.282635,42.372408],[-72.282036,42.371924],[-72.28088,42.372662],[-72.279538,42.37464],[-72.280488,42.375102],[-72.280932,42.376148],[-72.280482,42.376813],[-72.281461,42.376755],[-72.281014,42.377675],[-72.281815,42.377892],[-72.281846,42.378252],[-72.281491,42.378687],[-72.280027,42.379293],[-72.278607,42.382222],[-72.27402,42.384551],[-72.273958,42.386004],[-72.272338,42.388687],[-72.272862,42.389145],[-72.2726,42.389665],[-72.270379,42.390438],[-72.269277,42.390038],[-72.268475,42.390306],[-72.267928,42.390004],[-72.267574,42.389055],[-72.266026,42.387334],[-72.264908,42.387168],[-72.264119,42.386629],[-72.258162,42.393513],[-72.244324,42.388289],[-72.242264,42.38811],[-72.240946,42.388787],[-72.241022,42.389092],[-72.240566,42.389516],[-72.237981,42.3907],[-72.237818,42.391213],[-72.238145,42.392317],[-72.239289,42.393653],[-72.238365,42.395429],[-72.236775,42.396075],[-72.236516,42.397264],[-72.23331,42.398797],[-72.231051,42.398919],[-72.229634,42.400256],[-72.21903,42.395501],[-72.205151,42.417687],[-72.123669,42.363939],[-72.124408,42.363356]]]}},{"type":"Feature","properties":{"area_id":"125","layer":"municipality","name":"Harvard","municipality_type":"town","county_id":"25027"},"geometry":{"type":"Polygon","coordinates":[[[-71.531377,42.520361],[-71.529841,42.51985],[-71.532719,42.514658],[-71.534855,42.513339],[-71.560367,42.474359],[-71.543394,42.466461],[-71.548904,42.447317],[-71.635792,42.4769],[-71.633639,42.477255],[-71.633783,42.478444],[-71.634832,42.479783],[-71.633916,42.481303],[-71.634166,42.482696],[-71.633665,42.483094],[-71.632539,42.482687],[-71.632108,42.482997],[-71.632061,42.483986],[-71.63242,42.484912],[-71.632742,42.485212],[-71.63413,42.485361],[-71.634152,42.485817],[-71.633587,42.486247],[-71.631611,42.485432],[-71.630809,42.487449],[-71.628951,42.488786],[-71.628629,42.490787],[-71.627595,42.493344],[-71.627979,42.494522],[-71.627761,42.495056],[-71.62663,42.495921],[-71.625795,42.499116],[-71.626448,42.500105],[-71.629675,42.501531],[-71.630953,42.502451],[-71.633699,42.502705],[-71.633467,42.503517],[-71.63422,42.504369],[-71.631326,42.508342],[-71.631803,42.509734],[-71.630578,42.509724],[-71.62983,42.510428],[-71.629712,42.511281],[-71.628684,42.510576],[-71.627965,42.510717],[-71.627995,42.511521],[-71.627306,42.512845],[-71.629741,42.513669],[-71.629133,42.515103],[-71.629616,42.515854],[-71.632188,42.516184],[-71.632275,42.516635],[-71.631825,42.517002],[-71.630812,42.517089],[-71.630139,42.517572],[-71.630152,42.518843],[-71.631901,42.519121],[-71.632915,42.520126],[-71.634088,42.522119],[-71.635154,42.522874],[-71.636145,42.523106],[-71.63587,42.524033],[-71.63674,42.525841],[-71.638758,42.528348],[-71.639207,42.530966],[-71.636367,42.53351],[-71.636468,42.536308],[-71.635886,42.54001],[-71.633707,42.541088],[-71.631807,42.5448],[-71.629913,42.546142],[-71.628189,42.548241],[-71.62521,42.550075],[-71.619928,42.552511],[-71.607863,42.545388],[-71.602291,42.545213],[-71.594643,42.543379],[-71.591149,42.544504],[-71.58856,42.546304],[-71.580287,42.550476],[-71.53878,42.543039],[-71.531377,42.520361]]]}},{"type":"Feature","properties":{"area_id":"126","layer":"municipality","name":"Harwich","municipality_type":"town","county_id":"25001"},"geometry":{"type":"Polygon","coordinates":[[[-69.993436,41.71227],[-69.996582,41.710847],[-69.99855,41.709445],[-69.99927,41.708565],[-70.001482,41.707359],[-70.003912,41.705126],[-70.004987,41.704836],[-70.005963,41.703612],[-70.007362,41.702995],[-70.008613,41.702888],[-70.013311,41.699945],[-70.014998,41.700481],[-70.018649,41.699645],[-70.023718,41.700517],[-70.027288,41.699882],[-70.031868,41.678442],[-70.033329,41.676636],[-70.034456,41.676253],[-70.036215,41.673435],[-70.036965,41.672941],[-70.037213,41.671997],[-70.038224,41.671015],[-70.038364,41.670314],[-70.038025,41.670164],[-70.038229,41.669762],[-70.037978,41.668884],[-70.037977,41.668026],[-70.037437,41.667634],[-70.038254,41.667019],[-70.040431,41.667376],[-70.043898,41.667209],[-70.045739,41.666759],[-70.047748,41.665605],[-70.050439,41.665545],[-70.052922,41.664794],[-70.058587,41.665018],[-70.063861,41.66423],[-70.065156,41.663494],[-70.065006,41.661845],[-70.065424,41.661412],[-70.069046,41.662747],[-70.073286,41.663595],[-70.07763,41.663906],[-70.07985,41.663479],[-70.08181,41.66353],[-70.087683,41.662777],[-70.089456,41.661786],[-70.089634,41.661032],[-70.090251,41.660684],[-70.094235,41.661447],[-70.096326,41.661478],[-70.103985,41.659798],[-70.106859,41.659495],[-70.110121,41.658214],[-70.114277,41.657613],[-70.115023,41.657058],[-70.115108,41.655945],[-70.115575,41.655361],[-70.117548,41.655231],[-70.133851,41.706166],[-70.096371,41.716009],[-70.094051,41.72451],[-70.08622,41.726253],[-70.081882,41.725116],[-70.075507,41.72184],[-70.070801,41.723117],[-70.066818,41.723335],[-70.063902,41.723151],[-70.057022,41.721899],[-70.052808,41.721579],[-70.049809,41.721807],[-70.043806,41.723554],[-70.04322,41.723801],[-70.043359,41.725127],[-70.040825,41.725108],[-70.038447,41.726786],[-70.03595,41.726395],[-70.034613,41.725762],[-70.032801,41.724067],[-70.031512,41.723834],[-70.030291,41.724442],[-70.0282,41.724427],[-70.026569,41.725636],[-70.026914,41.726808],[-70.02444,41.727768],[-69.991781,41.72894],[-69.99201,41.727342],[-69.994183,41.723638],[-69.994521,41.720831],[-69.995462,41.719564],[-69.995679,41.718263],[-69.99649,41.718058],[-69.996688,41.717578],[-69.996109,41.716031],[-69.996176,41.714714],[-69.995385,41.713606],[-69.99422,41.712996],[-69.993153,41.713625],[-69.993436,41.71227]]]}},{"type":"Feature","properties":{"area_id":"127","layer":"municipality","name":"Hatfield","municipality_type":"town","county_id":"25015"},"geometry":{"type":"Polygon","coordinates":[[[-72.577917,42.413937],[-72.576459,42.411534],[-72.575328,42.408382],[-72.574768,42.405101],[-72.575204,42.401387],[-72.575652,42.399856],[-72.57628,42.399006],[-72.578382,42.397548],[-72.580694,42.397313],[-72.584713,42.399009],[-72.587677,42.399033],[-72.588888,42.398681],[-72.590332,42.396576],[-72.59019,42.395741],[-72.586992,42.391596],[-72.586177,42.389857],[-72.58639,42.388909],[-72.587662,42.387146],[-72.58958,42.382607],[-72.591379,42.377062],[-72.591767,42.374857],[-72.591211,42.370663],[-72.588295,42.364478],[-72.587482,42.36124],[-72.587631,42.358183],[-72.589152,42.354548],[-72.591376,42.352374],[-72.59324,42.351321],[-72.595937,42.3505],[-72.601155,42.349659],[-72.607338,42.349629],[-72.618364,42.350598],[-72.625965,42.35169],[-72.628244,42.351755],[-72.633959,42.351153],[-72.636191,42.355929],[-72.635219,42.356068],[-72.640266,42.375263],[-72.672127,42.371362],[-72.669138,42.409721],[-72.629086,42.41432],[-72.629148,42.414881],[-72.622328,42.415114],[-72.585585,42.423152],[-72.581103,42.422584],[-72.577917,42.413937]]]}},{"type":"Feature","properties":{"area_id":"128","layer":"municipality","name":"Haverhill","municipality_type":"city","county_id":"25009"},"geometry":{"type":"Polygon","coordinates":[[[-70.998772,42.809008],[-70.998603,42.807539],[-70.999835,42.805049],[-71.003522,42.801027],[-71.013257,42.796017],[-71.01799,42.792439],[-71.019595,42.790091],[-71.020192,42.787304],[-71.020382,42.784305],[-71.021905,42.779642],[-71.024629,42.775208],[-71.030065,42.769226],[-71.037966,42.758954],[-71.040038,42.75772],[-71.042568,42.757051],[-71.041779,42.754671],[-71.042751,42.754347],[-71.044097,42.753223],[-71.044525,42.749043],[-71.048342,42.746154],[-71.052851,42.739896],[-71.058117,42.734219],[-71.058884,42.732472],[-71.072095,42.732681],[-71.074069,42.734503],[-71.081891,42.736695],[-71.088065,42.736154],[-71.090079,42.736978],[-71.092468,42.737009],[-71.097835,42.735229],[-71.108632,42.73529],[-71.115579,42.741112],[-71.115626,42.74224],[-71.116442,42.744247],[-71.118263,42.746331],[-71.12139,42.749554],[-71.125126,42.751663],[-71.126213,42.752735],[-71.129779,42.758014],[-71.130566,42.76076],[-71.182399,42.794338],[-71.166648,42.80889],[-71.148039,42.816149],[-71.132806,42.821485],[-71.064413,42.806283],[-71.053994,42.833285],[-70.999604,42.810549],[-70.998772,42.809008]]]}},{"type":"Feature","properties":{"area_id":"129","layer":"municipality","name":"Hawley","municipality_type":"town","county_id":"25011"},"geometry":{"type":"Polygon","coordinates":[[[-72.848455,42.559077],[-72.877028,42.555434],[-72.876851,42.541206],[-72.975411,42.556046],[-72.954602,42.628664],[-72.929659,42.623722],[-72.833425,42.611188],[-72.848455,42.559077]]]}},{"type":"Feature","properties":{"area_id":"130","layer":"municipality","name":"Heath","municipality_type":"town","county_id":"25011"},"geometry":{"type":"Polygon","coordinates":[[[-72.772649,42.658343],[-72.821508,42.636887],[-72.835708,42.635079],[-72.836203,42.637798],[-72.842794,42.638107],[-72.842275,42.646624],[-72.851208,42.647154],[-72.854216,42.66466],[-72.855427,42.664624],[-72.857655,42.67398],[-72.859582,42.683085],[-72.854035,42.683215],[-72.864298,42.737745],[-72.791088,42.736055],[-72.772649,42.658343]]]}},{"type":"Feature","properties":{"area_id":"131","layer":"municipality","name":"Hingham","municipality_type":"town","county_id":"25023"},"geometry":{"type":"Polygon","coordinates":[[[-70.847313,42.254073],[-70.848881,42.252328],[-70.84892,42.251778],[-70.84827,42.250544],[-70.848212,42.248824],[-70.848449,42.248089],[-70.849284,42.247335],[-70.841242,42.244555],[-70.841153,42.243355],[-70.853381,42.239615],[-70.8408,42.213126],[-70.827,42.200801],[-70.838865,42.194815],[-70.852166,42.19047],[-70.870505,42.182359],[-70.890292,42.171745],[-70.893517,42.169823],[-70.924878,42.157589],[-70.914733,42.225205],[-70.915945,42.225816],[-70.917724,42.225968],[-70.918052,42.225652],[-70.918916,42.226369],[-70.921099,42.225903],[-70.92211,42.226406],[-70.921949,42.225972],[-70.922546,42.225651],[-70.923528,42.226184],[-70.923651,42.227961],[-70.922288,42.228404],[-70.921434,42.230163],[-70.922102,42.231015],[-70.921688,42.231872],[-70.922327,42.233347],[-70.921835,42.234491],[-70.922354,42.23538],[-70.92192,42.235872],[-70.921025,42.236003],[-70.920534,42.236431],[-70.920392,42.23737],[-70.919632,42.238263],[-70.919712,42.238567],[-70.92128,42.239023],[-70.92196,42.238667],[-70.922431,42.237709],[-70.923993,42.237637],[-70.926225,42.238443],[-70.92649,42.239345],[-70.926137,42.23955],[-70.92633,42.240884],[-70.925983,42.243118],[-70.92634,42.243504],[-70.926911,42.243534],[-70.927497,42.243355],[-70.927796,42.242611],[-70.92809,42.242908],[-70.928601,42.242667],[-70.928737,42.242952],[-70.929477,42.242838],[-70.930286,42.243722],[-70.931061,42.24516],[-70.930669,42.245315],[-70.930756,42.24656],[-70.930454,42.246375],[-70.930163,42.246693],[-70.930808,42.247283],[-70.929686,42.247731],[-70.929496,42.248489],[-70.931401,42.25062],[-70.931719,42.251472],[-70.931017,42.251987],[-70.930127,42.251717],[-70.929131,42.251805],[-70.928758,42.25226],[-70.92832,42.252074],[-70.927011,42.250407],[-70.92792,42.248964],[-70.927862,42.248272],[-70.927357,42.248132],[-70.926561,42.248838],[-70.926569,42.249558],[-70.925961,42.250048],[-70.925831,42.250931],[-70.925252,42.250867],[-70.924886,42.250159],[-70.925077,42.249899],[-70.924494,42.250157],[-70.92473,42.251375],[-70.9239,42.252313],[-70.920062,42.253079],[-70.919762,42.253568],[-70.91889,42.25392],[-70.915113,42.253865],[-70.914931,42.25439],[-70.914634,42.254229],[-70.914263,42.254513],[-70.913198,42.257387],[-70.913673,42.257747],[-70.914375,42.257579],[-70.914399,42.257255],[-70.915332,42.257154],[-70.916065,42.257569],[-70.915278,42.257441],[-70.914827,42.258142],[-70.914733,42.259111],[-70.914118,42.25991],[-70.914445,42.261048],[-70.913596,42.261758],[-70.913719,42.262093],[-70.909376,42.261295],[-70.908445,42.261537],[-70.907254,42.262577],[-70.905794,42.262641],[-70.903246,42.262352],[-70.899868,42.261441],[-70.895994,42.262784],[-70.893308,42.26254],[-70.893032,42.262303],[-70.893623,42.260812],[-70.895488,42.259722],[-70.896372,42.258515],[-70.896399,42.258015],[-70.895708,42.257341],[-70.895598,42.256767],[-70.89671,42.256621],[-70.896679,42.255875],[-70.891898,42.253029],[-70.891443,42.252065],[-70.890212,42.251232],[-70.891734,42.25101],[-70.890355,42.249588],[-70.88772,42.248287],[-70.886671,42.246698],[-70.884824,42.246165],[-70.883879,42.245523],[-70.882875,42.246123],[-70.882876,42.246576],[-70.882501,42.246593],[-70.882316,42.246213],[-70.880895,42.246703],[-70.88123,42.247075],[-70.88101,42.247296],[-70.880512,42.246878],[-70.879598,42.247417],[-70.879835,42.248213],[-70.87923,42.247857],[-70.878431,42.248337],[-70.8785,42.248701],[-70.877794,42.249543],[-70.877513,42.251041],[-70.877045,42.251423],[-70.876214,42.250992],[-70.876072,42.251457],[-70.875288,42.252035],[-70.876892,42.253345],[-70.875595,42.25656],[-70.87516,42.25707],[-70.874467,42.257032],[-70.873485,42.2575],[-70.874307,42.258059],[-70.87515,42.257863],[-70.878292,42.258829],[-70.879387,42.260018],[-70.879476,42.26109],[-70.878913,42.262334],[-70.880284,42.26518],[-70.880028,42.265813],[-70.878967,42.266798],[-70.878929,42.267564],[-70.881875,42.268367],[-70.884503,42.270629],[-70.883301,42.272206],[-70.882809,42.27343],[-70.881843,42.273904],[-70.880959,42.274175],[-70.879174,42.274041],[-70.876803,42.272287],[-70.876714,42.271435],[-70.877697,42.270649],[-70.876684,42.269211],[-70.876587,42.268404],[-70.877149,42.267881],[-70.878061,42.26767],[-70.878009,42.267135],[-70.877524,42.266704],[-70.876077,42.266386],[-70.873026,42.264751],[-70.872395,42.266056],[-70.871447,42.265905],[-70.870332,42.267331],[-70.869612,42.267479],[-70.868527,42.266765],[-70.868653,42.267057],[-70.868376,42.266969],[-70.867944,42.265956],[-70.868255,42.264351],[-70.867985,42.263968],[-70.86862,42.263787],[-70.868972,42.263078],[-70.868812,42.262718],[-70.868129,42.262666],[-70.868176,42.261128],[-70.868524,42.260248],[-70.867656,42.259839],[-70.868328,42.259302],[-70.867618,42.259376],[-70.868443,42.258796],[-70.86847,42.257732],[-70.868744,42.257438],[-70.868107,42.25734],[-70.867231,42.256531],[-70.866598,42.256751],[-70.866676,42.257556],[-70.865394,42.259083],[-70.864601,42.258967],[-70.864425,42.257858],[-70.863633,42.258755],[-70.863228,42.258482],[-70.862467,42.258756],[-70.861697,42.258584],[-70.861413,42.258026],[-70.860678,42.257785],[-70.858822,42.258497],[-70.857396,42.258199],[-70.855981,42.257075],[-70.855511,42.257764],[-70.854167,42.257806],[-70.853257,42.258752],[-70.851585,42.25904],[-70.85034,42.258947],[-70.849945,42.25841],[-70.848585,42.258507],[-70.848442,42.258052],[-70.847173,42.259011],[-70.847137,42.259588],[-70.846624,42.259684],[-70.846391,42.259376],[-70.846207,42.259799],[-70.845631,42.259772],[-70.845398,42.260218],[-70.844662,42.260326],[-70.847313,42.254073]]]}},{"type":"Feature","properties":{"area_id":"132","layer":"municipality","name":"Hinsdale","municipality_type":"town","county_id":"25003"},"geometry":{"type":"Polygon","coordinates":[[[-73.071431,42.46804],[-73.073162,42.468413],[-73.079535,42.447323],[-73.077146,42.44717],[-73.07743,42.445959],[-73.076096,42.445912],[-73.080446,42.432707],[-73.07926,42.432198],[-73.079228,42.431594],[-73.077846,42.430334],[-73.076926,42.430031],[-73.077593,42.429281],[-73.076597,42.428566],[-73.077113,42.427831],[-73.076046,42.427194],[-73.075939,42.426465],[-73.076522,42.426142],[-73.077201,42.426269],[-73.077851,42.425378],[-73.079534,42.424224],[-73.081299,42.424041],[-73.081854,42.424529],[-73.081486,42.425158],[-73.082817,42.425173],[-73.083531,42.424034],[-73.080689,42.422643],[-73.07955,42.422459],[-73.078759,42.4206],[-73.081615,42.409375],[-73.084431,42.409853],[-73.091435,42.384792],[-73.14079,42.393118],[-73.135632,42.411959],[-73.16919,42.412762],[-73.15733,42.453517],[-73.124393,42.452637],[-73.115171,42.487799],[-73.067947,42.480124],[-73.071431,42.46804]]]}},{"type":"Feature","properties":{"area_id":"133","layer":"municipality","name":"Holbrook","municipality_type":"town","county_id":"25021"},"geometry":{"type":"Polygon","coordinates":[[[-71.002153,42.127313],[-71.001975,42.126535],[-71.021859,42.118753],[-71.026954,42.123743],[-71.027584,42.127729],[-71.02721,42.132948],[-71.035091,42.135646],[-71.027548,42.156333],[-71.021995,42.169014],[-71.006338,42.168311],[-70.976478,42.168333],[-70.981268,42.135521],[-71.002153,42.127313]]]}},{"type":"Feature","properties":{"area_id":"134","layer":"municipality","name":"Holden","municipality_type":"town","county_id":"25027"},"geometry":{"type":"Polygon","coordinates":[[[-71.824163,42.404863],[-71.802043,42.331354],[-71.875388,42.286553],[-71.882155,42.291964],[-71.8796,42.293695],[-71.879547,42.295887],[-71.879114,42.297592],[-71.880517,42.298206],[-71.881661,42.297567],[-71.891453,42.295754],[-71.900359,42.31339],[-71.901009,42.313362],[-71.911219,42.333309],[-71.903505,42.335678],[-71.905838,42.340517],[-71.901722,42.341673],[-71.905408,42.349437],[-71.918769,42.347992],[-71.928861,42.368212],[-71.887762,42.394959],[-71.831746,42.431835],[-71.817768,42.403963],[-71.824163,42.404863]]]}},{"type":"Feature","properties":{"area_id":"135","layer":"municipality","name":"Holland","municipality_type":"town","county_id":"25013"},"geometry":{"type":"Polygon","coordinates":[[[-72.135716,42.030231],[-72.143152,42.030531],[-72.198829,42.03103],[-72.198749,42.031418],[-72.199331,42.032031],[-72.198396,42.035328],[-72.201655,42.039499],[-72.201806,42.041986],[-72.20119,42.044409],[-72.197221,42.047408],[-72.196545,42.048685],[-72.196345,42.050483],[-72.198579,42.052743],[-72.1993,42.054218],[-72.199256,42.056516],[-72.198831,42.057922],[-72.197376,42.060373],[-72.196541,42.063465],[-72.195357,42.065116],[-72.193658,42.066692],[-72.193746,42.068265],[-72.192751,42.077075],[-72.193753,42.081552],[-72.192776,42.081929],[-72.191891,42.084897],[-72.193051,42.088027],[-72.192675,42.091553],[-72.135113,42.090674],[-72.135716,42.030231]]]}},{"type":"Feature","properties":{"area_id":"136","layer":"municipality","name":"Holliston","municipality_type":"town","county_id":"25017"},"geometry":{"type":"Polygon","coordinates":[[[-71.404427,42.188442],[-71.402294,42.178803],[-71.42355,42.17814],[-71.423731,42.179262],[-71.430171,42.17939],[-71.444015,42.174929],[-71.464005,42.158208],[-71.472745,42.156883],[-71.47812,42.156791],[-71.478028,42.165879],[-71.493137,42.166218],[-71.497379,42.166652],[-71.502631,42.191422],[-71.496336,42.195066],[-71.482346,42.204044],[-71.460273,42.21626],[-71.463922,42.226727],[-71.467111,42.230782],[-71.420076,42.238133],[-71.41726,42.237897],[-71.416491,42.236687],[-71.413363,42.234566],[-71.413391,42.232574],[-71.412664,42.231023],[-71.413046,42.229648],[-71.412538,42.22818],[-71.411305,42.227074],[-71.410075,42.226567],[-71.409049,42.224584],[-71.409681,42.224023],[-71.408954,42.222967],[-71.408615,42.221123],[-71.410072,42.21986],[-71.410022,42.218757],[-71.408257,42.218453],[-71.407962,42.217664],[-71.40734,42.218175],[-71.401954,42.215428],[-71.403709,42.21487],[-71.403589,42.214301],[-71.402228,42.21314],[-71.400913,42.212764],[-71.400231,42.211813],[-71.398796,42.211323],[-71.39753,42.210311],[-71.397311,42.208752],[-71.397028,42.208576],[-71.397342,42.207898],[-71.393924,42.207098],[-71.391707,42.209751],[-71.38849,42.208014],[-71.388207,42.204312],[-71.380182,42.201767],[-71.38475,42.192026],[-71.404427,42.188442]]]}},{"type":"Feature","properties":{"area_id":"137","layer":"municipality","name":"Holyoke","municipality_type":"city","county_id":"25013"},"geometry":{"type":"Polygon","coordinates":[[[-72.605057,42.28441],[-72.60121,42.281268],[-72.600377,42.277401],[-72.599365,42.275345],[-72.598841,42.270676],[-72.599075,42.267727],[-72.60028,42.26532],[-72.607783,42.260589],[-72.611249,42.257259],[-72.61801,42.248379],[-72.623985,42.235934],[-72.623658,42.231665],[-72.622465,42.230221],[-72.615128,42.226818],[-72.613565,42.225591],[-72.61196,42.22362],[-72.61075,42.219429],[-72.61008,42.218198],[-72.60704,42.215605],[-72.603804,42.213876],[-72.600527,42.212754],[-72.596134,42.211783],[-72.59345,42.211566],[-72.591371,42.209087],[-72.590217,42.205086],[-72.590379,42.203446],[-72.591977,42.200868],[-72.594772,42.198791],[-72.60199,42.194566],[-72.60619,42.191365],[-72.608717,42.190209],[-72.622041,42.185646],[-72.623311,42.184943],[-72.625054,42.183029],[-72.627063,42.178616],[-72.628511,42.17191],[-72.628611,42.166236],[-72.627344,42.162041],[-72.684892,42.162946],[-72.686862,42.183399],[-72.686267,42.189056],[-72.690516,42.213085],[-72.670034,42.216513],[-72.667771,42.225465],[-72.656538,42.227748],[-72.634587,42.273952],[-72.613149,42.286267],[-72.612008,42.285582],[-72.60995,42.285233],[-72.605057,42.28441]]]}},{"type":"Feature","properties":{"area_id":"138","layer":"municipality","name":"Hopedale","municipality_type":"town","county_id":"25027"},"geometry":{"type":"Polygon","coordinates":[[[-71.501629,42.11611],[-71.50103,42.11524],[-71.501554,42.114592],[-71.501105,42.113651],[-71.501236,42.113338],[-71.500384,42.112704],[-71.501385,42.111582],[-71.501965,42.111666],[-71.503079,42.110293],[-71.50291,42.109437],[-71.502293,42.109346],[-71.502424,42.108872],[-71.500721,42.107744],[-71.500618,42.107312],[-71.501385,42.106775],[-71.501348,42.10626],[-71.499685,42.103494],[-71.507787,42.102421],[-71.516894,42.099523],[-71.518747,42.099413],[-71.52164,42.100054],[-71.524108,42.101808],[-71.528705,42.103666],[-71.535492,42.110815],[-71.536522,42.112579],[-71.541828,42.118434],[-71.544656,42.120559],[-71.550045,42.122689],[-71.552289,42.126038],[-71.553903,42.127741],[-71.55602,42.128635],[-71.557898,42.130093],[-71.559675,42.132152],[-71.561023,42.133057],[-71.569339,42.142646],[-71.571592,42.142376],[-71.571403,42.151854],[-71.560955,42.158323],[-71.560879,42.155537],[-71.561214,42.15531],[-71.562084,42.15545],[-71.562345,42.154623],[-71.563267,42.153812],[-71.56322,42.153385],[-71.539303,42.138368],[-71.538153,42.138051],[-71.519239,42.1242],[-71.509844,42.123932],[-71.507127,42.121302],[-71.507263,42.120315],[-71.506012,42.118757],[-71.505633,42.118766],[-71.505289,42.118284],[-71.503662,42.118158],[-71.502797,42.11742],[-71.50162,42.117444],[-71.501413,42.116673],[-71.501629,42.11611]]]}},{"type":"Feature","properties":{"area_id":"139","layer":"municipality","name":"Hopkinton","municipality_type":"town","county_id":"25017"},"geometry":{"type":"Polygon","coordinates":[[[-71.548046,42.266022],[-71.547958,42.265548],[-71.54729,42.265652],[-71.546909,42.26527],[-71.545862,42.265238],[-71.545831,42.26471],[-71.544688,42.264452],[-71.544771,42.264762],[-71.544198,42.264831],[-71.543983,42.26457],[-71.544307,42.26445],[-71.543668,42.263939],[-71.541753,42.264004],[-71.540971,42.263211],[-71.539633,42.262802],[-71.538132,42.264522],[-71.534855,42.264986],[-71.532145,42.266156],[-71.527996,42.266533],[-71.524702,42.265889],[-71.522178,42.266463],[-71.522758,42.255216],[-71.486002,42.246969],[-71.486298,42.23126],[-71.475353,42.229493],[-71.467111,42.230782],[-71.463922,42.226727],[-71.460273,42.21626],[-71.482346,42.204044],[-71.496336,42.195066],[-71.502631,42.191422],[-71.506895,42.188936],[-71.539499,42.189743],[-71.555738,42.182512],[-71.555996,42.182691],[-71.555132,42.18424],[-71.555181,42.184943],[-71.555509,42.184788],[-71.555486,42.185414],[-71.556263,42.185955],[-71.557056,42.185782],[-71.556448,42.186622],[-71.556204,42.187879],[-71.556673,42.188106],[-71.556093,42.188332],[-71.556233,42.188672],[-71.555849,42.188863],[-71.556244,42.191829],[-71.556782,42.192459],[-71.572175,42.19273],[-71.571433,42.194669],[-71.582911,42.195568],[-71.602222,42.21811],[-71.599319,42.225968],[-71.58676,42.259554],[-71.562195,42.26766],[-71.560585,42.267872],[-71.559781,42.26759],[-71.558582,42.267876],[-71.558335,42.2674],[-71.557879,42.267409],[-71.556585,42.268142],[-71.555464,42.267842],[-71.555285,42.267469],[-71.554499,42.267893],[-71.552511,42.267506],[-71.55173,42.266335],[-71.550116,42.266032],[-71.548046,42.266022]]]}},{"type":"Feature","properties":{"area_id":"140","layer":"municipality","name":"Hubbardston","municipality_type":"town","county_id":"25027"},"geometry":{"type":"Polygon","coordinates":[[[-71.919836,42.491456],[-71.933192,42.482932],[-71.920256,42.474546],[-71.965443,42.446616],[-72.007386,42.421039],[-72.099689,42.484532],[-72.082039,42.495631],[-72.001378,42.546619],[-71.979687,42.532319],[-71.919836,42.491456]]]}},{"type":"Feature","properties":{"area_id":"141","layer":"municipality","name":"Hudson","municipality_type":"town","county_id":"25017"},"geometry":{"type":"Polygon","coordinates":[[[-71.475506,42.380641],[-71.603066,42.367276],[-71.607738,42.370013],[-71.580286,42.386898],[-71.604252,42.397712],[-71.585261,42.407106],[-71.559101,42.411952],[-71.528051,42.401533],[-71.526823,42.396075],[-71.517925,42.398163],[-71.510806,42.397533],[-71.503528,42.397488],[-71.50247,42.397233],[-71.502448,42.396216],[-71.500453,42.39543],[-71.492978,42.396408],[-71.491434,42.395302],[-71.490886,42.395238],[-71.48992,42.396341],[-71.48695,42.396033],[-71.487739,42.394977],[-71.486117,42.39328],[-71.472672,42.390027],[-71.475506,42.380641]]]}},{"type":"Feature","properties":{"area_id":"142","layer":"municipality","name":"Hull","municipality_type":"town","county_id":"25023"},"geometry":{"type":"MultiPolygon","coordinates":[[[[-70.893063,42.278666],[-70.895799,42.279745],[-70.897226,42.279546],[-70.902225,42.280193],[-70.90327,42.280712],[-70.903479,42.281145],[-70.903004,42.281782],[-70.901925,42.282373],[-70.900367,42.282472],[-70.89647,42.281354],[-70.895095,42.279918],[-70.893063,42.278666]]],[[[-70.893844,42.300943],[-70.892885,42.300639],[-70.89099,42.301262],[-70.892054,42.300433],[-70.893313,42.300301],[-70.893694,42.299832],[-70.896016,42.299474],[-70.897551,42.300468],[-70.897573,42.301904],[-70.89696,42.301902],[-70.896169,42.301148],[-70.894411,42.300598],[-70.893844,42.300943]]],[[[-70.938572,42.289588],[-70.939508,42.288145],[-70.939488,42.287207],[-70.93807,42.286014],[-70.937288,42.284849],[-70.937902,42.284525],[-70.939433,42.285875],[-70.940188,42.288084],[-70.941019,42.289011],[-70.943217,42.289268],[-70.944613,42.288878],[-70.945895,42.288277],[-70.946279,42.287445],[-70.946996,42.286847],[-70.948373,42.286455],[-70.949333,42.287762],[-70.950289,42.290215],[-70.948182,42.29166],[-70.943727,42.290776],[-70.937127,42.294053],[-70.935595,42.295803],[-70.934992,42.297473],[-70.935757,42.300832],[-70.934187,42.302304],[-70.932556,42.302883],[-70.929938,42.303149],[-70.927963,42.302795],[-70.926886,42.302123],[-70.926525,42.301489],[-70.926886,42.299216],[-70.929694,42.297061],[-70.933113,42.296286],[-70.934289,42.295586],[-70.935433,42.293638],[-70.936058,42.290855],[-70.938572,42.289588]]],[[[-70.827075,42.264362],[-70.83557,42.264902],[-70.838955,42.263205],[-70.840519,42.261107],[-70.842582,42.260542],[-70.844565,42.260531],[-70.845463,42.260608],[-70.846044,42.260128],[-70.847449,42.25997],[-70.847672,42.25916],[-70.848394,42.258715],[-70.849248,42.259066],[-70.852351,42.259363],[-70.852774,42.259826],[-70.85395,42.259609],[-70.853863,42.260093],[-70.854408,42.260981],[-70.855384,42.260811],[-70.855815,42.259429],[-70.856839,42.259079],[-70.857414,42.25976],[-70.858451,42.259199],[-70.857979,42.259819],[-70.858867,42.26018],[-70.858909,42.260453],[-70.859547,42.260326],[-70.859581,42.259895],[-70.861217,42.259916],[-70.862663,42.25959],[-70.863234,42.259119],[-70.863571,42.259719],[-70.865462,42.260127],[-70.865068,42.260669],[-70.865309,42.260927],[-70.866533,42.260916],[-70.866673,42.26131],[-70.866177,42.261789],[-70.866725,42.262125],[-70.867532,42.262069],[-70.867526,42.262916],[-70.865993,42.264018],[-70.864021,42.264731],[-70.863827,42.265229],[-70.864517,42.265422],[-70.864678,42.266003],[-70.863549,42.266273],[-70.862392,42.265734],[-70.860423,42.266168],[-70.859047,42.266106],[-70.858687,42.265023],[-70.858866,42.2645],[-70.858176,42.264452],[-70.856721,42.265678],[-70.856799,42.266024],[-70.855903,42.266551],[-70.855571,42.267479],[-70.855718,42.268404],[-70.856355,42.269436],[-70.856746,42.269309],[-70.857291,42.269782],[-70.859534,42.269316],[-70.858329,42.269857],[-70.85798,42.270354],[-70.858668,42.271089],[-70.860506,42.272034],[-70.862401,42.271903],[-70.863457,42.271444],[-70.863723,42.271139],[-70.863538,42.270849],[-70.861816,42.270066],[-70.864105,42.268974],[-70.866337,42.269182],[-70.868307,42.270651],[-70.86898,42.270765],[-70.868524,42.270994],[-70.868587,42.271331],[-70.868191,42.271141],[-70.866918,42.271733],[-70.866229,42.274028],[-70.86457,42.275182],[-70.864824,42.276034],[-70.865776,42.276791],[-70.867915,42.276862],[-70.870687,42.276487],[-70.872898,42.275914],[-70.873559,42.27542],[-70.873369,42.275031],[-70.873582,42.274966],[-70.875048,42.275852],[-70.880858,42.276599],[-70.882249,42.276524],[-70.884039,42.275746],[-70.889523,42.276601],[-70.888954,42.277166],[-70.887339,42.277591],[-70.883936,42.277239],[-70.881829,42.277683],[-70.879063,42.277685],[-70.878106,42.278233],[-70.877994,42.279011],[-70.877394,42.279836],[-70.878221,42.281142],[-70.87889,42.28149],[-70.880377,42.281537],[-70.879811,42.282303],[-70.880305,42.281924],[-70.880758,42.282673],[-70.881365,42.282878],[-70.881408,42.284166],[-70.88095,42.285624],[-70.881209,42.287099],[-70.88305,42.288628],[-70.883622,42.290529],[-70.883402,42.290757],[-70.883881,42.290896],[-70.884086,42.291998],[-70.885012,42.292678],[-70.886858,42.293282],[-70.887503,42.294275],[-70.887474,42.294703],[-70.887039,42.294801],[-70.887124,42.295427],[-70.886654,42.296595],[-70.886612,42.300152],[-70.88577,42.301636],[-70.885192,42.303775],[-70.885892,42.304828],[-70.888646,42.305338],[-70.890638,42.307104],[-70.891617,42.306492],[-70.893555,42.306438],[-70.895469,42.305384],[-70.898536,42.305361],[-70.899362,42.304676],[-70.899172,42.303781],[-70.899966,42.303908],[-70.901948,42.302972],[-70.904856,42.302281],[-70.906552,42.300499],[-70.90784,42.300505],[-70.911145,42.299775],[-70.913344,42.301174],[-70.915744,42.303835],[-70.9182,42.304191],[-70.920536,42.302892],[-70.921931,42.302661],[-70.922754,42.303153],[-70.922779,42.304308],[-70.920137,42.305521],[-70.919378,42.306447],[-70.918849,42.306531],[-70.918953,42.306233],[-70.918158,42.305823],[-70.91672,42.305981],[-70.913711,42.305679],[-70.912223,42.306234],[-70.910309,42.30754],[-70.907838,42.308038],[-70.90523,42.307986],[-70.896004,42.305988],[-70.894692,42.30646],[-70.891536,42.30967],[-70.890716,42.309777],[-70.890079,42.310256],[-70.886002,42.310279],[-70.885365,42.311185],[-70.88239,42.310341],[-70.881818,42.30986],[-70.881509,42.308275],[-70.881632,42.307618],[-70.882404,42.307951],[-70.882593,42.307768],[-70.882771,42.306543],[-70.880371,42.300971],[-70.868754,42.284417],[-70.862894,42.277498],[-70.858563,42.273773],[-70.852581,42.269445],[-70.850717,42.268417],[-70.848771,42.268507],[-70.848482,42.269132],[-70.847701,42.269336],[-70.847345,42.269176],[-70.847775,42.268867],[-70.847524,42.268632],[-70.844654,42.268386],[-70.844177,42.268258],[-70.844129,42.267953],[-70.843782,42.268096],[-70.843375,42.2677],[-70.842736,42.267789],[-70.842317,42.267474],[-70.839845,42.267934],[-70.839357,42.268349],[-70.83971,42.26895],[-70.839067,42.269242],[-70.83863,42.268655],[-70.837106,42.268575],[-70.837394,42.268225],[-70.836882,42.267716],[-70.83292,42.266748],[-70.83232,42.266875],[-70.831289,42.268073],[-70.830617,42.268214],[-70.830487,42.267934],[-70.829202,42.267907],[-70.827746,42.267039],[-70.82628,42.265837],[-70.825639,42.264642],[-70.827075,42.264362]]],[[[-70.893772,42.334521],[-70.895108,42.333202],[-70.895941,42.331372],[-70.896078,42.330279],[-70.897858,42.330357],[-70.902504,42.328768],[-70.904944,42.328378],[-70.906697,42.328407],[-70.908807,42.329009],[-70.909555,42.328641],[-70.910712,42.327297],[-70.913189,42.326423],[-70.913045,42.326232],[-70.915259,42.326049],[-70.915918,42.325399],[-70.916324,42.325492],[-70.915988,42.326001],[-70.913982,42.32627],[-70.910784,42.3275],[-70.909319,42.329147],[-70.908199,42.32924],[-70.90609,42.328485],[-70.903313,42.328768],[-70.901466,42.329386],[-70.89776,42.3318],[-70.896995,42.33276],[-70.896792,42.33429],[-70.89524,42.334977],[-70.894067,42.335033],[-70.893772,42.334521]]],[[[-70.884979,42.339339],[-70.886878,42.338468],[-70.891647,42.338362],[-70.891193,42.33859],[-70.891636,42.338812],[-70.890685,42.338893],[-70.890435,42.339206],[-70.887138,42.339852],[-70.886396,42.339626],[-70.884979,42.339339]]],[[[-70.876067,42.342498],[-70.875884,42.343288],[-70.874816,42.342999],[-70.874783,42.342395],[-70.87597,42.341972],[-70.876612,42.341185],[-70.876914,42.341489],[-70.87773,42.341068],[-70.881751,42.341161],[-70.87996,42.34234],[-70.877761,42.342438],[-70.877353,42.343138],[-70.876474,42.343171],[-70.876067,42.342498]]],[[[-70.895385,42.342615],[-70.894862,42.342432],[-70.895078,42.341764],[-70.894719,42.34052],[-70.894844,42.340053],[-70.895523,42.339757],[-70.895308,42.338833],[-70.896167,42.338645],[-70.896724,42.338746],[-70.896834,42.339188],[-70.897698,42.339644],[-70.897626,42.34007],[-70.898464,42.340156],[-70.897164,42.340592],[-70.896915,42.341234],[-70.897314,42.342674],[-70.89715,42.343008],[-70.895758,42.343359],[-70.895385,42.342615]]]]}},{"type":"Feature","properties":{"area_id":"143","layer":"municipality","name":"Huntington","municipality_type":"town","county_id":"25015"},"geometry":{"type":"Polygon","coordinates":[[[-72.814406,42.256809],[-72.813419,42.245007],[-72.857635,42.240488],[-72.86428,42.232275],[-72.868469,42.223666],[-72.872184,42.216453],[-72.912303,42.239142],[-72.880604,42.265388],[-72.885208,42.332602],[-72.885636,42.340044],[-72.854245,42.343414],[-72.853641,42.342544],[-72.852002,42.342184],[-72.848847,42.342526],[-72.847498,42.34232],[-72.846439,42.340476],[-72.844986,42.343416],[-72.843705,42.344672],[-72.840346,42.345086],[-72.839843,42.343372],[-72.839223,42.342953],[-72.837687,42.342763],[-72.835739,42.343263],[-72.83351,42.341763],[-72.830912,42.342287],[-72.826389,42.342371],[-72.825839,42.341948],[-72.826185,42.341157],[-72.824725,42.340455],[-72.823957,42.339436],[-72.823176,42.339112],[-72.822013,42.33937],[-72.821115,42.338633],[-72.814406,42.256809]]]}},{"type":"Feature","properties":{"area_id":"144","layer":"municipality","name":"Ipswich","municipality_type":"town","county_id":"25009"},"geometry":{"type":"MultiPolygon","coordinates":[[[[-70.789149,42.668351],[-70.790081,42.667912],[-70.790175,42.667138],[-70.789637,42.666167],[-70.791064,42.665068],[-70.791295,42.664061],[-70.791063,42.663565],[-70.790426,42.663304],[-70.78877,42.663546],[-70.789845,42.662342],[-70.792562,42.662053],[-70.792798,42.662229],[-70.792515,42.663511],[-70.793264,42.663668],[-70.794446,42.663235],[-70.793423,42.660329],[-70.791409,42.660711],[-70.790739,42.660284],[-70.790881,42.659806],[-70.792618,42.659046],[-70.793491,42.659174],[-70.794239,42.659929],[-70.795862,42.659836],[-70.795634,42.659071],[-70.794169,42.658408],[-70.795967,42.658],[-70.795982,42.657208],[-70.794279,42.656776],[-70.793897,42.65616],[-70.795415,42.656118],[-70.795375,42.655228],[-70.795912,42.655037],[-70.796471,42.655446],[-70.796404,42.656097],[-70.798509,42.656199],[-70.798599,42.656493],[-70.798066,42.657076],[-70.798325,42.657315],[-70.799762,42.656366],[-70.800395,42.656552],[-70.800324,42.65694],[-70.800874,42.657284],[-70.801276,42.656924],[-70.802023,42.656909],[-70.802175,42.656589],[-70.803378,42.656652],[-70.803349,42.6563],[-70.802873,42.65643],[-70.802632,42.656122],[-70.803825,42.655949],[-70.803638,42.65562],[-70.803949,42.65544],[-70.803404,42.655192],[-70.803828,42.654881],[-70.804642,42.65484],[-70.80543,42.654352],[-70.805696,42.654425],[-70.805571,42.654916],[-70.807479,42.654692],[-70.807905,42.653664],[-70.807473,42.653399],[-70.80798,42.652632],[-70.807716,42.652405],[-70.809919,42.650952],[-70.810338,42.649607],[-70.81611,42.647198],[-70.815028,42.646636],[-70.81444,42.646661],[-70.816927,42.641309],[-70.821774,42.642329],[-70.821817,42.640494],[-70.824078,42.638162],[-70.824117,42.637276],[-70.823577,42.636228],[-70.82403,42.635399],[-70.824147,42.634198],[-70.832799,42.638557],[-70.834162,42.640129],[-70.833503,42.640558],[-70.832458,42.640193],[-70.832931,42.641267],[-70.832082,42.641596],[-70.831751,42.642082],[-70.830983,42.642094],[-70.831167,42.642653],[-70.830753,42.643177],[-70.831546,42.643791],[-70.830923,42.644428],[-70.831404,42.644688],[-70.831392,42.645443],[-70.830927,42.646238],[-70.831321,42.646654],[-70.831276,42.647277],[-70.831984,42.647815],[-70.831709,42.648202],[-70.833096,42.648782],[-70.834547,42.6486],[-70.834927,42.648938],[-70.836261,42.648888],[-70.83685,42.648725],[-70.836828,42.64827],[-70.83728,42.647968],[-70.837839,42.648188],[-70.838094,42.647932],[-70.838948,42.648373],[-70.839557,42.647666],[-70.840979,42.647342],[-70.844257,42.647417],[-70.845846,42.647125],[-70.846604,42.646682],[-70.846746,42.645887],[-70.847506,42.645707],[-70.847589,42.645338],[-70.850121,42.643802],[-70.852531,42.64335],[-70.85373,42.643454],[-70.855681,42.642431],[-70.856251,42.642667],[-70.857626,42.641684],[-70.863281,42.646231],[-70.859763,42.657463],[-70.860643,42.657567],[-70.861396,42.658232],[-70.867549,42.657388],[-70.869214,42.658927],[-70.86991,42.659202],[-70.8721,42.657232],[-70.873463,42.657058],[-70.875043,42.657311],[-70.876149,42.657064],[-70.877161,42.656399],[-70.876731,42.655275],[-70.87943,42.653954],[-70.881608,42.654423],[-70.885541,42.656028],[-70.886294,42.656747],[-70.885382,42.658453],[-70.886125,42.658982],[-70.887265,42.65906],[-70.889305,42.658564],[-70.894568,42.659723],[-70.898654,42.659419],[-70.9012,42.660302],[-70.903621,42.659518],[-70.903581,42.660288],[-70.904962,42.661996],[-70.916342,42.660763],[-70.920526,42.670088],[-70.936028,42.663496],[-70.965342,42.671876],[-70.964456,42.674835],[-70.948595,42.680677],[-70.88077,42.706332],[-70.875484,42.712893],[-70.864407,42.709107],[-70.86482,42.710294],[-70.863295,42.711706],[-70.863785,42.712417],[-70.863551,42.712967],[-70.862575,42.713329],[-70.861616,42.712997],[-70.860059,42.713343],[-70.858745,42.713021],[-70.857876,42.713911],[-70.857817,42.714818],[-70.859892,42.714805],[-70.860697,42.71519],[-70.861047,42.715793],[-70.86064,42.716372],[-70.858775,42.71735],[-70.859101,42.718826],[-70.858165,42.719909],[-70.85932,42.721036],[-70.859428,42.721561],[-70.858669,42.722292],[-70.857278,42.722217],[-70.856522,42.722542],[-70.857339,42.724007],[-70.85477,42.724591],[-70.853876,42.725614],[-70.852217,42.7265],[-70.85126,42.726394],[-70.84971,42.725485],[-70.848556,42.725524],[-70.847401,42.726291],[-70.845728,42.728193],[-70.844484,42.728588],[-70.842494,42.728453],[-70.841108,42.728747],[-70.840317,42.729289],[-70.839837,42.730486],[-70.838941,42.730776],[-70.834388,42.730348],[-70.82944,42.731789],[-70.828084,42.731903],[-70.824734,42.731551],[-70.822159,42.73073],[-70.820318,42.729572],[-70.819391,42.728335],[-70.819099,42.726517],[-70.819442,42.725409],[-70.818445,42.723244],[-70.81853,42.722497],[-70.819101,42.72201],[-70.819072,42.721176],[-70.817965,42.71997],[-70.817239,42.716866],[-70.815601,42.715554],[-70.814742,42.713472],[-70.815007,42.712327],[-70.816427,42.710807],[-70.816495,42.707883],[-70.815986,42.706916],[-70.815018,42.706811],[-70.813521,42.707437],[-70.812883,42.709274],[-70.812422,42.709601],[-70.808183,42.710705],[-70.802284,42.71093],[-70.799058,42.710005],[-70.796679,42.708478],[-70.796269,42.707796],[-70.796395,42.707329],[-70.795749,42.706989],[-70.794064,42.704406],[-70.794413,42.70324],[-70.793959,42.702379],[-70.794197,42.701947],[-70.793929,42.701449],[-70.791118,42.700091],[-70.791711,42.699533],[-70.79175,42.698099],[-70.791388,42.697014],[-70.789929,42.696571],[-70.78853,42.695264],[-70.786509,42.694164],[-70.785077,42.692831],[-70.784739,42.692067],[-70.783049,42.69173],[-70.77992,42.69197],[-70.778037,42.691444],[-70.775159,42.691303],[-70.767731,42.688424],[-70.766176,42.687463],[-70.764978,42.686177],[-70.763579,42.685492],[-70.753795,42.684916],[-70.748578,42.683076],[-70.746968,42.681589],[-70.745513,42.681422],[-70.741788,42.680053],[-70.737706,42.676929],[-70.734928,42.67388],[-70.728812,42.669039],[-70.726782,42.666822],[-70.726118,42.665166],[-70.726487,42.663778],[-70.727651,42.662266],[-70.728333,42.66188],[-70.729161,42.661965],[-70.730097,42.662549],[-70.730559,42.663639],[-70.731804,42.664407],[-70.73779,42.667367],[-70.740632,42.668147],[-70.745428,42.670837],[-70.747931,42.67177],[-70.751161,42.672452],[-70.752245,42.673098],[-70.753822,42.673335],[-70.756986,42.675554],[-70.758915,42.675993],[-70.760604,42.677047],[-70.764778,42.677845],[-70.766182,42.67673],[-70.767315,42.675211],[-70.769476,42.674471],[-70.77047,42.675321],[-70.771043,42.674925],[-70.772405,42.674908],[-70.774613,42.674236],[-70.773673,42.674212],[-70.774271,42.673987],[-70.776263,42.673987],[-70.777212,42.674254],[-70.777352,42.674749],[-70.77816,42.674352],[-70.778539,42.675265],[-70.779247,42.675241],[-70.779885,42.674639],[-70.779055,42.674525],[-70.778944,42.674153],[-70.780061,42.673486],[-70.78066,42.672288],[-70.782839,42.671247],[-70.784047,42.671024],[-70.78502,42.670376],[-70.785111,42.669375],[-70.786052,42.668216],[-70.789149,42.668351]]],[[[-70.788366,42.738774],[-70.784848,42.731963],[-70.775712,42.716681],[-70.771954,42.71103],[-70.770292,42.70969],[-70.770429,42.708588],[-70.770957,42.708039],[-70.771061,42.707263],[-70.770483,42.705851],[-70.769724,42.705006],[-70.769917,42.704349],[-70.772978,42.702443],[-70.774482,42.702366],[-70.775256,42.702007],[-70.776322,42.700329],[-70.778265,42.699965],[-70.779678,42.700949],[-70.784947,42.702113],[-70.785211,42.703144],[-70.784141,42.704162],[-70.784369,42.705196],[-70.783855,42.707291],[-70.783953,42.708338],[-70.786392,42.710013],[-70.788684,42.709862],[-70.789159,42.710073],[-70.789231,42.710447],[-70.788528,42.710995],[-70.786443,42.710902],[-70.783508,42.709562],[-70.782337,42.709407],[-70.78173,42.709628],[-70.781236,42.710283],[-70.781849,42.711693],[-70.78281,42.711942],[-70.784668,42.711607],[-70.788358,42.712251],[-70.788938,42.714126],[-70.791213,42.715588],[-70.791957,42.71669],[-70.793658,42.717233],[-70.794174,42.718828],[-70.795286,42.719953],[-70.799159,42.721926],[-70.799055,42.722504],[-70.799709,42.724342],[-70.798653,42.724736],[-70.79854,42.725203],[-70.798889,42.725682],[-70.798689,42.726217],[-70.799734,42.728504],[-70.799771,42.729593],[-70.797928,42.731458],[-70.798612,42.733076],[-70.798276,42.733614],[-70.788366,42.738774]]]]}},{"type":"Feature","properties":{"area_id":"145","layer":"municipality","name":"Kingston","municipality_type":"town","county_id":"25023"},"geometry":{"type":"Polygon","coordinates":[[[-70.731241,42.017716],[-70.724023,42.009297],[-70.724658,42.007049],[-70.722224,42.004268],[-70.721802,42.002815],[-70.71133,42.002411],[-70.710032,42.000042],[-70.709862,41.997872],[-70.710764,41.996047],[-70.710169,41.994752],[-70.709176,41.99489],[-70.709715,41.996159],[-70.708944,41.997315],[-70.708912,41.999633],[-70.707851,42.000732],[-70.706457,42.000995],[-70.702799,41.999389],[-70.701642,41.998096],[-70.700666,41.997979],[-70.699865,41.996995],[-70.700078,41.996524],[-70.699798,41.995647],[-70.699064,41.994894],[-70.699218,41.991418],[-70.699744,41.989555],[-70.699476,41.98918],[-70.699623,41.988009],[-70.699016,41.987006],[-70.697673,41.986447],[-70.695026,41.984459],[-70.693306,41.984117],[-70.692815,41.983741],[-70.721707,41.954253],[-70.753528,41.93325],[-70.758693,41.947516],[-70.765532,41.966995],[-70.787479,41.978369],[-70.790859,41.98841],[-70.795916,42.005503],[-70.799332,42.013612],[-70.800524,42.016443],[-70.796725,42.020596],[-70.775528,42.023176],[-70.769493,42.022073],[-70.731241,42.017716]]]}},{"type":"Feature","properties":{"area_id":"146","layer":"municipality","name":"Lakeville","municipality_type":"town","county_id":"25023"},"geometry":{"type":"Polygon","coordinates":[[[-70.921784,41.791253],[-71.026289,41.778896],[-71.014592,41.799576],[-71.036571,41.816535],[-71.007443,41.838502],[-70.995473,41.84726],[-70.988636,41.85123],[-70.986084,41.853907],[-70.978309,41.857255],[-70.973718,41.860888],[-70.977543,41.876194],[-70.987256,41.905816],[-70.984875,41.907459],[-70.98341,41.905977],[-70.982606,41.905875],[-70.981115,41.904979],[-70.980102,41.903616],[-70.978738,41.9039],[-70.977862,41.902543],[-70.976283,41.901159],[-70.972371,41.901368],[-70.971964,41.901738],[-70.970409,41.901328],[-70.967134,41.901262],[-70.964761,41.899403],[-70.963344,41.896395],[-70.919206,41.879032],[-70.916412,41.876926],[-70.916612,41.876538],[-70.916096,41.874841],[-70.916328,41.872578],[-70.914617,41.87209],[-70.912969,41.870252],[-70.914625,41.869054],[-70.914921,41.86844],[-70.916473,41.867691],[-70.916738,41.867175],[-70.915041,41.86632],[-70.915093,41.866065],[-70.915989,41.865815],[-70.91469,41.865283],[-70.915339,41.864417],[-70.913509,41.863868],[-70.914595,41.863528],[-70.914448,41.862141],[-70.912877,41.861735],[-70.913448,41.860694],[-70.914321,41.860596],[-70.914124,41.860272],[-70.914541,41.8596],[-70.916263,41.859939],[-70.917748,41.858724],[-70.916816,41.857209],[-70.917189,41.856536],[-70.917131,41.855786],[-70.918898,41.852737],[-70.918706,41.851952],[-70.893886,41.828808],[-70.893457,41.827952],[-70.893861,41.826333],[-70.898648,41.81497],[-70.8964,41.794329],[-70.921784,41.791253]]]}},{"type":"Feature","properties":{"area_id":"147","layer":"municipality","name":"Lancaster","municipality_type":"town","county_id":"25027"},"geometry":{"type":"Polygon","coordinates":[[[-71.63587,42.524033],[-71.636145,42.523106],[-71.635154,42.522874],[-71.634088,42.522119],[-71.632915,42.520126],[-71.631901,42.519121],[-71.630152,42.518843],[-71.630139,42.517572],[-71.630812,42.517089],[-71.631825,42.517002],[-71.632275,42.516635],[-71.632188,42.516184],[-71.629616,42.515854],[-71.629133,42.515103],[-71.629741,42.513669],[-71.627306,42.512845],[-71.627995,42.511521],[-71.627965,42.510717],[-71.628684,42.510576],[-71.629712,42.511281],[-71.62983,42.510428],[-71.630578,42.509724],[-71.631803,42.509734],[-71.631326,42.508342],[-71.63422,42.504369],[-71.633467,42.503517],[-71.633699,42.502705],[-71.630953,42.502451],[-71.629675,42.501531],[-71.626448,42.500105],[-71.625795,42.499116],[-71.62663,42.495921],[-71.627761,42.495056],[-71.627979,42.494522],[-71.627595,42.493344],[-71.628629,42.490787],[-71.628951,42.488786],[-71.630809,42.487449],[-71.631611,42.485432],[-71.633587,42.486247],[-71.634152,42.485817],[-71.63413,42.485361],[-71.632742,42.485212],[-71.63242,42.484912],[-71.632061,42.483986],[-71.632108,42.482997],[-71.632539,42.482687],[-71.633665,42.483094],[-71.634166,42.482696],[-71.633916,42.481303],[-71.634832,42.479783],[-71.633783,42.478444],[-71.633639,42.477255],[-71.635792,42.4769],[-71.642428,42.479512],[-71.656742,42.430966],[-71.688192,42.436753],[-71.718363,42.410229],[-71.71868,42.473381],[-71.728406,42.475142],[-71.716741,42.51898],[-71.712385,42.521338],[-71.702237,42.533904],[-71.678975,42.53044],[-71.63587,42.524033]]]}},{"type":"Feature","properties":{"area_id":"148","layer":"municipality","name":"Lanesborough","municipality_type":"town","county_id":"25003"},"geometry":{"type":"Polygon","coordinates":[[[-73.210605,42.565688],[-73.204496,42.564696],[-73.209358,42.557141],[-73.203505,42.556093],[-73.212109,42.54241],[-73.187489,42.538623],[-73.200895,42.518648],[-73.188436,42.516625],[-73.189577,42.514781],[-73.165811,42.51094],[-73.182199,42.48542],[-73.311745,42.504617],[-73.258282,42.588575],[-73.201854,42.579196],[-73.210605,42.565688]]]}},{"type":"Feature","properties":{"area_id":"149","layer":"municipality","name":"Lawrence","municipality_type":"city","county_id":"25009"},"geometry":{"type":"Polygon","coordinates":[[[-71.134824,42.720367],[-71.134988,42.718903],[-71.134775,42.71732],[-71.133498,42.713558],[-71.133454,42.712469],[-71.133961,42.710411],[-71.136292,42.707219],[-71.13756,42.706534],[-71.137526,42.704815],[-71.137112,42.704398],[-71.139323,42.703412],[-71.14089,42.703354],[-71.142779,42.698932],[-71.144382,42.699272],[-71.145858,42.698492],[-71.145719,42.698177],[-71.143396,42.697038],[-71.143149,42.694207],[-71.141704,42.694326],[-71.139219,42.693218],[-71.139297,42.692751],[-71.138006,42.692586],[-71.137819,42.692291],[-71.137898,42.691547],[-71.137599,42.691658],[-71.137638,42.691296],[-71.13732,42.691144],[-71.137678,42.690617],[-71.137297,42.690422],[-71.137453,42.690082],[-71.137174,42.689826],[-71.137533,42.689604],[-71.137319,42.689352],[-71.138509,42.688845],[-71.138564,42.687541],[-71.1392,42.687742],[-71.13981,42.687194],[-71.139203,42.686744],[-71.137982,42.68691],[-71.137679,42.686447],[-71.139298,42.685703],[-71.139478,42.685325],[-71.137998,42.685331],[-71.137788,42.685054],[-71.139382,42.684488],[-71.133646,42.679633],[-71.134538,42.676822],[-71.151213,42.681716],[-71.185503,42.675872],[-71.188858,42.696274],[-71.191213,42.710579],[-71.172273,42.721715],[-71.170888,42.723279],[-71.169054,42.72238],[-71.134198,42.721512],[-71.134824,42.720367]]]}},{"type":"Feature","properties":{"area_id":"150","layer":"municipality","name":"Lee","municipality_type":"town","county_id":"25003"},"geometry":{"type":"Polygon","coordinates":[[[-73.19202,42.31853],[-73.18052,42.324563],[-73.159944,42.304216],[-73.160886,42.286608],[-73.226153,42.278581],[-73.243994,42.257068],[-73.289195,42.257505],[-73.288281,42.323545],[-73.28073,42.323545],[-73.281328,42.325103],[-73.278141,42.325161],[-73.278166,42.327356],[-73.2436,42.326994],[-73.244725,42.342621],[-73.245681,42.345138],[-73.244939,42.3468],[-73.244724,42.348191],[-73.243424,42.349768],[-73.241726,42.35091],[-73.239264,42.351452],[-73.237173,42.354112],[-73.237865,42.354303],[-73.239232,42.353887],[-73.239598,42.353309],[-73.239893,42.353516],[-73.239347,42.356489],[-73.240668,42.357646],[-73.238463,42.362695],[-73.238791,42.362878],[-73.23954,42.362395],[-73.239988,42.362783],[-73.240435,42.365859],[-73.239597,42.367398],[-73.239688,42.368077],[-73.236385,42.364554],[-73.19202,42.31853]]]}},{"type":"Feature","properties":{"area_id":"151","layer":"municipality","name":"Leicester","municipality_type":"town","county_id":"25027"},"geometry":{"type":"Polygon","coordinates":[[[-71.856633,42.226684],[-71.866011,42.225993],[-71.876172,42.215031],[-71.895137,42.192434],[-71.916968,42.190871],[-71.939358,42.189247],[-71.960535,42.281435],[-71.885661,42.284592],[-71.884044,42.281261],[-71.856633,42.226684]]]}},{"type":"Feature","properties":{"area_id":"152","layer":"municipality","name":"Lenox","municipality_type":"town","county_id":"25003"},"geometry":{"type":"Polygon","coordinates":[[[-73.228774,42.376629],[-73.238408,42.371415],[-73.236385,42.364554],[-73.239688,42.368077],[-73.239597,42.367398],[-73.240435,42.365859],[-73.239988,42.362783],[-73.23954,42.362395],[-73.238791,42.362878],[-73.238463,42.362695],[-73.240668,42.357646],[-73.239347,42.356489],[-73.239893,42.353516],[-73.239598,42.353309],[-73.239232,42.353887],[-73.237865,42.354303],[-73.237173,42.354112],[-73.239264,42.351452],[-73.241726,42.35091],[-73.243424,42.349768],[-73.244724,42.348191],[-73.244939,42.3468],[-73.245681,42.345138],[-73.244725,42.342621],[-73.2436,42.326994],[-73.278166,42.327356],[-73.278141,42.325161],[-73.281328,42.325103],[-73.28073,42.323545],[-73.288281,42.323545],[-73.28814,42.352344],[-73.330772,42.351992],[-73.333627,42.368911],[-73.329308,42.369125],[-73.329474,42.37817],[-73.320838,42.378153],[-73.32318,42.391975],[-73.31111,42.392022],[-73.308394,42.406674],[-73.296517,42.404663],[-73.295333,42.411874],[-73.221948,42.400592],[-73.228774,42.376629]]]}},{"type":"Feature","properties":{"area_id":"153","layer":"municipality","name":"Leominster","municipality_type":"city","county_id":"25027"},"geometry":{"type":"Polygon","coordinates":[[[-71.712385,42.521338],[-71.716741,42.51898],[-71.728406,42.475142],[-71.830021,42.492195],[-71.82229,42.504314],[-71.842327,42.512639],[-71.842005,42.514686],[-71.837808,42.543794],[-71.837125,42.54856],[-71.830881,42.549028],[-71.822929,42.546803],[-71.820737,42.546528],[-71.814215,42.547262],[-71.808403,42.547139],[-71.806547,42.547482],[-71.804223,42.548556],[-71.800128,42.55212],[-71.7987,42.552603],[-71.797119,42.55256],[-71.789371,42.55094],[-71.786025,42.551056],[-71.771346,42.559253],[-71.764269,42.555039],[-71.761596,42.551919],[-71.761933,42.549782],[-71.760363,42.547631],[-71.757767,42.548577],[-71.754167,42.546062],[-71.74968,42.545211],[-71.749151,42.549059],[-71.749855,42.549763],[-71.747743,42.54994],[-71.75045,42.553471],[-71.754098,42.559465],[-71.757248,42.562077],[-71.762951,42.563934],[-71.745073,42.573868],[-71.720438,42.552354],[-71.711232,42.535363],[-71.702237,42.533904],[-71.712385,42.521338]]]}},{"type":"Feature","properties":{"area_id":"154","layer":"municipality","name":"Leverett","municipality_type":"town","county_id":"25011"},"geometry":{"type":"Polygon","coordinates":[[[-72.452971,42.438616],[-72.489892,42.433825],[-72.53097,42.428862],[-72.53428,42.442221],[-72.534659,42.458483],[-72.524335,42.476516],[-72.52093,42.510232],[-72.459642,42.516432],[-72.439539,42.518587],[-72.440884,42.510385],[-72.452971,42.438616]]]}},{"type":"Feature","properties":{"area_id":"155","layer":"municipality","name":"Lexington","municipality_type":"town","county_id":"25017"},"geometry":{"type":"Polygon","coordinates":[[[-71.206968,42.463633],[-71.198447,42.456991],[-71.195414,42.453599],[-71.193844,42.45315],[-71.189636,42.449838],[-71.185713,42.445013],[-71.183816,42.444618],[-71.183938,42.444296],[-71.18353,42.44401],[-71.182544,42.443902],[-71.182563,42.443646],[-71.177886,42.44021],[-71.182278,42.436288],[-71.185559,42.432321],[-71.202643,42.414838],[-71.211262,42.406083],[-71.267232,42.424447],[-71.266151,42.429925],[-71.269018,42.440503],[-71.272696,42.459713],[-71.261516,42.476255],[-71.256596,42.478508],[-71.251987,42.485025],[-71.240906,42.490022],[-71.212116,42.466253],[-71.210594,42.467608],[-71.210224,42.470736],[-71.204309,42.465847],[-71.206968,42.463633]]]}},{"type":"Feature","properties":{"area_id":"156","layer":"municipality","name":"Leyden","municipality_type":"town","county_id":"25011"},"geometry":{"type":"Polygon","coordinates":[[[-72.589337,42.673543],[-72.593506,42.664815],[-72.585745,42.650915],[-72.620899,42.646881],[-72.620867,42.647478],[-72.619561,42.648709],[-72.620833,42.649547],[-72.6216,42.65099],[-72.622103,42.651301],[-72.623428,42.650908],[-72.624429,42.651242],[-72.625388,42.653414],[-72.626165,42.654173],[-72.626131,42.654705],[-72.62453,42.655998],[-72.625639,42.658093],[-72.627398,42.659617],[-72.630828,42.660139],[-72.63323,42.661006],[-72.63309,42.661607],[-72.631229,42.663191],[-72.631326,42.664979],[-72.633218,42.665412],[-72.633494,42.666336],[-72.635057,42.667483],[-72.636072,42.669119],[-72.637084,42.669988],[-72.64104,42.670276],[-72.643031,42.673002],[-72.646794,42.674741],[-72.649749,42.675303],[-72.651971,42.676631],[-72.653098,42.679935],[-72.655385,42.681234],[-72.65506,42.683011],[-72.654065,42.683656],[-72.652805,42.683708],[-72.652062,42.685114],[-72.652831,42.685717],[-72.65614,42.686375],[-72.656223,42.687034],[-72.65507,42.68902],[-72.655233,42.689728],[-72.657064,42.69098],[-72.662381,42.69246],[-72.662945,42.693649],[-72.662337,42.694458],[-72.663804,42.696177],[-72.663744,42.697304],[-72.665402,42.698557],[-72.665588,42.699809],[-72.670795,42.703452],[-72.670941,42.704892],[-72.670613,42.707959],[-72.674531,42.708319],[-72.673906,42.710262],[-72.672516,42.710932],[-72.672313,42.712567],[-72.670411,42.713086],[-72.669784,42.716344],[-72.67004,42.717012],[-72.672105,42.719396],[-72.674706,42.732963],[-72.598643,42.730879],[-72.589337,42.673543]]]}},{"type":"Feature","properties":{"area_id":"157","layer":"municipality","name":"Lincoln","municipality_type":"town","county_id":"25017"},"geometry":{"type":"Polygon","coordinates":[[[-71.269018,42.440503],[-71.266151,42.429925],[-71.267232,42.424447],[-71.271766,42.416784],[-71.27086,42.416506],[-71.274422,42.409886],[-71.281417,42.412189],[-71.286032,42.404106],[-71.281206,42.4027],[-71.282823,42.399745],[-71.283234,42.398992],[-71.293379,42.40225],[-71.309941,42.399642],[-71.312225,42.395834],[-71.313525,42.396289],[-71.315244,42.393489],[-71.314614,42.393225],[-71.31775,42.392178],[-71.31985,42.392884],[-71.321525,42.392692],[-71.33457,42.396122],[-71.3326,42.39945],[-71.366353,42.412723],[-71.365136,42.413474],[-71.365141,42.414192],[-71.363929,42.416031],[-71.364582,42.418147],[-71.364379,42.420472],[-71.361459,42.421131],[-71.356619,42.419902],[-71.355869,42.420935],[-71.354627,42.421791],[-71.352561,42.426932],[-71.335381,42.437786],[-71.313707,42.454969],[-71.309595,42.453116],[-71.304815,42.452724],[-71.303192,42.461263],[-71.302156,42.461124],[-71.302284,42.462019],[-71.28928,42.464583],[-71.289677,42.466191],[-71.282941,42.46118],[-71.281841,42.459649],[-71.280852,42.460177],[-71.279502,42.459686],[-71.277982,42.460244],[-71.27789,42.460719],[-71.272696,42.459713],[-71.269018,42.440503]]]}},{"type":"Feature","properties":{"area_id":"158","layer":"municipality","name":"Littleton","municipality_type":"town","county_id":"25017"},"geometry":{"type":"Polygon","coordinates":[[[-71.435018,42.522179],[-71.44394,42.509069],[-71.47353,42.500186],[-71.500055,42.509275],[-71.50281,42.506878],[-71.509085,42.510053],[-71.511441,42.508866],[-71.514822,42.511533],[-71.517808,42.515625],[-71.529841,42.51985],[-71.531377,42.520361],[-71.53878,42.543039],[-71.542324,42.550344],[-71.533032,42.552735],[-71.533319,42.552916],[-71.532432,42.553806],[-71.529629,42.555222],[-71.5292,42.555915],[-71.527881,42.556235],[-71.526181,42.557743],[-71.525617,42.557703],[-71.525223,42.558476],[-71.524505,42.558701],[-71.524448,42.559673],[-71.523178,42.559836],[-71.520893,42.56432],[-71.51146,42.569392],[-71.506413,42.572181],[-71.503038,42.575477],[-71.498007,42.576872],[-71.483765,42.573797],[-71.480021,42.558103],[-71.428535,42.528812],[-71.435018,42.522179]]]}},{"type":"Feature","properties":{"area_id":"159","layer":"municipality","name":"Longmeadow","municipality_type":"town","county_id":"25013"},"geometry":{"type":"Polygon","coordinates":[[[-72.531561,42.034584],[-72.572779,42.030227],[-72.582164,42.024749],[-72.60717,42.025157],[-72.607975,42.031092],[-72.607929,42.039613],[-72.607338,42.044865],[-72.606223,42.04821],[-72.600522,42.057662],[-72.591814,42.06957],[-72.589384,42.072199],[-72.536641,42.063745],[-72.531561,42.034584]]]}},{"type":"Feature","properties":{"area_id":"160","layer":"municipality","name":"Lowell","municipality_type":"city","county_id":"25017"},"geometry":{"type":"Polygon","coordinates":[[[-71.272019,42.649226],[-71.271189,42.64425],[-71.274723,42.6288],[-71.277792,42.620856],[-71.283429,42.615309],[-71.296321,42.612675],[-71.297029,42.613021],[-71.296193,42.614692],[-71.319311,42.613581],[-71.318883,42.608553],[-71.319898,42.60691],[-71.323341,42.606503],[-71.325409,42.611259],[-71.324976,42.61161],[-71.325699,42.613273],[-71.32794,42.613167],[-71.328835,42.613784],[-71.359944,42.625981],[-71.364734,42.637591],[-71.369479,42.637587],[-71.372066,42.638366],[-71.374522,42.639557],[-71.375936,42.640911],[-71.377116,42.642707],[-71.379109,42.647406],[-71.380921,42.649017],[-71.380248,42.65037],[-71.380531,42.650867],[-71.382241,42.651886],[-71.382474,42.65278],[-71.378205,42.660696],[-71.368883,42.661763],[-71.357524,42.654463],[-71.29957,42.666524],[-71.286861,42.648877],[-71.280407,42.654129],[-71.275155,42.656225],[-71.272019,42.649226]]]}},{"type":"Feature","properties":{"area_id":"161","layer":"municipality","name":"Ludlow","municipality_type":"town","county_id":"25013"},"geometry":{"type":"Polygon","coordinates":[[[-72.395251,42.184825],[-72.397772,42.182586],[-72.401041,42.181506],[-72.407078,42.17843],[-72.410088,42.177782],[-72.410045,42.177178],[-72.412313,42.175567],[-72.412128,42.174736],[-72.410565,42.174352],[-72.410123,42.17382],[-72.411189,42.170668],[-72.411091,42.168641],[-72.412034,42.167296],[-72.410309,42.162862],[-72.410585,42.160542],[-72.409038,42.154829],[-72.409321,42.153976],[-72.41026,42.153501],[-72.412237,42.153042],[-72.413799,42.153112],[-72.417511,42.154821],[-72.418788,42.156575],[-72.420487,42.157232],[-72.428073,42.156653],[-72.431375,42.155408],[-72.435261,42.156414],[-72.437037,42.156537],[-72.441458,42.155785],[-72.445128,42.153898],[-72.448476,42.153393],[-72.450239,42.153541],[-72.452826,42.154873],[-72.454108,42.155114],[-72.458199,42.15477],[-72.464628,42.152832],[-72.469328,42.152665],[-72.474385,42.1539],[-72.478765,42.153522],[-72.484558,42.156524],[-72.487186,42.157305],[-72.488098,42.157961],[-72.487823,42.15876],[-72.486663,42.159359],[-72.48679,42.159852],[-72.487633,42.159948],[-72.488899,42.159073],[-72.489721,42.159219],[-72.489888,42.159693],[-72.488927,42.161574],[-72.489252,42.162094],[-72.491718,42.161395],[-72.493811,42.161231],[-72.505276,42.162217],[-72.510755,42.160492],[-72.513415,42.160915],[-72.515979,42.160826],[-72.518738,42.173897],[-72.51391,42.174441],[-72.52429,42.218741],[-72.447121,42.227262],[-72.403948,42.231855],[-72.395479,42.185745],[-72.395251,42.184825]]]}},{"type":"Feature","properties":{"area_id":"162","layer":"municipality","name":"Lunenburg","municipality_type":"town","county_id":"25027"},"geometry":{"type":"Polygon","coordinates":[[[-71.677625,42.539879],[-71.678975,42.53044],[-71.702237,42.533904],[-71.711232,42.535363],[-71.720438,42.552354],[-71.745073,42.573868],[-71.762951,42.563934],[-71.764896,42.562852],[-71.772944,42.569657],[-71.770888,42.603671],[-71.773446,42.614507],[-71.775326,42.636674],[-71.775757,42.644229],[-71.664602,42.611607],[-71.677625,42.539879]]]}},{"type":"Feature","properties":{"area_id":"163","layer":"municipality","name":"Lynn","municipality_type":"city","county_id":"25009"},"geometry":{"type":"Polygon","coordinates":[[[-70.957214,42.496567],[-70.949945,42.494762],[-70.934112,42.490842],[-70.921416,42.465747],[-70.924855,42.4637],[-70.926991,42.461543],[-70.927476,42.461632],[-70.926748,42.460689],[-70.927703,42.460736],[-70.929248,42.461576],[-70.928888,42.461236],[-70.930825,42.460297],[-70.930514,42.460889],[-70.930763,42.460841],[-70.932573,42.458822],[-70.933955,42.456237],[-70.936587,42.456901],[-70.939731,42.455212],[-70.93928,42.456276],[-70.939495,42.456764],[-70.940393,42.457472],[-70.941808,42.457822],[-70.94255,42.458568],[-70.942906,42.457755],[-70.944049,42.457834],[-70.943839,42.458613],[-70.944784,42.459211],[-70.944633,42.459809],[-70.946234,42.458171],[-70.945249,42.457433],[-70.94538,42.456645],[-70.946193,42.456433],[-70.948084,42.455133],[-70.948032,42.454687],[-70.948801,42.454519],[-70.948754,42.453958],[-70.950299,42.452927],[-70.950629,42.452846],[-70.951033,42.453526],[-70.951361,42.453514],[-70.95082,42.452559],[-70.962812,42.444948],[-70.966762,42.445763],[-70.967756,42.445365],[-70.96776,42.445844],[-70.968642,42.446438],[-70.968563,42.447131],[-70.968842,42.447387],[-70.970406,42.447287],[-70.970988,42.447661],[-70.971646,42.447365],[-70.972153,42.447927],[-70.978963,42.451266],[-70.981769,42.451734],[-70.982664,42.452314],[-70.982964,42.453241],[-70.98176,42.453968],[-70.979944,42.454199],[-70.978754,42.454949],[-70.979543,42.457225],[-70.981261,42.457801],[-70.981727,42.458107],[-70.981709,42.458815],[-70.983011,42.45927],[-70.984056,42.459174],[-70.984515,42.459557],[-70.987328,42.459907],[-70.987596,42.459015],[-70.988267,42.459584],[-70.989145,42.459741],[-71.003081,42.496415],[-71.011623,42.501657],[-71.001737,42.507087],[-70.996887,42.50702],[-70.995312,42.505582],[-70.988373,42.509223],[-70.992967,42.512276],[-70.989341,42.511695],[-70.986945,42.511787],[-70.957214,42.496567]]]}},{"type":"Feature","properties":{"area_id":"164","layer":"municipality","name":"Lynnfield","municipality_type":"town","county_id":"25009"},"geometry":{"type":"Polygon","coordinates":[[[-71.034833,42.565504],[-71.031567,42.551199],[-71.005289,42.523001],[-70.986945,42.511787],[-70.989341,42.511695],[-70.992967,42.512276],[-70.988373,42.509223],[-70.995312,42.505582],[-70.996887,42.50702],[-71.001737,42.507087],[-71.011623,42.501657],[-71.03584,42.505201],[-71.034898,42.507063],[-71.035633,42.507572],[-71.035553,42.508321],[-71.036305,42.50901],[-71.036458,42.509702],[-71.037049,42.510008],[-71.036497,42.510837],[-71.036556,42.512444],[-71.038298,42.513759],[-71.038384,42.514197],[-71.039468,42.514466],[-71.038275,42.515701],[-71.038296,42.516251],[-71.038908,42.516349],[-71.038888,42.516749],[-71.040262,42.51743],[-71.040128,42.518819],[-71.041081,42.520132],[-71.040914,42.521727],[-71.039884,42.52242],[-71.0386,42.523969],[-71.038906,42.52459],[-71.040005,42.525198],[-71.040984,42.526271],[-71.057662,42.524188],[-71.058447,42.523619],[-71.060069,42.524315],[-71.060744,42.525247],[-71.061478,42.525043],[-71.062027,42.524285],[-71.063277,42.524668],[-71.064241,42.524413],[-71.066354,42.52483],[-71.067123,42.525378],[-71.067568,42.524689],[-71.075146,42.531039],[-71.070979,42.555897],[-71.064938,42.562124],[-71.057126,42.574049],[-71.055549,42.573661],[-71.05483,42.574037],[-71.054016,42.573052],[-71.0531,42.573087],[-71.053047,42.572597],[-71.053738,42.572517],[-71.05265,42.572342],[-71.052463,42.571796],[-71.052767,42.571375],[-71.051939,42.572136],[-71.051461,42.571596],[-71.051078,42.571828],[-71.050837,42.571253],[-71.050534,42.571731],[-71.049453,42.571021],[-71.046308,42.572601],[-71.044821,42.572839],[-71.04422,42.57391],[-71.042979,42.573274],[-71.041481,42.573491],[-71.040261,42.572517],[-71.039846,42.571428],[-71.037664,42.571173],[-71.037332,42.571696],[-71.036819,42.571741],[-71.035499,42.570629],[-71.03546,42.570268],[-71.034833,42.565504]]]}},{"type":"Feature","properties":{"area_id":"165","layer":"municipality","name":"Malden","municipality_type":"city","county_id":"25017"},"geometry":{"type":"Polygon","coordinates":[[[-71.050472,42.422897],[-71.060485,42.415953],[-71.06439,42.415281],[-71.07272,42.414905],[-71.072942,42.416624],[-71.073298,42.416652],[-71.073591,42.416492],[-71.073465,42.412877],[-71.074732,42.412551],[-71.075486,42.413331],[-71.076542,42.413197],[-71.076182,42.413135],[-71.077133,42.413294],[-71.079311,42.414947],[-71.081725,42.415166],[-71.083491,42.416016],[-71.08588,42.417922],[-71.089447,42.426633],[-71.089063,42.429124],[-71.088032,42.429035],[-71.085639,42.444696],[-71.082117,42.443949],[-71.08292,42.438849],[-71.025836,42.444718],[-71.020378,42.438259],[-71.028228,42.42421],[-71.050472,42.422897]]]}},{"type":"Feature","properties":{"area_id":"166","layer":"municipality","name":"Manchester-by-the-Sea","municipality_type":"town","county_id":"25009"},"geometry":{"type":"Polygon","coordinates":[[[-70.716256,42.576137],[-70.717844,42.57654],[-70.720726,42.576307],[-70.722142,42.575666],[-70.72217,42.57472],[-70.723106,42.573851],[-70.723294,42.573074],[-70.723044,42.572558],[-70.723626,42.572084],[-70.724721,42.572282],[-70.72582,42.571911],[-70.727833,42.572168],[-70.729483,42.571641],[-70.729839,42.572145],[-70.729711,42.573564],[-70.730999,42.574507],[-70.729319,42.575435],[-70.728828,42.578153],[-70.730962,42.578916],[-70.733671,42.578895],[-70.734314,42.578602],[-70.734629,42.577772],[-70.734292,42.577152],[-70.734405,42.576548],[-70.733504,42.576068],[-70.734239,42.575117],[-70.734149,42.574698],[-70.73495,42.57453],[-70.735961,42.574992],[-70.735023,42.575549],[-70.735522,42.576348],[-70.737625,42.576798],[-70.737926,42.576061],[-70.739824,42.574781],[-70.741786,42.575307],[-70.742733,42.575118],[-70.743086,42.574683],[-70.743953,42.57497],[-70.745326,42.5743],[-70.745698,42.573297],[-70.745529,42.572684],[-70.744243,42.571891],[-70.744742,42.571731],[-70.744318,42.571351],[-70.744805,42.570981],[-70.745585,42.570942],[-70.745521,42.572008],[-70.746029,42.573056],[-70.748378,42.573471],[-70.75104,42.572892],[-70.750906,42.572663],[-70.751587,42.572014],[-70.752978,42.571551],[-70.753085,42.570961],[-70.753957,42.571098],[-70.7552,42.570239],[-70.755697,42.570296],[-70.755627,42.570773],[-70.756058,42.570955],[-70.758392,42.570428],[-70.757587,42.570372],[-70.760085,42.569065],[-70.76121,42.567992],[-70.763005,42.565584],[-70.762656,42.565448],[-70.762828,42.564845],[-70.763829,42.564527],[-70.764818,42.564785],[-70.765232,42.564497],[-70.76515,42.564096],[-70.763768,42.562924],[-70.764316,42.562824],[-70.763764,42.562508],[-70.764199,42.56199],[-70.765549,42.562307],[-70.765931,42.562845],[-70.76649,42.562931],[-70.769026,42.562624],[-70.769291,42.5631],[-70.76907,42.563467],[-70.769516,42.564012],[-70.770602,42.564002],[-70.77114,42.563365],[-70.770609,42.562087],[-70.771851,42.560591],[-70.771823,42.559714],[-70.773191,42.559239],[-70.773874,42.559266],[-70.774704,42.559881],[-70.77517,42.559462],[-70.775994,42.559656],[-70.776384,42.559338],[-70.777614,42.55925],[-70.778365,42.559778],[-70.776701,42.560169],[-70.775331,42.56142],[-70.776237,42.563809],[-70.77751,42.565231],[-70.777109,42.565654],[-70.775841,42.566024],[-70.774866,42.565964],[-70.775073,42.566382],[-70.772494,42.567226],[-70.772499,42.567982],[-70.773951,42.568293],[-70.77381,42.568794],[-70.774276,42.56924],[-70.774813,42.569295],[-70.775866,42.568451],[-70.777825,42.568612],[-70.778203,42.567992],[-70.778161,42.567138],[-70.78199,42.564332],[-70.782565,42.564328],[-70.78288,42.56485],[-70.784717,42.564691],[-70.785826,42.565404],[-70.786831,42.564789],[-70.786314,42.564179],[-70.788676,42.563585],[-70.789897,42.562783],[-70.791339,42.563225],[-70.793637,42.56239],[-70.793773,42.563038],[-70.793195,42.564694],[-70.793543,42.565361],[-70.79351,42.56624],[-70.793089,42.566723],[-70.793311,42.567278],[-70.793791,42.567605],[-70.793793,42.568549],[-70.794219,42.568686],[-70.794028,42.569209],[-70.794418,42.569229],[-70.806977,42.580399],[-70.810085,42.584227],[-70.814544,42.593423],[-70.800832,42.595346],[-70.773451,42.598257],[-70.74565,42.599585],[-70.740456,42.590004],[-70.733845,42.588115],[-70.723517,42.584335],[-70.717111,42.581515],[-70.715167,42.575968],[-70.715412,42.575581],[-70.716256,42.576137]]]}},{"type":"Feature","properties":{"area_id":"167","layer":"municipality","name":"Mansfield","municipality_type":"town","county_id":"25005"},"geometry":{"type":"Polygon","coordinates":[[[-71.182536,42.002305],[-71.202284,41.995883],[-71.259306,41.974214],[-71.268745,41.987314],[-71.288284,42.014464],[-71.178458,42.057371],[-71.168682,42.06117],[-71.158698,42.012624],[-71.182536,42.002305]]]}},{"type":"Feature","properties":{"area_id":"168","layer":"municipality","name":"Marblehead","municipality_type":"town","county_id":"25009"},"geometry":{"type":"Polygon","coordinates":[[[-70.899034,42.48468],[-70.894247,42.485958],[-70.890625,42.488753],[-70.88995,42.49015],[-70.890841,42.492886],[-70.88999,42.493086],[-70.890313,42.493377],[-70.889992,42.49357],[-70.888808,42.493484],[-70.888678,42.494297],[-70.888247,42.49408],[-70.887885,42.494703],[-70.886452,42.495306],[-70.885499,42.497323],[-70.885802,42.497809],[-70.883544,42.49869],[-70.880378,42.501094],[-70.878407,42.501367],[-70.877607,42.502213],[-70.876148,42.501718],[-70.875645,42.500964],[-70.875376,42.501002],[-70.875208,42.501777],[-70.874273,42.501778],[-70.875219,42.502943],[-70.875662,42.504777],[-70.875012,42.504923],[-70.874446,42.505772],[-70.873445,42.505714],[-70.872783,42.506085],[-70.872434,42.506592],[-70.872531,42.508029],[-70.870248,42.509622],[-70.869866,42.511367],[-70.867321,42.513937],[-70.865799,42.514406],[-70.865456,42.515719],[-70.866067,42.516011],[-70.866004,42.516412],[-70.863683,42.518202],[-70.864146,42.518939],[-70.863926,42.519797],[-70.863029,42.5207],[-70.862134,42.521054],[-70.861418,42.521095],[-70.859261,42.520179],[-70.856811,42.521275],[-70.855238,42.520561],[-70.853463,42.521033],[-70.852636,42.519981],[-70.852007,42.52003],[-70.849582,42.519171],[-70.848662,42.519346],[-70.848105,42.518464],[-70.846277,42.517513],[-70.842367,42.519026],[-70.841349,42.518366],[-70.841334,42.517773],[-70.840977,42.517623],[-70.841382,42.516752],[-70.84219,42.516595],[-70.843209,42.5158],[-70.843602,42.515842],[-70.843679,42.516587],[-70.845113,42.51633],[-70.846372,42.514927],[-70.845659,42.513989],[-70.844631,42.514266],[-70.844777,42.51371],[-70.845679,42.513506],[-70.84564,42.512977],[-70.844761,42.512961],[-70.844689,42.512446],[-70.843609,42.512063],[-70.844262,42.511594],[-70.844052,42.510771],[-70.844895,42.510054],[-70.844498,42.509319],[-70.844048,42.509195],[-70.844,42.508677],[-70.842296,42.509472],[-70.84076,42.509155],[-70.840764,42.508527],[-70.841717,42.507875],[-70.843151,42.508244],[-70.844447,42.506807],[-70.844103,42.506621],[-70.844276,42.506017],[-70.845285,42.50559],[-70.845323,42.505277],[-70.844788,42.505104],[-70.8452,42.504554],[-70.847077,42.50398],[-70.847247,42.503459],[-70.848927,42.502193],[-70.850276,42.501768],[-70.851764,42.500096],[-70.851337,42.499436],[-70.850674,42.499815],[-70.849926,42.49938],[-70.850688,42.499287],[-70.850962,42.498926],[-70.850612,42.498697],[-70.850925,42.497918],[-70.851526,42.497776],[-70.851512,42.497371],[-70.85206,42.496789],[-70.852768,42.496614],[-70.852468,42.496378],[-70.852533,42.495966],[-70.854945,42.495093],[-70.854726,42.494111],[-70.855199,42.493881],[-70.854991,42.493464],[-70.855648,42.492635],[-70.85457,42.491793],[-70.854079,42.491568],[-70.845976,42.492236],[-70.845757,42.492642],[-70.845956,42.492924],[-70.845087,42.49374],[-70.845093,42.495839],[-70.844485,42.496579],[-70.844635,42.496931],[-70.84272,42.498736],[-70.842608,42.499262],[-70.839339,42.49963],[-70.839016,42.50025],[-70.837966,42.500758],[-70.837759,42.500558],[-70.83698,42.501115],[-70.83721,42.501183],[-70.835944,42.50261],[-70.836502,42.503455],[-70.835142,42.503949],[-70.835128,42.50437],[-70.834439,42.50455],[-70.834528,42.504913],[-70.833895,42.505847],[-70.831882,42.504966],[-70.831236,42.503975],[-70.831499,42.503787],[-70.831095,42.502942],[-70.831925,42.502807],[-70.833097,42.501905],[-70.834178,42.499855],[-70.833702,42.499194],[-70.834653,42.498801],[-70.834609,42.496159],[-70.834886,42.495207],[-70.834638,42.493975],[-70.835026,42.49375],[-70.835015,42.492434],[-70.835488,42.492228],[-70.83531,42.491217],[-70.835927,42.490357],[-70.837572,42.490608],[-70.838319,42.490119],[-70.838566,42.489526],[-70.839274,42.489554],[-70.839603,42.488662],[-70.840533,42.488524],[-70.841682,42.487739],[-70.842842,42.488297],[-70.843289,42.489246],[-70.844538,42.490433],[-70.845148,42.490805],[-70.847281,42.490972],[-70.847146,42.491365],[-70.847457,42.491561],[-70.850215,42.491728],[-70.854525,42.491089],[-70.857375,42.490221],[-70.860858,42.488632],[-70.86197,42.487485],[-70.863997,42.487015],[-70.864344,42.4864],[-70.864034,42.485889],[-70.865913,42.484651],[-70.866491,42.483932],[-70.867894,42.483778],[-70.868363,42.482764],[-70.86921,42.483138],[-70.870378,42.482813],[-70.871009,42.483307],[-70.871666,42.483247],[-70.872217,42.482907],[-70.872027,42.482441],[-70.872683,42.481965],[-70.872467,42.481723],[-70.873767,42.481116],[-70.873627,42.480825],[-70.874795,42.481124],[-70.87554,42.480736],[-70.875804,42.480184],[-70.875227,42.47988],[-70.875291,42.47962],[-70.877175,42.480013],[-70.879478,42.478745],[-70.899034,42.48468]]]}},{"type":"Feature","properties":{"area_id":"169","layer":"municipality","name":"Marion","municipality_type":"town","county_id":"25023"},"geometry":{"type":"Polygon","coordinates":[[[-70.780266,41.758114],[-70.780714,41.754856],[-70.781646,41.75203],[-70.781639,41.750569],[-70.779032,41.744495],[-70.778273,41.743502],[-70.774851,41.740585],[-70.774237,41.739673],[-70.774923,41.734284],[-70.775874,41.73496],[-70.775356,41.73428],[-70.774532,41.734275],[-70.774168,41.733963],[-70.773995,41.734431],[-70.772553,41.734987],[-70.773321,41.734161],[-70.772119,41.733334],[-70.772646,41.733371],[-70.772329,41.733067],[-70.77187,41.733334],[-70.768289,41.733611],[-70.767036,41.735137],[-70.766134,41.735164],[-70.765352,41.735685],[-70.764614,41.736967],[-70.76394,41.736856],[-70.763931,41.737192],[-70.764365,41.737317],[-70.763254,41.737912],[-70.763492,41.738792],[-70.761586,41.739098],[-70.760341,41.738692],[-70.759252,41.739376],[-70.760152,41.741198],[-70.75933,41.742016],[-70.757796,41.742504],[-70.755364,41.742375],[-70.756453,41.742332],[-70.755913,41.741936],[-70.756612,41.74147],[-70.755603,41.741218],[-70.755176,41.740539],[-70.754487,41.740299],[-70.754518,41.739745],[-70.753318,41.739215],[-70.752883,41.738469],[-70.751774,41.7382],[-70.751312,41.737719],[-70.74882,41.736679],[-70.747429,41.737405],[-70.747668,41.736901],[-70.745398,41.735063],[-70.745977,41.734621],[-70.746733,41.734959],[-70.746488,41.734349],[-70.746994,41.734023],[-70.746606,41.732604],[-70.74458,41.730919],[-70.744481,41.730093],[-70.743067,41.728859],[-70.741152,41.728689],[-70.740848,41.727744],[-70.74067,41.728831],[-70.740959,41.729378],[-70.740075,41.730044],[-70.739435,41.730136],[-70.738093,41.72946],[-70.738004,41.728922],[-70.737401,41.728836],[-70.73707,41.728202],[-70.735976,41.727753],[-70.735343,41.726585],[-70.734339,41.726336],[-70.733899,41.726799],[-70.733264,41.726842],[-70.733286,41.726188],[-70.732376,41.725923],[-70.732527,41.725438],[-70.731646,41.724696],[-70.73037,41.72453],[-70.729499,41.725152],[-70.729105,41.725074],[-70.729174,41.723739],[-70.728716,41.723158],[-70.728976,41.722459],[-70.728097,41.721589],[-70.728137,41.720865],[-70.726393,41.719553],[-70.724742,41.716456],[-70.722797,41.715976],[-70.722488,41.714455],[-70.721737,41.713129],[-70.721179,41.712747],[-70.720096,41.712663],[-70.718443,41.711488],[-70.71525,41.710812],[-70.714683,41.709592],[-70.712568,41.70793],[-70.712489,41.706678],[-70.71382,41.704915],[-70.713892,41.703157],[-70.714609,41.702371],[-70.714324,41.701784],[-70.714782,41.701678],[-70.717827,41.701832],[-70.719285,41.70249],[-70.721593,41.704218],[-70.722425,41.704227],[-70.723375,41.703785],[-70.726371,41.705614],[-70.727498,41.705477],[-70.730378,41.706583],[-70.730335,41.705994],[-70.727924,41.704394],[-70.727583,41.703262],[-70.727872,41.702577],[-70.726744,41.70217],[-70.726003,41.70093],[-70.725287,41.700711],[-70.72472,41.699604],[-70.724432,41.698052],[-70.722956,41.696176],[-70.720882,41.69482],[-70.719486,41.695078],[-70.718904,41.694894],[-70.715322,41.692071],[-70.715332,41.691179],[-70.717333,41.690608],[-70.718298,41.689705],[-70.718604,41.688988],[-70.718361,41.687542],[-70.716886,41.68582],[-70.717679,41.684951],[-70.717651,41.68409],[-70.716304,41.683426],[-70.715195,41.681272],[-70.715713,41.680738],[-70.716619,41.68063],[-70.717209,41.679431],[-70.717155,41.67898],[-70.715244,41.676604],[-70.715281,41.67618],[-70.716192,41.676144],[-70.717116,41.676598],[-70.717475,41.676328],[-70.72004,41.677346],[-70.720399,41.678039],[-70.720313,41.679548],[-70.720772,41.680484],[-70.724262,41.682506],[-70.725399,41.684063],[-70.730103,41.688308],[-70.732787,41.688748],[-70.733894,41.689413],[-70.73571,41.689682],[-70.738009,41.691423],[-70.738329,41.692044],[-70.740561,41.692727],[-70.740441,41.693725],[-70.740928,41.694066],[-70.740951,41.694495],[-70.741382,41.694471],[-70.741718,41.694862],[-70.741346,41.695232],[-70.741038,41.696528],[-70.740119,41.697026],[-70.739829,41.696881],[-70.74081,41.69597],[-70.740608,41.69519],[-70.739635,41.694958],[-70.736787,41.693076],[-70.735687,41.691792],[-70.733833,41.690591],[-70.733619,41.689767],[-70.732704,41.689299],[-70.731375,41.689141],[-70.730419,41.690335],[-70.730794,41.69199],[-70.732854,41.693207],[-70.732616,41.694405],[-70.734027,41.694808],[-70.735075,41.696025],[-70.734702,41.697134],[-70.734853,41.697501],[-70.736515,41.698734],[-70.737404,41.698838],[-70.738131,41.699467],[-70.738462,41.700444],[-70.739275,41.700827],[-70.739759,41.701732],[-70.741475,41.703043],[-70.742575,41.704438],[-70.743791,41.705019],[-70.744627,41.706389],[-70.746145,41.706242],[-70.745711,41.705605],[-70.745094,41.705387],[-70.745238,41.704918],[-70.744571,41.704189],[-70.744822,41.703698],[-70.743813,41.702527],[-70.743749,41.701031],[-70.745177,41.700765],[-70.746622,41.702557],[-70.748979,41.703702],[-70.749456,41.704314],[-70.752084,41.706039],[-70.752745,41.706785],[-70.753188,41.708481],[-70.753941,41.708899],[-70.753749,41.709202],[-70.754081,41.709679],[-70.756306,41.711193],[-70.756878,41.71211],[-70.760648,41.712776],[-70.764206,41.711398],[-70.7652,41.710462],[-70.764608,41.710233],[-70.764678,41.709121],[-70.764091,41.708689],[-70.764207,41.707996],[-70.763845,41.707452],[-70.76244,41.706761],[-70.76279,41.706598],[-70.762645,41.705572],[-70.762147,41.705175],[-70.761262,41.705325],[-70.760365,41.704855],[-70.761052,41.704273],[-70.760735,41.703758],[-70.760186,41.703741],[-70.759805,41.704301],[-70.759844,41.703748],[-70.759489,41.703478],[-70.758242,41.70369],[-70.759258,41.703353],[-70.759135,41.702992],[-70.758351,41.70241],[-70.757639,41.702451],[-70.757163,41.701589],[-70.757823,41.701037],[-70.756874,41.700894],[-70.756639,41.699917],[-70.755675,41.699628],[-70.755846,41.699456],[-70.75531,41.698755],[-70.755381,41.698007],[-70.754284,41.697681],[-70.754492,41.696401],[-70.755302,41.696053],[-70.756227,41.695089],[-70.755966,41.69458],[-70.756178,41.693557],[-70.75586,41.693397],[-70.756073,41.693034],[-70.756952,41.693127],[-70.757607,41.692818],[-70.75738,41.692143],[-70.756798,41.691989],[-70.757028,41.691756],[-70.756854,41.691104],[-70.756204,41.691232],[-70.756628,41.691405],[-70.756077,41.692293],[-70.755587,41.692184],[-70.755466,41.691706],[-70.754818,41.691242],[-70.754552,41.691336],[-70.755302,41.691854],[-70.754534,41.692042],[-70.753338,41.691307],[-70.751811,41.689765],[-70.752652,41.689684],[-70.752311,41.689139],[-70.752712,41.688775],[-70.753896,41.688655],[-70.754158,41.688924],[-70.754869,41.688639],[-70.755254,41.688954],[-70.754637,41.689788],[-70.755439,41.690185],[-70.755757,41.689685],[-70.755545,41.688816],[-70.755864,41.688069],[-70.755028,41.687717],[-70.754728,41.6865],[-70.754008,41.685703],[-70.753274,41.685799],[-70.753297,41.686467],[-70.752832,41.686915],[-70.75284,41.685608],[-70.750953,41.685808],[-70.751868,41.684858],[-70.751664,41.682714],[-70.748048,41.680004],[-70.74737,41.678693],[-70.744281,41.675584],[-70.744243,41.674985],[-70.744884,41.673836],[-70.744414,41.672497],[-70.744888,41.672076],[-70.745856,41.67233],[-70.747755,41.673793],[-70.748022,41.673628],[-70.748756,41.674168],[-70.751424,41.678508],[-70.752818,41.679024],[-70.755286,41.679272],[-70.75625,41.680155],[-70.758811,41.680266],[-70.759675,41.679995],[-70.761991,41.678773],[-70.763036,41.677333],[-70.765299,41.67705],[-70.766075,41.676952],[-70.786076,41.67444],[-70.802938,41.687092],[-70.799074,41.710118],[-70.796189,41.728369],[-70.795003,41.728614],[-70.79384,41.730077],[-70.793995,41.730465],[-70.791737,41.732594],[-70.793717,41.734711],[-70.793211,41.743191],[-70.785767,41.747408],[-70.787497,41.749821],[-70.786628,41.756871],[-70.78005,41.762802],[-70.77881,41.761322],[-70.780266,41.758114]]]}},{"type":"Feature","properties":{"area_id":"170","layer":"municipality","name":"Marlborough","municipality_type":"city","county_id":"25017"},"geometry":{"type":"Polygon","coordinates":[[[-71.486797,42.330198],[-71.508217,42.327937],[-71.516528,42.330345],[-71.551126,42.326404],[-71.569085,42.320382],[-71.585208,42.310958],[-71.592253,42.317725],[-71.597364,42.321024],[-71.601886,42.32698],[-71.605267,42.330169],[-71.603592,42.331685],[-71.6041,42.336777],[-71.611525,42.339005],[-71.616034,42.341499],[-71.61755,42.341977],[-71.620659,42.345257],[-71.625826,42.349732],[-71.624704,42.350474],[-71.610008,42.357412],[-71.603066,42.367276],[-71.475506,42.380641],[-71.483299,42.35314],[-71.486797,42.330198]]]}},{"type":"Feature","properties":{"area_id":"171","layer":"municipality","name":"Marshfield","municipality_type":"town","county_id":"25023"},"geometry":{"type":"Polygon","coordinates":[[[-70.68005,42.126351],[-70.674793,42.120752],[-70.671883,42.118444],[-70.670806,42.116328],[-70.669547,42.114683],[-70.662217,42.106179],[-70.658666,42.103065],[-70.654217,42.100011],[-70.652416,42.098233],[-70.648707,42.096313],[-70.647684,42.094887],[-70.64499,42.092507],[-70.643449,42.09171],[-70.642079,42.091577],[-70.642399,42.091222],[-70.641967,42.089953],[-70.639547,42.087464],[-70.639501,42.084421],[-70.638653,42.082557],[-70.638885,42.081618],[-70.639659,42.080764],[-70.641367,42.080168],[-70.64256,42.078843],[-70.645531,42.077935],[-70.647239,42.076908],[-70.648239,42.074808],[-70.648531,42.072349],[-70.682762,42.057478],[-70.695904,42.06671],[-70.697318,42.067316],[-70.698485,42.069049],[-70.698443,42.070496],[-70.749717,42.096986],[-70.762324,42.103326],[-70.759468,42.109606],[-70.765908,42.109859],[-70.76655,42.114037],[-70.775979,42.112865],[-70.776171,42.113451],[-70.777282,42.113415],[-70.77509,42.115342],[-70.777145,42.116756],[-70.776634,42.117307],[-70.77793,42.119032],[-70.777387,42.120457],[-70.779629,42.121835],[-70.778511,42.123093],[-70.778511,42.124112],[-70.777957,42.124854],[-70.778072,42.12524],[-70.779623,42.12642],[-70.778822,42.127837],[-70.779302,42.129717],[-70.781561,42.129673],[-70.78228,42.130323],[-70.781846,42.131262],[-70.779933,42.131986],[-70.781494,42.1349],[-70.78055,42.136257],[-70.780625,42.136948],[-70.782962,42.139124],[-70.782831,42.14123],[-70.783105,42.142069],[-70.785629,42.143314],[-70.787877,42.145119],[-70.786409,42.146724],[-70.785737,42.149446],[-70.785124,42.149868],[-70.783525,42.149998],[-70.782937,42.150361],[-70.78313,42.152258],[-70.782652,42.153416],[-70.78244,42.156187],[-70.781725,42.156698],[-70.778982,42.156602],[-70.774592,42.154936],[-70.771777,42.155201],[-70.769836,42.154125],[-70.768655,42.154062],[-70.767218,42.155245],[-70.766737,42.157437],[-70.765752,42.158718],[-70.76406,42.158706],[-70.762914,42.157155],[-70.76181,42.156955],[-70.761339,42.157334],[-70.760792,42.158737],[-70.759891,42.1594],[-70.759043,42.159519],[-70.756651,42.158984],[-70.755767,42.159245],[-70.754207,42.160984],[-70.754379,42.16261],[-70.754047,42.163328],[-70.752407,42.16397],[-70.751706,42.16379],[-70.749482,42.164695],[-70.748155,42.164063],[-70.747093,42.161911],[-70.745793,42.161076],[-70.740551,42.160381],[-70.738648,42.160678],[-70.737384,42.16155],[-70.73647,42.16123],[-70.735546,42.160128],[-70.732801,42.159253],[-70.73215,42.159472],[-70.732658,42.160369],[-70.731906,42.159504],[-70.729553,42.160451],[-70.728913,42.161836],[-70.729111,42.162405],[-70.728822,42.162973],[-70.729832,42.16225],[-70.73009,42.162237],[-70.73005,42.162525],[-70.728866,42.163691],[-70.727767,42.164116],[-70.725626,42.16372],[-70.722528,42.162312],[-70.720206,42.162143],[-70.717572,42.16113],[-70.716539,42.161064],[-70.716607,42.160861],[-70.715371,42.160236],[-70.715315,42.159894],[-70.714514,42.159591],[-70.714887,42.159493],[-70.714917,42.159298],[-70.714063,42.159134],[-70.713786,42.158526],[-70.71258,42.157535],[-70.712369,42.156783],[-70.712811,42.154215],[-70.71176,42.15267],[-70.708566,42.151124],[-70.708499,42.150514],[-70.707814,42.150422],[-70.707073,42.149827],[-70.704789,42.149755],[-70.704327,42.149051],[-70.704385,42.148499],[-70.703992,42.148525],[-70.70362,42.148025],[-70.703659,42.145582],[-70.702487,42.14336],[-70.70135,42.14226],[-70.70011,42.142201],[-70.698374,42.141606],[-70.695935,42.140137],[-70.694881,42.138307],[-70.69397,42.137443],[-70.693756,42.136454],[-70.693952,42.136124],[-70.692967,42.134633],[-70.691675,42.133551],[-70.689589,42.133071],[-70.688442,42.131318],[-70.688378,42.13067],[-70.687377,42.130051],[-70.687205,42.128716],[-70.686773,42.128404],[-70.68671,42.1287],[-70.686259,42.128561],[-70.684554,42.127168],[-70.683915,42.12538],[-70.68339,42.124786],[-70.683001,42.124723],[-70.682948,42.12526],[-70.68005,42.126351]]]}},{"type":"Feature","properties":{"area_id":"172","layer":"municipality","name":"Mashpee","municipality_type":"town","county_id":"25001"},"geometry":{"type":"MultiPolygon","coordinates":[[[[-70.461819,41.588239],[-70.46101,41.586175],[-70.460212,41.585649],[-70.458795,41.583857],[-70.457699,41.583213],[-70.457808,41.58246],[-70.456981,41.581318],[-70.456841,41.580491],[-70.4571,41.580191],[-70.457056,41.579099],[-70.457559,41.578646],[-70.458099,41.578612],[-70.458216,41.579415],[-70.459101,41.58003],[-70.459486,41.581006],[-70.460233,41.581556],[-70.459223,41.582523],[-70.460581,41.582191],[-70.460911,41.582922],[-70.46054,41.583346],[-70.461595,41.583932],[-70.461994,41.584964],[-70.4629,41.585042],[-70.463426,41.58545],[-70.463513,41.586213],[-70.462056,41.587447],[-70.462301,41.588191],[-70.463446,41.588347],[-70.462836,41.588454],[-70.461819,41.588239]]],[[[-70.451059,41.656922],[-70.446515,41.650349],[-70.451713,41.642491],[-70.453238,41.641698],[-70.45319,41.639865],[-70.452557,41.638757],[-70.454357,41.639202],[-70.458477,41.63748],[-70.466304,41.637091],[-70.467599,41.634291],[-70.464568,41.632622],[-70.459728,41.633774],[-70.456435,41.635005],[-70.45596,41.634344],[-70.452739,41.635037],[-70.452465,41.634728],[-70.45223,41.632749],[-70.45159,41.632251],[-70.451295,41.630758],[-70.451524,41.629849],[-70.450703,41.627904],[-70.450796,41.626611],[-70.450103,41.625542],[-70.449705,41.624094],[-70.448956,41.623354],[-70.449239,41.623133],[-70.448745,41.622613],[-70.449057,41.622382],[-70.448607,41.6215],[-70.448947,41.621374],[-70.44897,41.620956],[-70.449338,41.620947],[-70.449862,41.620674],[-70.449835,41.619553],[-70.44952,41.619021],[-70.450461,41.619156],[-70.451048,41.618604],[-70.450608,41.617868],[-70.450557,41.616586],[-70.452356,41.617382],[-70.453625,41.617349],[-70.454259,41.616911],[-70.454106,41.616344],[-70.454465,41.615823],[-70.456619,41.61498],[-70.456635,41.613756],[-70.458561,41.613639],[-70.458329,41.612357],[-70.458936,41.611782],[-70.458803,41.610771],[-70.459574,41.610116],[-70.459384,41.60908],[-70.461357,41.607735],[-70.461571,41.607027],[-70.463043,41.60623],[-70.463227,41.605219],[-70.46266,41.604389],[-70.462781,41.603634],[-70.463543,41.603012],[-70.465451,41.602517],[-70.466014,41.601506],[-70.465558,41.600679],[-70.46635,41.600153],[-70.466829,41.599334],[-70.466888,41.598634],[-70.466329,41.597935],[-70.466567,41.597154],[-70.466993,41.59687],[-70.468014,41.59689],[-70.468528,41.59636],[-70.468403,41.595604],[-70.466999,41.595124],[-70.466106,41.594424],[-70.465869,41.593151],[-70.468845,41.592671],[-70.469578,41.592101],[-70.469959,41.59132],[-70.469163,41.589646],[-70.467996,41.589014],[-70.467201,41.589122],[-70.465625,41.590111],[-70.465735,41.591406],[-70.464238,41.590492],[-70.464138,41.58994],[-70.465229,41.58869],[-70.464875,41.588187],[-70.463688,41.58765],[-70.46387,41.587282],[-70.463285,41.586894],[-70.464135,41.586492],[-70.463951,41.584886],[-70.462468,41.58425],[-70.461812,41.582867],[-70.460994,41.582083],[-70.461365,41.581419],[-70.460746,41.581291],[-70.459966,41.579849],[-70.459235,41.579357],[-70.459323,41.578427],[-70.458864,41.577942],[-70.45815,41.577757],[-70.458042,41.578147],[-70.45727,41.578412],[-70.453929,41.582937],[-70.452361,41.584403],[-70.4526,41.585308],[-70.451624,41.586096],[-70.452305,41.586913],[-70.452077,41.58748],[-70.45156,41.587306],[-70.450961,41.586362],[-70.45105,41.585136],[-70.456973,41.57839],[-70.458012,41.576834],[-70.45786,41.575844],[-70.460555,41.572596],[-70.462181,41.571372],[-70.467757,41.565692],[-70.473315,41.561519],[-70.475822,41.559045],[-70.478144,41.55764],[-70.483636,41.55539],[-70.48653,41.553834],[-70.489439,41.553514],[-70.493748,41.551858],[-70.498358,41.552121],[-70.504422,41.551572],[-70.524872,41.548757],[-70.526126,41.548369],[-70.527191,41.547577],[-70.527668,41.548297],[-70.527513,41.54909],[-70.527894,41.549915],[-70.525921,41.55141],[-70.524941,41.551622],[-70.521708,41.550864],[-70.519143,41.55098],[-70.517224,41.551758],[-70.515675,41.553328],[-70.515869,41.554104],[-70.515412,41.555545],[-70.514956,41.559475],[-70.512472,41.562334],[-70.511924,41.56342],[-70.509551,41.565906],[-70.509984,41.566209],[-70.510622,41.565863],[-70.510683,41.56535],[-70.512562,41.563719],[-70.51274,41.563216],[-70.513424,41.562964],[-70.514015,41.562077],[-70.5145,41.561916],[-70.514926,41.560903],[-70.516392,41.559301],[-70.517512,41.558904],[-70.516397,41.560433],[-70.516257,41.561432],[-70.514998,41.562416],[-70.513851,41.564498],[-70.513799,41.56582],[-70.51413,41.566825],[-70.515222,41.568209],[-70.515201,41.568843],[-70.514156,41.568514],[-70.513786,41.567543],[-70.513326,41.56752],[-70.512421,41.568434],[-70.512153,41.570604],[-70.510714,41.571111],[-70.510726,41.571497],[-70.510288,41.571572],[-70.507936,41.573632],[-70.50748,41.574315],[-70.506585,41.577504],[-70.504633,41.578554],[-70.505502,41.579079],[-70.505506,41.579445],[-70.504156,41.58131],[-70.503651,41.582923],[-70.50227,41.584761],[-70.5009,41.588316],[-70.500057,41.589146],[-70.500215,41.590049],[-70.498894,41.591762],[-70.498765,41.592575],[-70.497998,41.593799],[-70.525398,41.599905],[-70.533553,41.626849],[-70.539686,41.637287],[-70.535902,41.641361],[-70.533009,41.642668],[-70.529658,41.645014],[-70.523175,41.650448],[-70.520806,41.655007],[-70.519251,41.656944],[-70.516459,41.663954],[-70.515497,41.668815],[-70.513504,41.673621],[-70.511318,41.676085],[-70.497175,41.670658],[-70.497393,41.671419],[-70.49524,41.671494],[-70.494739,41.672062],[-70.494019,41.672292],[-70.493549,41.673643],[-70.493907,41.674635],[-70.493853,41.676839],[-70.496771,41.678097],[-70.497201,41.683491],[-70.478059,41.685138],[-70.475554,41.68243],[-70.474926,41.678465],[-70.475076,41.676802],[-70.475879,41.676758],[-70.482171,41.665983],[-70.480555,41.661033],[-70.47546,41.659783],[-70.471786,41.664391],[-70.471207,41.665978],[-70.458737,41.66405],[-70.451059,41.656922]]]]}},{"type":"Feature","properties":{"area_id":"173","layer":"municipality","name":"Mattapoisett","municipality_type":"town","county_id":"25023"},"geometry":{"type":"MultiPolygon","coordinates":[[[[-70.763036,41.677333],[-70.763181,41.676974],[-70.765299,41.67705],[-70.763036,41.677333]]],[[[-70.802938,41.687092],[-70.786076,41.67444],[-70.766075,41.676952],[-70.766354,41.676681],[-70.764031,41.67655],[-70.763185,41.675943],[-70.76343,41.674782],[-70.762901,41.673545],[-70.761545,41.67235],[-70.76102,41.672327],[-70.760877,41.671193],[-70.759192,41.670222],[-70.757652,41.668247],[-70.757539,41.667696],[-70.757921,41.667511],[-70.761987,41.667291],[-70.762243,41.665951],[-70.761801,41.665071],[-70.760395,41.664153],[-70.760268,41.66355],[-70.759413,41.663188],[-70.758798,41.661725],[-70.75804,41.661166],[-70.757947,41.66064],[-70.758436,41.659396],[-70.757484,41.657462],[-70.757583,41.65419],[-70.756427,41.652951],[-70.757301,41.652465],[-70.758463,41.653246],[-70.759086,41.653292],[-70.762054,41.652468],[-70.762909,41.651472],[-70.762287,41.649785],[-70.76246,41.648272],[-70.763199,41.648138],[-70.763803,41.648675],[-70.765135,41.649043],[-70.76763,41.647434],[-70.767895,41.645109],[-70.764686,41.643139],[-70.765118,41.642945],[-70.764931,41.642067],[-70.764481,41.642263],[-70.764404,41.641511],[-70.763755,41.64047],[-70.76457,41.640581],[-70.765305,41.641162],[-70.766348,41.642101],[-70.766272,41.642819],[-70.768181,41.644412],[-70.768766,41.643898],[-70.768569,41.64316],[-70.768923,41.643162],[-70.769097,41.642562],[-70.768837,41.641021],[-70.770201,41.640982],[-70.77087,41.641488],[-70.771806,41.642872],[-70.773821,41.64478],[-70.774133,41.645675],[-70.775025,41.646109],[-70.77442,41.646115],[-70.775102,41.646886],[-70.77443,41.647326],[-70.774312,41.64777],[-70.775466,41.649058],[-70.774051,41.650697],[-70.774914,41.651367],[-70.776357,41.650677],[-70.777847,41.650812],[-70.778356,41.650529],[-70.778855,41.650903],[-70.778854,41.651331],[-70.779378,41.65155],[-70.784196,41.651837],[-70.787078,41.651518],[-70.788648,41.652669],[-70.789451,41.652695],[-70.792447,41.652243],[-70.793101,41.651524],[-70.795525,41.650529],[-70.797084,41.651433],[-70.798678,41.652811],[-70.799017,41.653484],[-70.801165,41.654104],[-70.802173,41.655277],[-70.804313,41.656323],[-70.80558,41.657489],[-70.807151,41.657709],[-70.808015,41.658256],[-70.809754,41.657738],[-70.810022,41.658057],[-70.810493,41.657984],[-70.810549,41.657677],[-70.811485,41.657878],[-70.812614,41.65717],[-70.813674,41.657203],[-70.814827,41.657777],[-70.816776,41.657019],[-70.817052,41.656529],[-70.818667,41.656539],[-70.819939,41.65582],[-70.821186,41.654179],[-70.822099,41.653868],[-70.823232,41.651807],[-70.824399,41.651029],[-70.824725,41.649513],[-70.823723,41.649048],[-70.821087,41.64896],[-70.820898,41.648053],[-70.820139,41.647162],[-70.818948,41.646973],[-70.817774,41.646187],[-70.816135,41.645749],[-70.815904,41.645127],[-70.815503,41.644945],[-70.815613,41.644609],[-70.813643,41.644061],[-70.811006,41.6441],[-70.80896,41.643721],[-70.807472,41.64293],[-70.806834,41.642948],[-70.806297,41.64221],[-70.804492,41.641643],[-70.804071,41.640732],[-70.803181,41.6399],[-70.802628,41.638287],[-70.802177,41.637967],[-70.801929,41.636162],[-70.800883,41.634445],[-70.800637,41.632747],[-70.799624,41.631545],[-70.79992,41.630715],[-70.800685,41.630017],[-70.800589,41.629479],[-70.80094,41.628806],[-70.802128,41.62887],[-70.803087,41.628285],[-70.80345,41.628464],[-70.803385,41.628231],[-70.804189,41.627951],[-70.803446,41.62727],[-70.803823,41.627313],[-70.804501,41.626481],[-70.805641,41.6264],[-70.807645,41.625115],[-70.810391,41.624364],[-70.812683,41.625796],[-70.813162,41.626823],[-70.813971,41.627067],[-70.816202,41.629394],[-70.817289,41.631418],[-70.81567,41.631056],[-70.815,41.631843],[-70.814292,41.631895],[-70.814213,41.63228],[-70.816014,41.634806],[-70.817535,41.63479],[-70.81777,41.635202],[-70.818605,41.635025],[-70.817864,41.632854],[-70.818094,41.632458],[-70.820518,41.633052],[-70.821776,41.632928],[-70.822322,41.633312],[-70.823355,41.632855],[-70.823601,41.632367],[-70.822928,41.631532],[-70.822241,41.631603],[-70.821866,41.631219],[-70.821564,41.630457],[-70.821676,41.628665],[-70.820759,41.627679],[-70.819304,41.627099],[-70.818191,41.625996],[-70.816644,41.62546],[-70.816564,41.625023],[-70.817498,41.623658],[-70.818773,41.624171],[-70.819345,41.624904],[-70.81867,41.625405],[-70.818952,41.62633],[-70.819728,41.626969],[-70.820456,41.627099],[-70.821713,41.628513],[-70.824191,41.628539],[-70.825405,41.627887],[-70.825857,41.626971],[-70.827148,41.626583],[-70.829072,41.625033],[-70.830928,41.625137],[-70.832473,41.624585],[-70.832427,41.624214],[-70.832977,41.624791],[-70.83537,41.624426],[-70.838084,41.625076],[-70.840284,41.626274],[-70.841735,41.627644],[-70.84317,41.628468],[-70.845243,41.644674],[-70.858207,41.681155],[-70.865004,41.700172],[-70.843115,41.701633],[-70.843654,41.701927],[-70.843636,41.70242],[-70.844171,41.70259],[-70.844291,41.703084],[-70.843458,41.705353],[-70.799074,41.710118],[-70.802938,41.687092]]]]}},{"type":"Feature","properties":{"area_id":"174","layer":"municipality","name":"Maynard","municipality_type":"town","county_id":"25017"},"geometry":{"type":"Polygon","coordinates":[[[-71.442621,42.406965],[-71.469444,42.402602],[-71.478383,42.437112],[-71.464329,42.450329],[-71.430395,42.436948],[-71.442621,42.406965]]]}},{"type":"Feature","properties":{"area_id":"175","layer":"municipality","name":"Medfield","municipality_type":"town","county_id":"25021"},"geometry":{"type":"Polygon","coordinates":[[[-71.275672,42.181676],[-71.275026,42.148632],[-71.303746,42.149505],[-71.339662,42.149385],[-71.339239,42.150846],[-71.336414,42.152417],[-71.336393,42.153091],[-71.334781,42.153381],[-71.334098,42.15398],[-71.333846,42.154994],[-71.334255,42.156172],[-71.333963,42.156767],[-71.332764,42.157726],[-71.331479,42.157596],[-71.33165,42.158003],[-71.332887,42.158412],[-71.333202,42.159076],[-71.332412,42.160417],[-71.331579,42.159745],[-71.330849,42.159965],[-71.33101,42.160736],[-71.332113,42.160974],[-71.331987,42.161302],[-71.331258,42.161358],[-71.331055,42.161686],[-71.332503,42.161995],[-71.331445,42.162879],[-71.33101,42.164099],[-71.332777,42.163637],[-71.332621,42.164651],[-71.333138,42.165251],[-71.33255,42.165986],[-71.333712,42.165973],[-71.334007,42.166631],[-71.331268,42.16824],[-71.331958,42.168584],[-71.332994,42.168198],[-71.333077,42.168423],[-71.332302,42.169134],[-71.333252,42.169357],[-71.333327,42.169714],[-71.33253,42.169998],[-71.332039,42.170733],[-71.330359,42.170866],[-71.327926,42.172711],[-71.326458,42.172409],[-71.3259,42.173037],[-71.325469,42.172134],[-71.32452,42.172449],[-71.324138,42.171777],[-71.323829,42.172155],[-71.323952,42.172898],[-71.323041,42.172525],[-71.322571,42.172668],[-71.323356,42.17324],[-71.322971,42.17361],[-71.322356,42.173752],[-71.320246,42.173328],[-71.319888,42.174277],[-71.318978,42.173854],[-71.318804,42.174297],[-71.319337,42.175918],[-71.318189,42.178044],[-71.318772,42.178637],[-71.319703,42.178924],[-71.32028,42.178247],[-71.320894,42.17834],[-71.32016,42.17991],[-71.321677,42.180208],[-71.323141,42.181471],[-71.32556,42.181667],[-71.326555,42.18274],[-71.326014,42.184103],[-71.327789,42.184212],[-71.32772,42.185012],[-71.329611,42.185065],[-71.328426,42.186398],[-71.328819,42.186691],[-71.330499,42.186858],[-71.330736,42.187929],[-71.33202,42.188752],[-71.333027,42.188896],[-71.335102,42.188464],[-71.335589,42.189457],[-71.335825,42.191249],[-71.338378,42.191217],[-71.339407,42.190654],[-71.339376,42.193437],[-71.34009,42.193889],[-71.339072,42.194109],[-71.338975,42.194388],[-71.340233,42.194432],[-71.340558,42.194918],[-71.340096,42.19536],[-71.338579,42.195344],[-71.33827,42.196021],[-71.339402,42.19648],[-71.339276,42.196901],[-71.340091,42.197192],[-71.340003,42.197752],[-71.340272,42.197973],[-71.342729,42.198148],[-71.342755,42.198887],[-71.342371,42.199311],[-71.342879,42.19979],[-71.34357,42.19982],[-71.343919,42.198457],[-71.34462,42.198593],[-71.345088,42.199294],[-71.344134,42.20071],[-71.344185,42.201344],[-71.345481,42.201911],[-71.346385,42.202819],[-71.346839,42.203746],[-71.346542,42.20465],[-71.349219,42.204964],[-71.350701,42.205792],[-71.351967,42.20702],[-71.35218,42.207498],[-71.35167,42.208453],[-71.351481,42.211555],[-71.349983,42.21396],[-71.347036,42.215548],[-71.339955,42.213881],[-71.338506,42.215239],[-71.271059,42.215641],[-71.268089,42.209589],[-71.26957,42.200508],[-71.275672,42.181676]]]}},{"type":"Feature","properties":{"area_id":"176","layer":"municipality","name":"Medford","municipality_type":"city","county_id":"25017"},"geometry":{"type":"MultiPolygon","coordinates":[[[[-71.088032,42.429035],[-71.089063,42.429124],[-71.089447,42.426633],[-71.08588,42.417922],[-71.083491,42.416016],[-71.081725,42.415166],[-71.079311,42.414947],[-71.077133,42.413294],[-71.076182,42.413135],[-71.075435,42.41324],[-71.074703,42.412441],[-71.073419,42.412533],[-71.073553,42.409402],[-71.073786,42.408877],[-71.07338,42.408426],[-71.072451,42.406356],[-71.072796,42.404151],[-71.073929,42.402422],[-71.076594,42.400013],[-71.076885,42.399194],[-71.07687,42.397378],[-71.077592,42.3979],[-71.07766,42.399202],[-71.07941,42.400385],[-71.082459,42.400895],[-71.083501,42.400601],[-71.08379,42.401138],[-71.084737,42.401572],[-71.087321,42.401622],[-71.087546,42.401314],[-71.089503,42.400994],[-71.092988,42.402768],[-71.093431,42.402728],[-71.09427,42.402219],[-71.094688,42.401335],[-71.092433,42.399095],[-71.096689,42.400463],[-71.100395,42.396233],[-71.112376,42.400236],[-71.113937,42.401025],[-71.11549,42.402914],[-71.115459,42.405128],[-71.121753,42.407125],[-71.121559,42.407444],[-71.123884,42.408236],[-71.123295,42.409178],[-71.125704,42.409997],[-71.12617,42.409294],[-71.12804,42.410719],[-71.126981,42.412317],[-71.129923,42.413336],[-71.126842,42.416813],[-71.12714,42.418046],[-71.129987,42.417575],[-71.131414,42.416985],[-71.131614,42.41552],[-71.132436,42.415228],[-71.134208,42.415475],[-71.136291,42.415154],[-71.138459,42.415525],[-71.140085,42.416441],[-71.141544,42.418393],[-71.14276,42.419361],[-71.142965,42.42007],[-71.142668,42.421867],[-71.145185,42.422806],[-71.146846,42.425399],[-71.149887,42.435849],[-71.129072,42.435559],[-71.12715,42.438895],[-71.121977,42.439795],[-71.124139,42.444118],[-71.121347,42.448679],[-71.119403,42.453454],[-71.104868,42.448888],[-71.085639,42.444696],[-71.088032,42.429035]]],[[[-71.071968,42.407448],[-71.071297,42.406931],[-71.071635,42.406365],[-71.071968,42.407448]]]]}},{"type":"Feature","properties":{"area_id":"177","layer":"municipality","name":"Medway","municipality_type":"town","county_id":"25021"},"geometry":{"type":"Polygon","coordinates":[[[-71.375627,42.135457],[-71.37811,42.135401],[-71.378944,42.135843],[-71.379585,42.135769],[-71.380045,42.134601],[-71.379219,42.13345],[-71.380189,42.132934],[-71.380592,42.133152],[-71.381102,42.132875],[-71.382094,42.1335],[-71.382822,42.133169],[-71.383336,42.133523],[-71.383133,42.133826],[-71.382074,42.13379],[-71.382927,42.134222],[-71.382804,42.13504],[-71.382097,42.135556],[-71.383092,42.135524],[-71.383495,42.135202],[-71.384991,42.135284],[-71.397111,42.137337],[-71.39909,42.138777],[-71.402343,42.139551],[-71.403251,42.139145],[-71.404163,42.137584],[-71.405016,42.136789],[-71.406238,42.136317],[-71.408767,42.134238],[-71.41003,42.13399],[-71.411329,42.134424],[-71.412692,42.133613],[-71.414198,42.134044],[-71.415834,42.135643],[-71.414708,42.137348],[-71.414982,42.138231],[-71.417736,42.136739],[-71.418973,42.136431],[-71.419323,42.137454],[-71.419675,42.13761],[-71.419991,42.137211],[-71.420537,42.13755],[-71.419002,42.138362],[-71.418983,42.138866],[-71.419452,42.139],[-71.42183,42.138737],[-71.423341,42.139151],[-71.424383,42.139054],[-71.427086,42.138576],[-71.427853,42.138117],[-71.42879,42.13829],[-71.429544,42.138984],[-71.430279,42.139018],[-71.430942,42.138271],[-71.432084,42.137883],[-71.433089,42.136504],[-71.433865,42.13598],[-71.433497,42.135654],[-71.433798,42.13517],[-71.434227,42.135104],[-71.434299,42.135621],[-71.434745,42.135599],[-71.434881,42.135083],[-71.434491,42.134362],[-71.436194,42.134328],[-71.438625,42.135194],[-71.440235,42.13528],[-71.441427,42.134838],[-71.442694,42.135794],[-71.478523,42.131387],[-71.47812,42.156791],[-71.472745,42.156883],[-71.464005,42.158208],[-71.444015,42.174929],[-71.430171,42.17939],[-71.423731,42.179262],[-71.42355,42.17814],[-71.402294,42.178803],[-71.375627,42.135457]]]}},{"type":"Feature","properties":{"area_id":"178","layer":"municipality","name":"Melrose","municipality_type":"city","county_id":"25017"},"geometry":{"type":"Polygon","coordinates":[[[-71.08292,42.438849],[-71.082117,42.443949],[-71.079191,42.461657],[-71.078153,42.474029],[-71.069306,42.471646],[-71.061357,42.472669],[-71.061323,42.474205],[-71.053365,42.475934],[-71.025836,42.444718],[-71.08292,42.438849]]]}},{"type":"Feature","properties":{"area_id":"179","layer":"municipality","name":"Mendon","municipality_type":"town","county_id":"25027"},"geometry":{"type":"Polygon","coordinates":[[[-71.499417,42.102975],[-71.496703,42.102259],[-71.497295,42.101795],[-71.496339,42.10163],[-71.496624,42.101213],[-71.495837,42.100725],[-71.496091,42.100368],[-71.495283,42.099966],[-71.496112,42.098189],[-71.496512,42.097998],[-71.496493,42.097204],[-71.497457,42.096451],[-71.497495,42.095851],[-71.497031,42.095705],[-71.497671,42.095043],[-71.498128,42.093423],[-71.498282,42.064887],[-71.563921,42.064067],[-71.591958,42.063703],[-71.592624,42.114286],[-71.592749,42.121657],[-71.573415,42.135798],[-71.570006,42.139193],[-71.571592,42.142376],[-71.569339,42.142646],[-71.561023,42.133057],[-71.559675,42.132152],[-71.557898,42.130093],[-71.55602,42.128635],[-71.553903,42.127741],[-71.552289,42.126038],[-71.550045,42.122689],[-71.544656,42.120559],[-71.541828,42.118434],[-71.536522,42.112579],[-71.535492,42.110815],[-71.528705,42.103666],[-71.524108,42.101808],[-71.52164,42.100054],[-71.518747,42.099413],[-71.516894,42.099523],[-71.507787,42.102421],[-71.499685,42.103494],[-71.499417,42.102975]]]}},{"type":"Feature","properties":{"area_id":"180","layer":"municipality","name":"Merrimac","municipality_type":"town","county_id":"25009"},"geometry":{"type":"Polygon","coordinates":[[[-70.972424,42.823952],[-70.979605,42.824583],[-70.986113,42.823738],[-70.991202,42.822127],[-70.995061,42.821869],[-70.99645,42.821468],[-71.000107,42.818881],[-71.001158,42.817272],[-71.001204,42.813731],[-71.000845,42.812524],[-70.999604,42.810549],[-71.053994,42.833285],[-71.044921,42.848675],[-71.031198,42.859306],[-71.004902,42.863356],[-70.979794,42.844871],[-70.969165,42.822472],[-70.972424,42.823952]]]}},{"type":"Feature","properties":{"area_id":"181","layer":"municipality","name":"Methuen","municipality_type":"city","county_id":"25009"},"geometry":{"type":"Polygon","coordinates":[[[-71.116464,42.739068],[-71.118607,42.736633],[-71.124462,42.731663],[-71.12716,42.727979],[-71.131019,42.724149],[-71.134198,42.721512],[-71.169054,42.72238],[-71.170888,42.723279],[-71.172273,42.721715],[-71.191213,42.710579],[-71.188858,42.696274],[-71.190986,42.697438],[-71.19455,42.698392],[-71.202329,42.698896],[-71.212799,42.701196],[-71.216426,42.701052],[-71.218174,42.700639],[-71.219821,42.699815],[-71.221368,42.698283],[-71.224623,42.693942],[-71.22565,42.685791],[-71.228664,42.679221],[-71.234091,42.67252],[-71.238179,42.669428],[-71.255133,42.736483],[-71.245427,42.742555],[-71.237432,42.744903],[-71.223826,42.746495],[-71.181787,42.73735],[-71.186141,42.790944],[-71.182399,42.794338],[-71.130566,42.76076],[-71.129779,42.758014],[-71.126213,42.752735],[-71.125126,42.751663],[-71.12139,42.749554],[-71.118263,42.746331],[-71.116442,42.744247],[-71.115626,42.74224],[-71.115579,42.741112],[-71.116464,42.739068]]]}},{"type":"Feature","properties":{"area_id":"182","layer":"municipality","name":"Middleborough","municipality_type":"town","county_id":"25023"},"geometry":{"type":"Polygon","coordinates":[[[-70.845646,41.94273],[-70.829828,41.927708],[-70.815505,41.913637],[-70.802471,41.875312],[-70.81178,41.873596],[-70.809185,41.868704],[-70.801552,41.862284],[-70.799005,41.861189],[-70.797199,41.861259],[-70.793927,41.857281],[-70.793663,41.852843],[-70.79485,41.850834],[-70.794466,41.849223],[-70.791494,41.846229],[-70.790226,41.846155],[-70.789803,41.84451],[-70.790831,41.843485],[-70.790706,41.842794],[-70.788122,41.841221],[-70.788445,41.839989],[-70.787886,41.839479],[-70.788439,41.839145],[-70.788828,41.838204],[-70.789663,41.838135],[-70.788932,41.83647],[-70.786633,41.835991],[-70.786952,41.835059],[-70.78618,41.835342],[-70.784758,41.833766],[-70.783843,41.834428],[-70.782536,41.833579],[-70.780545,41.834008],[-70.780821,41.833427],[-70.780176,41.833214],[-70.780251,41.8336],[-70.779938,41.833556],[-70.779498,41.832523],[-70.779798,41.832236],[-70.77916,41.832008],[-70.779408,41.83167],[-70.779028,41.831646],[-70.778627,41.832123],[-70.777762,41.831952],[-70.776329,41.832301],[-70.775207,41.831566],[-70.773722,41.831949],[-70.772342,41.831782],[-70.771936,41.830976],[-70.772183,41.830402],[-70.771574,41.830008],[-70.770261,41.825786],[-70.763178,41.809802],[-70.771742,41.80893],[-70.8964,41.794329],[-70.898648,41.81497],[-70.893861,41.826333],[-70.893457,41.827952],[-70.893886,41.828808],[-70.918706,41.851952],[-70.918898,41.852737],[-70.917131,41.855786],[-70.917189,41.856536],[-70.916816,41.857209],[-70.917748,41.858724],[-70.916263,41.859939],[-70.914541,41.8596],[-70.914124,41.860272],[-70.914321,41.860596],[-70.913448,41.860694],[-70.912877,41.861735],[-70.914448,41.862141],[-70.914595,41.863528],[-70.913509,41.863868],[-70.915339,41.864417],[-70.91469,41.865283],[-70.915989,41.865815],[-70.915093,41.866065],[-70.915041,41.86632],[-70.916738,41.867175],[-70.916473,41.867691],[-70.914921,41.86844],[-70.914625,41.869054],[-70.912969,41.870252],[-70.914617,41.87209],[-70.916328,41.872578],[-70.916096,41.874841],[-70.916612,41.876538],[-70.916412,41.876926],[-70.919206,41.879032],[-70.963344,41.896395],[-70.964761,41.899403],[-70.967134,41.901262],[-70.970409,41.901328],[-70.971964,41.901738],[-70.972371,41.901368],[-70.976283,41.901159],[-70.977862,41.902543],[-70.978738,41.9039],[-70.980102,41.903616],[-70.981115,41.904979],[-70.982606,41.905875],[-70.98341,41.905977],[-70.984875,41.907459],[-70.987256,41.905816],[-70.988902,41.905813],[-70.98968,41.906502],[-70.990592,41.906698],[-70.99134,41.906562],[-70.99185,41.90609],[-70.993152,41.906454],[-70.991926,41.907515],[-70.991032,41.909675],[-70.991978,41.91561],[-70.992508,41.916185],[-70.993667,41.916468],[-70.99431,41.916011],[-70.994423,41.915004],[-70.995083,41.914977],[-70.996348,41.915635],[-70.997133,41.916691],[-70.997397,41.918407],[-70.996815,41.921184],[-70.997223,41.92312],[-70.995727,41.924451],[-70.995628,41.925685],[-70.996806,41.927428],[-70.999862,41.928623],[-70.999776,41.929678],[-70.998753,41.929834],[-70.998296,41.930222],[-70.998691,41.932146],[-70.997902,41.934283],[-70.995958,41.933194],[-70.992515,41.932245],[-70.991455,41.931631],[-70.990038,41.931684],[-70.987923,41.934163],[-70.987132,41.937618],[-70.984707,41.938227],[-70.979499,41.940466],[-70.976064,41.939403],[-70.974859,41.93963],[-70.97406,41.940156],[-70.973391,41.94006],[-70.970844,41.938992],[-70.968518,41.938517],[-70.965905,41.936832],[-70.960725,41.935929],[-70.959311,41.934799],[-70.95693,41.934053],[-70.956096,41.934032],[-70.954453,41.934611],[-70.952348,41.934302],[-70.949245,41.93444],[-70.94799,41.934005],[-70.947019,41.932756],[-70.94622,41.932685],[-70.94369,41.934933],[-70.942562,41.937504],[-70.940746,41.938719],[-70.938794,41.941171],[-70.938069,41.943356],[-70.936374,41.946314],[-70.936914,41.949044],[-70.936094,41.951843],[-70.93597,41.953344],[-70.934607,41.954844],[-70.933915,41.957091],[-70.932602,41.958678],[-70.929215,41.960232],[-70.925792,41.959777],[-70.924275,41.959062],[-70.923597,41.959079],[-70.922779,41.959676],[-70.922684,41.960868],[-70.92179,41.962487],[-70.92067,41.963098],[-70.920011,41.962984],[-70.920163,41.962389],[-70.919623,41.962068],[-70.917568,41.961944],[-70.915206,41.961085],[-70.913994,41.961082],[-70.913435,41.961568],[-70.914833,41.962014],[-70.914154,41.962985],[-70.913516,41.963369],[-70.912484,41.963135],[-70.910054,41.963976],[-70.909836,41.96444],[-70.910722,41.965412],[-70.910827,41.966017],[-70.908533,41.966395],[-70.869129,41.948287],[-70.860881,41.954995],[-70.845646,41.94273]]]}},{"type":"Feature","properties":{"area_id":"183","layer":"municipality","name":"Middlefield","municipality_type":"town","county_id":"25015"},"geometry":{"type":"Polygon","coordinates":[[[-72.953827,42.343869],[-73.000268,42.312623],[-73.001806,42.312003],[-73.00207,42.310389],[-73.00355,42.30944],[-73.003552,42.307893],[-73.005818,42.306487],[-73.005814,42.305962],[-73.005212,42.305473],[-73.005355,42.305209],[-73.006612,42.304803],[-73.007612,42.304949],[-73.008777,42.304486],[-73.010538,42.304849],[-73.012743,42.306776],[-73.014218,42.308489],[-73.014332,42.309045],[-73.016536,42.311122],[-73.017105,42.310968],[-73.018243,42.309013],[-73.020148,42.308268],[-73.022074,42.309514],[-73.023304,42.309572],[-73.024925,42.309181],[-73.026238,42.307999],[-73.029399,42.308577],[-73.031283,42.30931],[-73.03283,42.310504],[-73.034956,42.312801],[-73.039319,42.315338],[-73.039631,42.318639],[-73.040752,42.320191],[-73.041875,42.320313],[-73.043198,42.319743],[-73.045446,42.319405],[-73.046676,42.320754],[-73.049017,42.321427],[-73.052657,42.324298],[-73.062887,42.32896],[-73.064298,42.339737],[-73.06851,42.380728],[-73.065773,42.38912],[-73.011684,42.379692],[-73.009081,42.387742],[-72.976502,42.391457],[-72.977346,42.386754],[-72.977907,42.385253],[-72.975763,42.383571],[-72.975096,42.380505],[-72.974351,42.379244],[-72.97384,42.37688],[-72.973169,42.376324],[-72.970895,42.375525],[-72.970075,42.374776],[-72.969617,42.373597],[-72.968504,42.372916],[-72.967523,42.372807],[-72.966939,42.3719],[-72.964982,42.370389],[-72.965088,42.36972],[-72.966038,42.36905],[-72.966318,42.367812],[-72.968576,42.365946],[-72.968905,42.364897],[-72.966001,42.364047],[-72.965975,42.363678],[-72.966829,42.362552],[-72.965557,42.36085],[-72.963751,42.357417],[-72.963077,42.353507],[-72.961819,42.352758],[-72.960132,42.350407],[-72.957519,42.347633],[-72.953945,42.345921],[-72.953274,42.343838],[-72.953827,42.343869]]]}},{"type":"Feature","properties":{"area_id":"184","layer":"municipality","name":"Middleton","municipality_type":"town","county_id":"25009"},"geometry":{"type":"Polygon","coordinates":[[[-70.98233,42.616664],[-70.982922,42.61517],[-70.983536,42.61455],[-70.983361,42.614257],[-70.9837,42.613608],[-70.985316,42.61222],[-70.985193,42.61169],[-70.984736,42.611652],[-70.984664,42.611294],[-70.982145,42.609131],[-70.982277,42.607905],[-70.981801,42.6071],[-70.980815,42.606447],[-70.976057,42.605122],[-70.973282,42.603029],[-70.970542,42.602823],[-70.969004,42.601226],[-70.967859,42.600749],[-70.966238,42.601125],[-70.964807,42.599589],[-70.974404,42.594532],[-70.986059,42.591841],[-70.98559,42.589897],[-70.98642,42.589714],[-70.990004,42.586757],[-70.991698,42.586433],[-70.991187,42.58514],[-70.991478,42.583063],[-70.990829,42.58257],[-70.991302,42.581414],[-70.990801,42.581213],[-70.990502,42.581752],[-70.990129,42.581768],[-70.989852,42.580848],[-70.99091,42.580018],[-70.991809,42.578423],[-70.993069,42.578199],[-70.993291,42.577631],[-70.992603,42.576704],[-70.993299,42.576643],[-70.993112,42.576176],[-70.993892,42.575597],[-70.993036,42.574913],[-70.993155,42.574247],[-70.993882,42.573699],[-70.99509,42.573711],[-70.994409,42.572454],[-70.995924,42.572221],[-70.995121,42.57161],[-70.995148,42.571293],[-70.995508,42.571594],[-70.99588,42.57101],[-70.996364,42.570948],[-70.996229,42.571544],[-70.996767,42.571289],[-70.997018,42.570225],[-70.995843,42.570174],[-70.996878,42.569582],[-70.996364,42.569158],[-70.996506,42.568851],[-70.997196,42.569115],[-70.997352,42.568894],[-70.997044,42.568675],[-70.997936,42.568361],[-70.997057,42.567725],[-70.997913,42.567057],[-70.998701,42.567049],[-71.000123,42.566237],[-71.000636,42.56625],[-71.001284,42.565553],[-71.002033,42.565585],[-71.002298,42.564028],[-71.002814,42.563368],[-71.003438,42.565083],[-71.006355,42.564988],[-71.008715,42.564132],[-71.009127,42.564733],[-71.0126,42.566113],[-71.015132,42.567902],[-71.020004,42.568352],[-71.02093,42.568702],[-71.021202,42.569899],[-71.023252,42.570399],[-71.024446,42.569365],[-71.029317,42.569988],[-71.029811,42.565165],[-71.034833,42.565504],[-71.03546,42.570268],[-71.028313,42.57409],[-71.033999,42.585501],[-71.059353,42.606336],[-71.058767,42.609086],[-71.054558,42.627661],[-71.02231,42.641645],[-70.985347,42.621719],[-70.983579,42.62194],[-70.983182,42.621571],[-70.981055,42.62162],[-70.980484,42.621361],[-70.979989,42.62171],[-70.977352,42.621507],[-70.977412,42.620979],[-70.977024,42.620692],[-70.976068,42.62111],[-70.98233,42.616664]]]}},{"type":"Feature","properties":{"area_id":"185","layer":"municipality","name":"Milford","municipality_type":"town","county_id":"25027"},"geometry":{"type":"Polygon","coordinates":[[[-71.478523,42.131387],[-71.490271,42.124515],[-71.501413,42.116673],[-71.50162,42.117444],[-71.502797,42.11742],[-71.503662,42.118158],[-71.505289,42.118284],[-71.505633,42.118766],[-71.506012,42.118757],[-71.507263,42.120315],[-71.507127,42.121302],[-71.509844,42.123932],[-71.519239,42.1242],[-71.538153,42.138051],[-71.539303,42.138368],[-71.56322,42.153385],[-71.563267,42.153812],[-71.562345,42.154623],[-71.562084,42.15545],[-71.561214,42.15531],[-71.560879,42.155537],[-71.560955,42.158323],[-71.561915,42.158971],[-71.562373,42.160003],[-71.563504,42.160693],[-71.563851,42.162183],[-71.563523,42.162392],[-71.563467,42.163294],[-71.564442,42.164213],[-71.564322,42.165925],[-71.56284,42.167848],[-71.559809,42.167117],[-71.559784,42.167632],[-71.560155,42.168036],[-71.560766,42.167654],[-71.561228,42.167795],[-71.560553,42.168747],[-71.562328,42.171458],[-71.56327,42.171979],[-71.563198,42.172376],[-71.562579,42.172705],[-71.562518,42.174106],[-71.561874,42.174313],[-71.561737,42.174724],[-71.56203,42.175946],[-71.561627,42.176747],[-71.562026,42.178605],[-71.560937,42.178984],[-71.558833,42.17885],[-71.557946,42.178321],[-71.557188,42.17835],[-71.555945,42.17726],[-71.555383,42.177337],[-71.554899,42.178121],[-71.55366,42.178252],[-71.552525,42.177417],[-71.551666,42.17858],[-71.552009,42.179783],[-71.55259,42.179993],[-71.552867,42.181107],[-71.553646,42.181414],[-71.553821,42.181833],[-71.555807,42.182088],[-71.555497,42.182351],[-71.555738,42.182512],[-71.539499,42.189743],[-71.506895,42.188936],[-71.502631,42.191422],[-71.497379,42.166652],[-71.493137,42.166218],[-71.478028,42.165879],[-71.47812,42.156791],[-71.478523,42.131387]]]}},{"type":"Feature","properties":{"area_id":"186","layer":"municipality","name":"Millbury","municipality_type":"town","county_id":"25027"},"geometry":{"type":"Polygon","coordinates":[[[-71.73397,42.186758],[-71.733773,42.183513],[-71.740534,42.179215],[-71.74415,42.182443],[-71.829588,42.144876],[-71.824853,42.155341],[-71.830473,42.156093],[-71.834106,42.154999],[-71.834486,42.157265],[-71.825486,42.159929],[-71.825961,42.165829],[-71.831505,42.164262],[-71.79633,42.209246],[-71.797141,42.210048],[-71.73343,42.237984],[-71.723536,42.191493],[-71.73397,42.186758]]]}},{"type":"Feature","properties":{"area_id":"187","layer":"municipality","name":"Millis","municipality_type":"town","county_id":"25021"},"geometry":{"type":"Polygon","coordinates":[[[-71.340457,42.148645],[-71.342773,42.14798],[-71.343399,42.146962],[-71.34464,42.146289],[-71.348726,42.140477],[-71.358807,42.134536],[-71.360351,42.135002],[-71.362001,42.133451],[-71.362868,42.132055],[-71.363329,42.132095],[-71.363428,42.132752],[-71.363941,42.1331],[-71.366332,42.131934],[-71.366415,42.133639],[-71.36675,42.133839],[-71.368335,42.133555],[-71.369866,42.13381],[-71.371096,42.133165],[-71.375627,42.135457],[-71.402294,42.178803],[-71.404427,42.188442],[-71.38475,42.192026],[-71.378444,42.193473],[-71.361993,42.19577],[-71.344134,42.20071],[-71.345088,42.199294],[-71.34462,42.198593],[-71.343919,42.198457],[-71.34357,42.19982],[-71.342879,42.19979],[-71.342371,42.199311],[-71.342755,42.198887],[-71.342729,42.198148],[-71.340272,42.197973],[-71.340003,42.197752],[-71.340091,42.197192],[-71.339276,42.196901],[-71.339402,42.19648],[-71.33827,42.196021],[-71.338579,42.195344],[-71.340096,42.19536],[-71.340558,42.194918],[-71.340233,42.194432],[-71.338975,42.194388],[-71.339072,42.194109],[-71.34009,42.193889],[-71.339376,42.193437],[-71.339407,42.190654],[-71.338378,42.191217],[-71.335825,42.191249],[-71.335589,42.189457],[-71.335102,42.188464],[-71.333027,42.188896],[-71.33202,42.188752],[-71.330736,42.187929],[-71.330499,42.186858],[-71.328819,42.186691],[-71.328426,42.186398],[-71.329611,42.185065],[-71.32772,42.185012],[-71.327789,42.184212],[-71.326014,42.184103],[-71.326555,42.18274],[-71.32556,42.181667],[-71.323141,42.181471],[-71.321677,42.180208],[-71.32016,42.17991],[-71.320894,42.17834],[-71.32028,42.178247],[-71.319703,42.178924],[-71.318772,42.178637],[-71.318189,42.178044],[-71.319337,42.175918],[-71.318804,42.174297],[-71.318978,42.173854],[-71.319888,42.174277],[-71.320246,42.173328],[-71.322356,42.173752],[-71.322971,42.17361],[-71.323356,42.17324],[-71.322571,42.172668],[-71.323041,42.172525],[-71.323952,42.172898],[-71.323829,42.172155],[-71.324138,42.171777],[-71.32452,42.172449],[-71.325469,42.172134],[-71.3259,42.173037],[-71.326458,42.172409],[-71.327926,42.172711],[-71.330359,42.170866],[-71.332039,42.170733],[-71.33253,42.169998],[-71.333327,42.169714],[-71.333252,42.169357],[-71.332302,42.169134],[-71.333077,42.168423],[-71.332994,42.168198],[-71.331958,42.168584],[-71.331268,42.16824],[-71.334007,42.166631],[-71.333712,42.165973],[-71.33255,42.165986],[-71.333138,42.165251],[-71.332621,42.164651],[-71.332777,42.163637],[-71.33101,42.164099],[-71.331445,42.162879],[-71.332503,42.161995],[-71.331055,42.161686],[-71.331258,42.161358],[-71.331987,42.161302],[-71.332113,42.160974],[-71.33101,42.160736],[-71.330849,42.159965],[-71.331579,42.159745],[-71.332412,42.160417],[-71.333202,42.159076],[-71.332887,42.158412],[-71.33165,42.158003],[-71.331479,42.157596],[-71.332764,42.157726],[-71.333963,42.156767],[-71.334255,42.156172],[-71.333846,42.154994],[-71.334098,42.15398],[-71.334781,42.153381],[-71.336393,42.153091],[-71.336414,42.152417],[-71.339239,42.150846],[-71.339662,42.149385],[-71.340457,42.148645]]]}},{"type":"Feature","properties":{"area_id":"188","layer":"municipality","name":"Millville","municipality_type":"town","county_id":"25027"},"geometry":{"type":"Polygon","coordinates":[[[-71.591104,42.013655],[-71.591958,42.063703],[-71.563921,42.064067],[-71.563659,42.014286],[-71.591104,42.013655]]]}},{"type":"Feature","properties":{"area_id":"189","layer":"municipality","name":"Milton","municipality_type":"town","county_id":"25021"},"geometry":{"type":"Polygon","coordinates":[[[-71.084106,42.203934],[-71.086864,42.20418],[-71.087353,42.203963],[-71.087389,42.203483],[-71.08847,42.202269],[-71.094316,42.202441],[-71.096738,42.202128],[-71.098648,42.201332],[-71.100829,42.201484],[-71.102964,42.200714],[-71.114193,42.21207],[-71.13075,42.22792],[-71.130101,42.228676],[-71.129203,42.228976],[-71.12753,42.231124],[-71.126609,42.231272],[-71.12523,42.232065],[-71.124525,42.232912],[-71.124719,42.233754],[-71.124462,42.234169],[-71.122605,42.234445],[-71.122638,42.235388],[-71.124085,42.236397],[-71.124764,42.237438],[-71.125681,42.23791],[-71.126377,42.239171],[-71.109348,42.247999],[-71.109545,42.255421],[-71.113326,42.258999],[-71.111462,42.260778],[-71.108955,42.261305],[-71.107586,42.260688],[-71.105003,42.260813],[-71.103824,42.259744],[-71.1028,42.2598],[-71.098865,42.262599],[-71.097484,42.263098],[-71.096433,42.264746],[-71.094132,42.267141],[-71.090818,42.266489],[-71.090215,42.266662],[-71.089859,42.267785],[-71.090191,42.269085],[-71.089821,42.269548],[-71.089052,42.269774],[-71.082615,42.268651],[-71.080853,42.26933],[-71.078876,42.269591],[-71.076856,42.270464],[-71.073198,42.270296],[-71.07168,42.270863],[-71.069411,42.270629],[-71.068051,42.270965],[-71.067523,42.271514],[-71.06546,42.271016],[-71.064782,42.270176],[-71.065033,42.269295],[-71.064696,42.268616],[-71.063103,42.267352],[-71.061829,42.267217],[-71.060979,42.267462],[-71.053691,42.271825],[-71.05349,42.272255],[-71.053713,42.27306],[-71.055575,42.275061],[-71.055246,42.276351],[-71.054402,42.277028],[-71.052597,42.277678],[-71.049802,42.278109],[-71.048583,42.277923],[-71.045376,42.27629],[-71.043905,42.276463],[-71.042783,42.277111],[-71.041631,42.268366],[-71.041673,42.266436],[-71.031425,42.259247],[-71.032205,42.258286],[-71.061082,42.242381],[-71.053022,42.229182],[-71.09319,42.213944],[-71.082728,42.2043],[-71.084106,42.203934]]]}},{"type":"Feature","properties":{"area_id":"190","layer":"municipality","name":"Monroe","municipality_type":"town","county_id":"25011"},"geometry":{"type":"Polygon","coordinates":[[[-72.927709,42.736738],[-72.9278,42.732212],[-72.928712,42.731345],[-72.931123,42.730313],[-72.931477,42.729263],[-72.933578,42.727678],[-72.934506,42.725736],[-72.937372,42.725111],[-72.937969,42.72469],[-72.939099,42.721797],[-72.939886,42.720876],[-72.941716,42.720101],[-72.946183,42.721317],[-72.947821,42.720674],[-72.951389,42.72025],[-72.952417,42.719714],[-72.953332,42.71677],[-72.950933,42.711895],[-72.95112,42.709728],[-72.950788,42.706619],[-72.949641,42.705119],[-72.997887,42.701272],[-73.023711,42.702698],[-73.023013,42.741147],[-72.927187,42.739121],[-72.927709,42.736738]]]}},{"type":"Feature","properties":{"area_id":"191","layer":"municipality","name":"Monson","municipality_type":"town","county_id":"25013"},"geometry":{"type":"Polygon","coordinates":[[[-72.270097,42.092531],[-72.270658,42.031623],[-72.33881,42.032168],[-72.366989,42.032705],[-72.37944,42.103143],[-72.389032,42.152352],[-72.382151,42.152361],[-72.37386,42.153498],[-72.37211,42.154066],[-72.371026,42.154096],[-72.370136,42.15375],[-72.366319,42.154342],[-72.365535,42.154655],[-72.36495,42.155538],[-72.360692,42.158652],[-72.357442,42.159232],[-72.355079,42.160854],[-72.352329,42.160735],[-72.350398,42.161001],[-72.348909,42.160457],[-72.346251,42.16171],[-72.345327,42.16134],[-72.345228,42.160356],[-72.344829,42.160084],[-72.343305,42.161182],[-72.342738,42.161231],[-72.342095,42.160673],[-72.341786,42.159535],[-72.34129,42.15901],[-72.338692,42.159413],[-72.335341,42.158874],[-72.33248,42.156299],[-72.330297,42.152013],[-72.328941,42.151583],[-72.325893,42.151384],[-72.324546,42.149616],[-72.323674,42.149322],[-72.322708,42.1497],[-72.322095,42.149493],[-72.321345,42.148597],[-72.320812,42.147228],[-72.318884,42.146363],[-72.318233,42.146554],[-72.317126,42.147949],[-72.316167,42.148231],[-72.31406,42.146059],[-72.314399,42.144375],[-72.312292,42.143389],[-72.311137,42.143323],[-72.308741,42.144747],[-72.307669,42.144927],[-72.302323,42.144166],[-72.298378,42.144743],[-72.297041,42.144438],[-72.295911,42.14327],[-72.293822,42.143905],[-72.293117,42.143833],[-72.290956,42.142141],[-72.28833,42.14175],[-72.287003,42.141907],[-72.285876,42.141281],[-72.284645,42.141161],[-72.281478,42.141557],[-72.280989,42.142959],[-72.27983,42.14363],[-72.27731,42.143449],[-72.274928,42.143983],[-72.274456,42.143757],[-72.270097,42.092531]]]}},{"type":"Feature","properties":{"area_id":"192","layer":"municipality","name":"Montague","municipality_type":"town","county_id":"25011"},"geometry":{"type":"Polygon","coordinates":[[[-72.552682,42.610878],[-72.55193,42.609811],[-72.549741,42.607722],[-72.546955,42.606107],[-72.546089,42.605284],[-72.545432,42.603544],[-72.54528,42.598557],[-72.544543,42.597389],[-72.543061,42.596645],[-72.541099,42.596407],[-72.538145,42.597055],[-72.53191,42.599354],[-72.523768,42.603924],[-72.520594,42.604511],[-72.514367,42.604424],[-72.506305,42.603665],[-72.505629,42.603036],[-72.505507,42.601962],[-72.504457,42.599898],[-72.502997,42.598499],[-72.500094,42.596775],[-72.498622,42.596866],[-72.497073,42.597579],[-72.496158,42.596307],[-72.496422,42.593876],[-72.495061,42.592761],[-72.497858,42.589697],[-72.498226,42.588819],[-72.497613,42.587197],[-72.497929,42.585954],[-72.50368,42.581003],[-72.503512,42.580377],[-72.502767,42.579873],[-72.500058,42.579578],[-72.494282,42.580874],[-72.492343,42.580385],[-72.490047,42.578809],[-72.487834,42.578363],[-72.484336,42.578469],[-72.482963,42.579147],[-72.481384,42.579226],[-72.479124,42.578267],[-72.47535,42.574535],[-72.473544,42.573964],[-72.470345,42.574532],[-72.466127,42.576748],[-72.463839,42.574016],[-72.464205,42.573299],[-72.463838,42.571822],[-72.46426,42.570391],[-72.463603,42.568689],[-72.462324,42.567177],[-72.462378,42.566641],[-72.461158,42.565381],[-72.460806,42.564578],[-72.45994,42.563978],[-72.459704,42.563211],[-72.456873,42.561584],[-72.454735,42.559632],[-72.453934,42.558306],[-72.453872,42.55722],[-72.452736,42.554564],[-72.459642,42.516432],[-72.52093,42.510232],[-72.556781,42.506491],[-72.555309,42.508732],[-72.555119,42.509673],[-72.555163,42.510667],[-72.555793,42.51208],[-72.557064,42.513825],[-72.56419,42.520311],[-72.56595,42.523376],[-72.567039,42.524532],[-72.568269,42.52821],[-72.568939,42.532524],[-72.568286,42.534657],[-72.563923,42.541464],[-72.562501,42.544785],[-72.556012,42.554103],[-72.555679,42.555522],[-72.556594,42.565327],[-72.55995,42.570585],[-72.560954,42.574435],[-72.562044,42.575591],[-72.565262,42.57713],[-72.572342,42.579243],[-72.575086,42.579385],[-72.57814,42.578498],[-72.580008,42.581738],[-72.579823,42.584672],[-72.580219,42.58678],[-72.583177,42.590326],[-72.583177,42.592388],[-72.5822,42.59442],[-72.580901,42.595248],[-72.579184,42.595533],[-72.576463,42.596891],[-72.570227,42.603438],[-72.564254,42.607789],[-72.558019,42.611353],[-72.554797,42.612223],[-72.552687,42.612204],[-72.552682,42.610878]]]}},{"type":"Feature","properties":{"area_id":"193","layer":"municipality","name":"Monterey","municipality_type":"town","county_id":"25003"},"geometry":{"type":"Polygon","coordinates":[[[-73.161972,42.178678],[-73.166792,42.162867],[-73.166172,42.157354],[-73.18672,42.155832],[-73.186309,42.153568],[-73.224467,42.148196],[-73.247079,42.168585],[-73.271484,42.165674],[-73.273244,42.166311],[-73.275345,42.168242],[-73.276429,42.168271],[-73.277815,42.168783],[-73.278827,42.168547],[-73.279731,42.169056],[-73.284219,42.169923],[-73.289135,42.172291],[-73.290671,42.183977],[-73.290055,42.20094],[-73.256787,42.24168],[-73.196797,42.213706],[-73.162096,42.197],[-73.161972,42.178678]]]}},{"type":"Feature","properties":{"area_id":"194","layer":"municipality","name":"Montgomery","municipality_type":"town","county_id":"25013"},"geometry":{"type":"Polygon","coordinates":[[[-72.785763,42.200483],[-72.797893,42.16587],[-72.802507,42.162895],[-72.807515,42.157348],[-72.812876,42.155857],[-72.810911,42.163825],[-72.847196,42.201707],[-72.856517,42.203374],[-72.856024,42.204432],[-72.854361,42.206081],[-72.854123,42.207445],[-72.855252,42.209562],[-72.857389,42.212413],[-72.858172,42.215393],[-72.859723,42.216858],[-72.859505,42.217576],[-72.857591,42.219458],[-72.857567,42.220257],[-72.86011,42.222176],[-72.864477,42.222079],[-72.868469,42.223666],[-72.86428,42.232275],[-72.857635,42.240488],[-72.813419,42.245007],[-72.812578,42.234963],[-72.793415,42.236863],[-72.791988,42.21731],[-72.782112,42.21728],[-72.78104,42.199758],[-72.785763,42.200483]]]}},{"type":"Feature","properties":{"area_id":"195","layer":"municipality","name":"Mount Washington","municipality_type":"town","county_id":"25003"},"geometry":{"type":"Polygon","coordinates":[[[-73.419953,42.103854],[-73.428194,42.081799],[-73.434692,42.054477],[-73.436779,42.050519],[-73.487358,42.049541],[-73.497019,42.049633],[-73.508212,42.086143],[-73.483094,42.154884],[-73.472524,42.150443],[-73.436539,42.118157],[-73.42875,42.121271],[-73.419953,42.103854]]]}},{"type":"Feature","properties":{"area_id":"196","layer":"municipality","name":"Nahant","municipality_type":"town","county_id":"25009"},"geometry":{"type":"Polygon","coordinates":[[[-70.933955,42.456237],[-70.935515,42.452309],[-70.936723,42.446922],[-70.937435,42.441988],[-70.937076,42.43956],[-70.935085,42.437239],[-70.932572,42.437861],[-70.931775,42.437708],[-70.929606,42.438152],[-70.928834,42.438004],[-70.928411,42.437549],[-70.928947,42.436973],[-70.931511,42.435599],[-70.932217,42.43454],[-70.93395,42.433884],[-70.933154,42.433974],[-70.932316,42.431756],[-70.931444,42.430503],[-70.929946,42.429143],[-70.928853,42.428774],[-70.927889,42.428953],[-70.927947,42.42862],[-70.924468,42.430119],[-70.923588,42.429544],[-70.921981,42.429678],[-70.920722,42.429232],[-70.918985,42.429251],[-70.915237,42.427513],[-70.914382,42.427694],[-70.912808,42.427439],[-70.912416,42.427821],[-70.911524,42.427576],[-70.911584,42.427206],[-70.910044,42.426798],[-70.90871,42.425738],[-70.908863,42.425425],[-70.908427,42.425335],[-70.909033,42.424959],[-70.908431,42.424448],[-70.908622,42.423745],[-70.907705,42.423239],[-70.908146,42.422817],[-70.908921,42.422828],[-70.90911,42.422121],[-70.908657,42.421482],[-70.907701,42.421652],[-70.908473,42.421257],[-70.908429,42.420893],[-70.908101,42.420835],[-70.907996,42.419949],[-70.906831,42.419639],[-70.905687,42.420369],[-70.905133,42.420372],[-70.904328,42.41988],[-70.903602,42.420225],[-70.903228,42.4197],[-70.901762,42.420159],[-70.902544,42.418507],[-70.902863,42.418517],[-70.903222,42.417941],[-70.903808,42.41807],[-70.90419,42.417565],[-70.90529,42.417409],[-70.905673,42.416821],[-70.905139,42.416631],[-70.905496,42.416326],[-70.906641,42.416726],[-70.906983,42.417215],[-70.907797,42.417276],[-70.907905,42.416997],[-70.909217,42.416877],[-70.909557,42.416568],[-70.909452,42.416187],[-70.91031,42.416049],[-70.911082,42.416544],[-70.910078,42.417976],[-70.910292,42.418216],[-70.911695,42.418935],[-70.913586,42.419299],[-70.91508,42.418428],[-70.914697,42.419059],[-70.915108,42.42073],[-70.916579,42.421017],[-70.917483,42.420534],[-70.918001,42.420938],[-70.91765,42.421122],[-70.917536,42.42178],[-70.918914,42.422566],[-70.918674,42.423355],[-70.920433,42.423956],[-70.922731,42.4235],[-70.924143,42.422463],[-70.926555,42.422154],[-70.928999,42.420912],[-70.9293,42.420155],[-70.928618,42.419261],[-70.92807,42.417617],[-70.929864,42.417615],[-70.929833,42.418361],[-70.930203,42.418558],[-70.933402,42.418088],[-70.934487,42.418423],[-70.935545,42.417868],[-70.935232,42.417392],[-70.935643,42.417107],[-70.935558,42.41652],[-70.936322,42.416528],[-70.936658,42.417049],[-70.936473,42.41751],[-70.936785,42.417432],[-70.936877,42.417872],[-70.936688,42.418891],[-70.937161,42.419273],[-70.936358,42.419593],[-70.936235,42.420147],[-70.93647,42.421157],[-70.937224,42.421903],[-70.937324,42.422542],[-70.936685,42.424307],[-70.937074,42.425001],[-70.937494,42.424871],[-70.937821,42.425191],[-70.937159,42.425179],[-70.937616,42.425453],[-70.937545,42.426012],[-70.936438,42.426239],[-70.935399,42.427217],[-70.935667,42.429092],[-70.935067,42.429817],[-70.935033,42.430448],[-70.935843,42.433422],[-70.939686,42.439132],[-70.940299,42.441503],[-70.93845,42.453022],[-70.938887,42.454684],[-70.939731,42.455212],[-70.936587,42.456901],[-70.935934,42.456756],[-70.933955,42.456237]]]}},{"type":"Feature","properties":{"area_id":"197","layer":"municipality","name":"Nantucket","municipality_type":"town","county_id":"25019"},"geometry":{"type":"MultiPolygon","coordinates":[[[[-70.270513,41.310642],[-70.271045,41.31041],[-70.272499,41.311711],[-70.274931,41.312397],[-70.275241,41.312844],[-70.27081,41.31193],[-70.269737,41.310948],[-70.270079,41.310451],[-70.270513,41.310642]]],[[[-70.268625,41.306231],[-70.264736,41.306417],[-70.264292,41.307765],[-70.265757,41.308516],[-70.265811,41.308927],[-70.26533,41.309111],[-70.265523,41.30966],[-70.266474,41.309843],[-70.267235,41.310512],[-70.269847,41.309352],[-70.270817,41.308383],[-70.271516,41.308313],[-70.271036,41.307985],[-70.271554,41.307639],[-70.273366,41.308484],[-70.271632,41.309131],[-70.270351,41.310054],[-70.267543,41.311006],[-70.263923,41.311574],[-70.257455,41.310206],[-70.252195,41.308564],[-70.24792,41.306969],[-70.244956,41.305434],[-70.242211,41.302275],[-70.241953,41.301328],[-70.242216,41.300023],[-70.242677,41.300003],[-70.243553,41.302568],[-70.24514,41.304556],[-70.246381,41.30512],[-70.246731,41.305593],[-70.247137,41.305573],[-70.247372,41.306111],[-70.248768,41.305809],[-70.249401,41.306289],[-70.249421,41.305789],[-70.248299,41.305361],[-70.248279,41.304641],[-70.247843,41.304176],[-70.248172,41.301443],[-70.247379,41.301134],[-70.245869,41.301149],[-70.24475,41.301537],[-70.244061,41.301303],[-70.243773,41.300419],[-70.242789,41.299869],[-70.242025,41.299818],[-70.239997,41.297564],[-70.239601,41.296657],[-70.239775,41.295982],[-70.244123,41.293191],[-70.246613,41.293249],[-70.248229,41.292679],[-70.248835,41.293246],[-70.249702,41.293445],[-70.25416,41.293154],[-70.255278,41.293419],[-70.255889,41.29318],[-70.254221,41.293094],[-70.252932,41.292648],[-70.245084,41.288454],[-70.244428,41.288407],[-70.243678,41.289002],[-70.243482,41.288735],[-70.243963,41.28774],[-70.24491,41.287403],[-70.247359,41.28897],[-70.254619,41.292628],[-70.256277,41.292948],[-70.258589,41.292841],[-70.259014,41.293972],[-70.259905,41.294659],[-70.261789,41.295518],[-70.263987,41.295982],[-70.26468,41.296978],[-70.270706,41.301444],[-70.276494,41.306758],[-70.279876,41.308923],[-70.280729,41.310048],[-70.280882,41.311034],[-70.278462,41.313403],[-70.275366,41.312952],[-70.275228,41.312424],[-70.275981,41.311921],[-70.276563,41.310734],[-70.276461,41.309592],[-70.275355,41.308884],[-70.27298,41.308076],[-70.270989,41.306825],[-70.270404,41.306802],[-70.268625,41.306231]]],[[[-70.294484,41.338305],[-70.291468,41.337804],[-70.288999,41.33698],[-70.288486,41.336151],[-70.292023,41.333662],[-70.292827,41.333412],[-70.293176,41.332791],[-70.293789,41.332649],[-70.293884,41.33215],[-70.295052,41.332712],[-70.296078,41.332792],[-70.297753,41.332082],[-70.29936,41.331921],[-70.299973,41.331421],[-70.300829,41.33151],[-70.300853,41.332389],[-70.301955,41.332673],[-70.302554,41.333537],[-70.304168,41.333622],[-70.304597,41.33475],[-70.305274,41.335325],[-70.305874,41.335416],[-70.306766,41.335008],[-70.308905,41.335203],[-70.308254,41.33456],[-70.306592,41.334019],[-70.304415,41.33226],[-70.303376,41.331958],[-70.302238,41.332195],[-70.30128,41.331319],[-70.300408,41.330995],[-70.297972,41.331133],[-70.29712,41.331654],[-70.296511,41.331572],[-70.297029,41.331523],[-70.297284,41.330937],[-70.298187,41.330535],[-70.301055,41.330449],[-70.304084,41.331146],[-70.309379,41.334565],[-70.310181,41.33562],[-70.311223,41.337973],[-70.310559,41.339055],[-70.309145,41.339479],[-70.300555,41.338229],[-70.296581,41.338154],[-70.294484,41.338305]]],[[[-70.039066,41.385227],[-70.035908,41.381767],[-70.024693,41.372329],[-70.018246,41.365083],[-70.009869,41.353338],[-70.005609,41.346037],[-69.999384,41.33652],[-69.990993,41.325154],[-69.983195,41.311776],[-69.97299,41.298645],[-69.965961,41.288827],[-69.964778,41.285157],[-69.961945,41.280529],[-69.960328,41.276735],[-69.959723,41.271913],[-69.960043,41.26741],[-69.960782,41.264615],[-69.964158,41.256436],[-69.966142,41.253563],[-69.967986,41.25009],[-69.971015,41.247159],[-69.973424,41.246362],[-69.983384,41.244652],[-69.988862,41.242668],[-69.996941,41.24072],[-70.008095,41.239029],[-70.012226,41.238763],[-70.019973,41.239152],[-70.034391,41.240978],[-70.041315,41.242304],[-70.046356,41.242471],[-70.052116,41.243291],[-70.067102,41.244234],[-70.078946,41.244583],[-70.08345,41.244522],[-70.088248,41.243985],[-70.10034,41.240159],[-70.10335,41.240197],[-70.107855,41.241027],[-70.111447,41.241291],[-70.121823,41.243559],[-70.130138,41.24632],[-70.137764,41.24829],[-70.149502,41.250062],[-70.151148,41.250914],[-70.16102,41.253855],[-70.164775,41.255386],[-70.171741,41.257202],[-70.17728,41.25967],[-70.184055,41.262049],[-70.185374,41.262826],[-70.192897,41.265123],[-70.195191,41.266485],[-70.196858,41.266849],[-70.20466,41.270203],[-70.206157,41.270399],[-70.208515,41.271648],[-70.211018,41.272368],[-70.21499,41.274646],[-70.217609,41.275398],[-70.220615,41.277279],[-70.223457,41.278045],[-70.224832,41.278917],[-70.232273,41.281988],[-70.234629,41.283825],[-70.234531,41.284312],[-70.233823,41.284512],[-70.232642,41.28412],[-70.231385,41.28296],[-70.227474,41.283252],[-70.221652,41.281918],[-70.221073,41.28159],[-70.221139,41.281269],[-70.224348,41.281522],[-70.223031,41.280875],[-70.215942,41.279331],[-70.215699,41.278755],[-70.216078,41.27829],[-70.220202,41.278617],[-70.215584,41.276891],[-70.215506,41.276591],[-70.216219,41.276339],[-70.216188,41.276066],[-70.215298,41.276194],[-70.214774,41.275591],[-70.213868,41.275256],[-70.206991,41.274626],[-70.204,41.275995],[-70.20243,41.275933],[-70.200503,41.277026],[-70.200962,41.276368],[-70.200612,41.276034],[-70.199129,41.276325],[-70.196908,41.278399],[-70.193168,41.280709],[-70.191822,41.282684],[-70.191701,41.28527],[-70.192739,41.287957],[-70.194341,41.290004],[-70.196804,41.291461],[-70.198407,41.291649],[-70.199246,41.291117],[-70.199953,41.291232],[-70.201636,41.289786],[-70.198181,41.291442],[-70.198605,41.29088],[-70.200932,41.289491],[-70.203957,41.288288],[-70.206465,41.288618],[-70.207359,41.289469],[-70.207129,41.291344],[-70.206764,41.291685],[-70.197631,41.293826],[-70.196876,41.295041],[-70.197567,41.294768],[-70.197449,41.295282],[-70.197738,41.295516],[-70.19801,41.294981],[-70.198482,41.295159],[-70.198915,41.294755],[-70.199061,41.295236],[-70.198647,41.295822],[-70.196803,41.296913],[-70.188855,41.295612],[-70.182407,41.293974],[-70.180264,41.293864],[-70.177727,41.294264],[-70.174869,41.294156],[-70.171927,41.294641],[-70.170925,41.294444],[-70.170646,41.294585],[-70.171019,41.294846],[-70.169509,41.294972],[-70.160302,41.294082],[-70.157146,41.29416],[-70.153621,41.293814],[-70.132481,41.294185],[-70.125431,41.294007],[-70.117222,41.294475],[-70.111555,41.295189],[-70.107112,41.296543],[-70.104365,41.298073],[-70.102511,41.295564],[-70.10214,41.293599],[-70.101591,41.293057],[-70.09246,41.290635],[-70.090333,41.290333],[-70.090334,41.28974],[-70.091676,41.289148],[-70.094595,41.288966],[-70.09683,41.288043],[-70.096897,41.287011],[-70.097632,41.286682],[-70.097511,41.286054],[-70.095278,41.286335],[-70.095023,41.285931],[-70.09623,41.285357],[-70.096974,41.28557],[-70.09733,41.284728],[-70.097015,41.284466],[-70.095821,41.284879],[-70.095253,41.28452],[-70.094236,41.284839],[-70.094021,41.284434],[-70.095726,41.284057],[-70.095523,41.28369],[-70.09457,41.283886],[-70.09458,41.283638],[-70.095409,41.283481],[-70.095181,41.282922],[-70.09427,41.28314],[-70.093992,41.282892],[-70.094891,41.282706],[-70.095305,41.282271],[-70.094808,41.281152],[-70.093062,41.279779],[-70.09189,41.279347],[-70.091708,41.278432],[-70.091165,41.278594],[-70.09034,41.278057],[-70.087626,41.277784],[-70.085624,41.27835],[-70.084969,41.27925],[-70.083204,41.279785],[-70.079049,41.282618],[-70.075164,41.28647],[-70.07222,41.290024],[-70.070525,41.290363],[-70.068932,41.289519],[-70.067467,41.289349],[-70.066131,41.290525],[-70.06588,41.292305],[-70.064753,41.294739],[-70.064745,41.295567],[-70.063665,41.296129],[-70.062407,41.296117],[-70.062361,41.295673],[-70.061489,41.295499],[-70.054853,41.29608],[-70.046176,41.294882],[-70.04511,41.295411],[-70.043158,41.295484],[-70.031604,41.300021],[-70.026416,41.304834],[-70.023869,41.305244],[-70.022734,41.305074],[-70.022082,41.304604],[-70.02572,41.304068],[-70.026422,41.303697],[-70.026728,41.303127],[-70.025629,41.301355],[-70.025821,41.30029],[-70.025367,41.298755],[-70.023653,41.296918],[-70.023426,41.29492],[-70.023901,41.293218],[-70.023075,41.29316],[-70.022841,41.29356],[-70.023092,41.294278],[-70.022026,41.294364],[-70.021469,41.295203],[-70.021515,41.296016],[-70.019941,41.296646],[-70.020076,41.297476],[-70.019146,41.297474],[-70.018894,41.297946],[-70.018074,41.298121],[-70.017728,41.298699],[-70.017035,41.298874],[-70.019528,41.298258],[-70.020866,41.298553],[-70.022008,41.298238],[-70.022235,41.298517],[-70.021655,41.299584],[-70.022123,41.300075],[-70.023017,41.300249],[-70.022797,41.300601],[-70.02118,41.30155],[-70.019948,41.302971],[-70.017248,41.302201],[-70.016023,41.302545],[-70.014819,41.302102],[-70.010927,41.302575],[-70.010295,41.303138],[-70.010066,41.303949],[-70.010239,41.305341],[-70.010875,41.30595],[-70.010578,41.306942],[-70.008885,41.306821],[-70.008501,41.307082],[-70.008578,41.307504],[-70.009059,41.307979],[-70.009991,41.307883],[-70.010375,41.308172],[-70.011508,41.306495],[-70.014121,41.30615],[-70.015348,41.30553],[-70.017873,41.305781],[-70.020106,41.304455],[-70.021108,41.304971],[-70.021482,41.306145],[-70.021943,41.306191],[-70.022399,41.306709],[-70.022755,41.306608],[-70.02297,41.307088],[-70.02357,41.307285],[-70.022911,41.305912],[-70.023371,41.305555],[-70.023925,41.307257],[-70.025406,41.308662],[-70.026218,41.30884],[-70.026838,41.309854],[-70.029101,41.310569],[-70.029203,41.310281],[-70.029459,41.310393],[-70.031965,41.314886],[-70.033451,41.316618],[-70.033601,41.317306],[-70.032963,41.316553],[-70.030726,41.316052],[-70.028705,41.316291],[-70.023393,41.316165],[-70.0206,41.316694],[-70.014337,41.3187],[-70.002612,41.324156],[-70.000824,41.325811],[-69.999155,41.32828],[-69.998571,41.33073],[-69.99867,41.332413],[-69.999469,41.334051],[-70.00347,41.338006],[-70.012876,41.345125],[-70.016131,41.346195],[-70.018296,41.346074],[-70.022142,41.34518],[-70.025015,41.343458],[-70.027032,41.341088],[-70.028413,41.338442],[-70.029208,41.335976],[-70.02982,41.332084],[-70.030149,41.331931],[-70.031617,41.332444],[-70.033411,41.332232],[-70.034613,41.331741],[-70.03558,41.330876],[-70.036326,41.329175],[-70.036282,41.327246],[-70.035534,41.325235],[-70.034237,41.323846],[-70.036904,41.324693],[-70.038827,41.324855],[-70.041161,41.324526],[-70.043305,41.323551],[-70.045454,41.321423],[-70.046336,41.319493],[-70.0461,41.317055],[-70.044962,41.315287],[-70.046649,41.315628],[-70.048578,41.315511],[-70.050479,41.314993],[-70.052203,41.314064],[-70.053571,41.3128],[-70.054918,41.310855],[-70.055926,41.307651],[-70.057436,41.308477],[-70.059406,41.308689],[-70.060949,41.308397],[-70.062969,41.307323],[-70.064736,41.305266],[-70.065875,41.301256],[-70.068933,41.301679],[-70.071151,41.301344],[-70.0737,41.30139],[-70.07627,41.300801],[-70.077272,41.300257],[-70.078604,41.298953],[-70.079842,41.296796],[-70.079995,41.295414],[-70.07954,41.2933],[-70.07986,41.292405],[-70.081723,41.293879],[-70.083678,41.294152],[-70.085419,41.295032],[-70.087428,41.295307],[-70.08987,41.296576],[-70.09065,41.296751],[-70.090609,41.296143],[-70.091865,41.296201],[-70.092634,41.298331],[-70.092017,41.298756],[-70.088912,41.29848],[-70.087088,41.298656],[-70.081538,41.299935],[-70.077283,41.301806],[-70.071354,41.303749],[-70.06528,41.307168],[-70.054282,41.315791],[-70.049754,41.318777],[-70.046206,41.322557],[-70.043963,41.324233],[-70.038968,41.330269],[-70.037351,41.331806],[-70.033065,41.338383],[-70.030771,41.342697],[-70.029555,41.346961],[-70.026449,41.353298],[-70.026564,41.35373],[-70.025683,41.355777],[-70.024515,41.360222],[-70.023858,41.365071],[-70.023889,41.367959],[-70.024382,41.369483],[-70.025789,41.371307],[-70.02824,41.373509],[-70.032114,41.37631],[-70.035227,41.379639],[-70.040287,41.380613],[-70.043999,41.382056],[-70.046893,41.385302],[-70.048155,41.386168],[-70.048839,41.3871],[-70.049089,41.386911],[-70.049812,41.388771],[-70.050154,41.392398],[-70.048251,41.391969],[-70.045204,41.390298],[-70.04117,41.387015],[-70.039066,41.385227]]]]}},{"type":"Feature","properties":{"area_id":"198","layer":"municipality","name":"Natick","municipality_type":"town","county_id":"25017"},"geometry":{"type":"Polygon","coordinates":[[[-71.327445,42.321123],[-71.32737,42.313728],[-71.329751,42.313],[-71.323663,42.297425],[-71.308466,42.270741],[-71.302923,42.248283],[-71.332497,42.249084],[-71.332677,42.248459],[-71.332429,42.247733],[-71.342458,42.250469],[-71.341778,42.253546],[-71.344933,42.253849],[-71.34841,42.254713],[-71.350829,42.255905],[-71.351776,42.255824],[-71.353372,42.256883],[-71.353682,42.256802],[-71.3544,42.257694],[-71.354444,42.258635],[-71.356232,42.259233],[-71.356687,42.259993],[-71.356487,42.261025],[-71.357099,42.261444],[-71.357142,42.261891],[-71.356599,42.262215],[-71.356489,42.26282],[-71.356909,42.263504],[-71.376834,42.269498],[-71.390366,42.271926],[-71.395858,42.272909],[-71.397218,42.279014],[-71.399471,42.280667],[-71.402529,42.293339],[-71.387523,42.302078],[-71.377688,42.314678],[-71.373397,42.309864],[-71.372873,42.30983],[-71.370614,42.31027],[-71.368494,42.31282],[-71.364094,42.315915],[-71.363169,42.31582],[-71.35992,42.317159],[-71.355201,42.317179],[-71.345998,42.314813],[-71.338524,42.323224],[-71.333752,42.332408],[-71.328754,42.331669],[-71.327445,42.321123]]]}},{"type":"Feature","properties":{"area_id":"199","layer":"municipality","name":"Needham","municipality_type":"town","county_id":"25021"},"geometry":{"type":"Polygon","coordinates":[[[-71.226287,42.314126],[-71.226426,42.313213],[-71.227072,42.312402],[-71.226311,42.310293],[-71.227124,42.309289],[-71.227004,42.3085],[-71.220856,42.306417],[-71.218476,42.306823],[-71.213691,42.306297],[-71.212946,42.305958],[-71.211236,42.302892],[-71.21178,42.300071],[-71.207539,42.296867],[-71.206054,42.293406],[-71.205241,42.289577],[-71.203376,42.288629],[-71.201345,42.288567],[-71.200018,42.287604],[-71.196356,42.285966],[-71.195793,42.286204],[-71.195525,42.28758],[-71.195007,42.288173],[-71.193161,42.288003],[-71.192118,42.287286],[-71.190886,42.285831],[-71.19125,42.283],[-71.190754,42.28185],[-71.188199,42.280464],[-71.197126,42.268962],[-71.198552,42.268551],[-71.199787,42.267711],[-71.205024,42.267067],[-71.205727,42.267579],[-71.208061,42.267861],[-71.210931,42.267311],[-71.214566,42.267711],[-71.218134,42.268663],[-71.218323,42.266448],[-71.219741,42.263631],[-71.221569,42.263435],[-71.223189,42.262706],[-71.225466,42.264093],[-71.227282,42.263911],[-71.228948,42.264258],[-71.22956,42.263731],[-71.230347,42.26137],[-71.231721,42.259264],[-71.232287,42.258434],[-71.233266,42.258371],[-71.236807,42.259858],[-71.238643,42.259824],[-71.240139,42.259227],[-71.245211,42.259261],[-71.247093,42.258048],[-71.248845,42.255602],[-71.250587,42.255821],[-71.252674,42.255024],[-71.254748,42.255252],[-71.256596,42.254848],[-71.257756,42.255189],[-71.262517,42.257734],[-71.263258,42.2593],[-71.265737,42.259958],[-71.266119,42.259715],[-71.266219,42.258983],[-71.265255,42.257894],[-71.264849,42.255358],[-71.265307,42.254981],[-71.266292,42.255007],[-71.267579,42.255441],[-71.271135,42.258083],[-71.271431,42.259324],[-71.270631,42.260398],[-71.270564,42.260956],[-71.271463,42.262021],[-71.273634,42.261846],[-71.275813,42.260881],[-71.276786,42.261345],[-71.27818,42.260138],[-71.279529,42.26011],[-71.28396,42.262623],[-71.284806,42.26388],[-71.284824,42.264766],[-71.28679,42.266165],[-71.287267,42.266096],[-71.287405,42.265364],[-71.287747,42.265211],[-71.290099,42.266078],[-71.290895,42.266981],[-71.291942,42.267291],[-71.293677,42.26647],[-71.295072,42.264885],[-71.295393,42.265101],[-71.295106,42.265902],[-71.295243,42.266565],[-71.295619,42.266888],[-71.301094,42.267036],[-71.30125,42.267334],[-71.30004,42.268192],[-71.299747,42.269622],[-71.295653,42.272493],[-71.294912,42.272438],[-71.294823,42.273073],[-71.233007,42.316276],[-71.229738,42.316514],[-71.228888,42.316353],[-71.227544,42.315409],[-71.226287,42.314126]]]}},{"type":"Feature","properties":{"area_id":"200","layer":"municipality","name":"New Ashford","municipality_type":"town","county_id":"25003"},"geometry":{"type":"Polygon","coordinates":[[[-73.174284,42.598516],[-73.204383,42.60608],[-73.199685,42.590041],[-73.201854,42.579196],[-73.258282,42.588575],[-73.27356,42.590862],[-73.261997,42.631337],[-73.171545,42.628715],[-73.174284,42.598516]]]}},{"type":"Feature","properties":{"area_id":"201","layer":"municipality","name":"New Bedford","municipality_type":"city","county_id":"25005"},"geometry":{"type":"Polygon","coordinates":[[[-70.917242,41.680447],[-70.917372,41.678487],[-70.916619,41.677285],[-70.916781,41.675722],[-70.916144,41.675205],[-70.916585,41.673789],[-70.918277,41.672256],[-70.917669,41.671654],[-70.918728,41.671259],[-70.919513,41.670086],[-70.918954,41.669616],[-70.919088,41.66753],[-70.918643,41.666302],[-70.918854,41.665834],[-70.918659,41.664638],[-70.918327,41.664333],[-70.918132,41.663225],[-70.91829,41.662538],[-70.91891,41.6622],[-70.921191,41.662571],[-70.922763,41.661685],[-70.922135,41.660761],[-70.921353,41.660763],[-70.921015,41.660354],[-70.922154,41.660541],[-70.922535,41.66016],[-70.92241,41.659871],[-70.920869,41.6602],[-70.919156,41.65995],[-70.919068,41.658956],[-70.919632,41.658694],[-70.919195,41.658527],[-70.918899,41.657673],[-70.91922,41.657266],[-70.918614,41.65625],[-70.917633,41.656315],[-70.917482,41.656082],[-70.918754,41.655915],[-70.919067,41.655371],[-70.917908,41.655073],[-70.917965,41.654767],[-70.919546,41.654616],[-70.919871,41.654174],[-70.919432,41.65392],[-70.919936,41.653943],[-70.920884,41.65286],[-70.920634,41.652441],[-70.921319,41.651554],[-70.92079,41.651598],[-70.920729,41.651335],[-70.921035,41.650233],[-70.921892,41.649997],[-70.921714,41.6491],[-70.923918,41.648843],[-70.922327,41.648706],[-70.921962,41.648343],[-70.922425,41.647683],[-70.923719,41.647458],[-70.922415,41.647178],[-70.922207,41.646142],[-70.923828,41.645671],[-70.922057,41.645673],[-70.921726,41.644943],[-70.92116,41.644823],[-70.921661,41.640722],[-70.921475,41.638855],[-70.920785,41.636778],[-70.921085,41.636486],[-70.919516,41.635937],[-70.921247,41.635551],[-70.918679,41.635534],[-70.918171,41.634503],[-70.920946,41.634145],[-70.920949,41.633526],[-70.920474,41.632944],[-70.918492,41.63323],[-70.918459,41.63279],[-70.919938,41.632699],[-70.919964,41.632393],[-70.918022,41.632603],[-70.917913,41.632323],[-70.919172,41.632186],[-70.919229,41.631427],[-70.920536,41.631205],[-70.919802,41.63127],[-70.919613,41.630764],[-70.917441,41.631024],[-70.917879,41.630839],[-70.917786,41.630201],[-70.919299,41.630004],[-70.918241,41.629873],[-70.918146,41.629283],[-70.917592,41.629272],[-70.918081,41.62901],[-70.917921,41.628556],[-70.916963,41.628671],[-70.915787,41.628223],[-70.914779,41.624786],[-70.914357,41.624199],[-70.914768,41.6238],[-70.914594,41.623409],[-70.914928,41.622043],[-70.914712,41.621404],[-70.915365,41.620274],[-70.914568,41.620341],[-70.914083,41.619688],[-70.914221,41.619055],[-70.913278,41.616831],[-70.911654,41.61608],[-70.912895,41.616753],[-70.913407,41.617433],[-70.913968,41.619386],[-70.913438,41.620268],[-70.90967,41.623502],[-70.907218,41.624429],[-70.906412,41.624326],[-70.90657,41.623958],[-70.908693,41.623368],[-70.910261,41.622396],[-70.913174,41.619916],[-70.913515,41.619365],[-70.913443,41.618683],[-70.912659,41.616972],[-70.90881,41.614801],[-70.907166,41.611913],[-70.90651,41.611513],[-70.90669,41.61136],[-70.90515,41.611153],[-70.905007,41.610575],[-70.904539,41.610343],[-70.904761,41.60981],[-70.904058,41.608815],[-70.903811,41.607611],[-70.904082,41.607582],[-70.903582,41.605852],[-70.903121,41.605561],[-70.901625,41.602632],[-70.901723,41.601367],[-70.901454,41.600565],[-70.900278,41.600336],[-70.901384,41.60024],[-70.901873,41.599641],[-70.902558,41.598468],[-70.902499,41.597771],[-70.903062,41.597592],[-70.902971,41.596927],[-70.902614,41.59623],[-70.901248,41.595081],[-70.900612,41.595168],[-70.899906,41.596336],[-70.899695,41.596299],[-70.90062,41.594996],[-70.900206,41.594551],[-70.900498,41.594332],[-70.900503,41.593628],[-70.899333,41.59295],[-70.899788,41.592156],[-70.901286,41.591369],[-70.902322,41.591714],[-70.902104,41.592244],[-70.902633,41.592486],[-70.909436,41.593739],[-70.911026,41.594981],[-70.911951,41.596526],[-70.912648,41.598944],[-70.91378,41.599812],[-70.912991,41.600513],[-70.913258,41.60142],[-70.91408,41.602143],[-70.913951,41.602541],[-70.914401,41.603095],[-70.915291,41.603614],[-70.915381,41.605108],[-70.916391,41.605583],[-70.917054,41.60547],[-70.916449,41.606016],[-70.916925,41.606681],[-70.917805,41.607022],[-70.917429,41.607593],[-70.918287,41.608349],[-70.917626,41.609052],[-70.918034,41.61018],[-70.918682,41.610967],[-70.920313,41.611712],[-70.921216,41.612909],[-70.921195,41.61404],[-70.921608,41.614525],[-70.928924,41.613563],[-70.930152,41.61306],[-70.930432,41.612184],[-70.929837,41.610916],[-70.930182,41.609933],[-70.93105,41.609124],[-70.931131,41.608497],[-70.932325,41.608121],[-70.932969,41.610918],[-70.934607,41.609952],[-70.936424,41.614379],[-70.949732,41.620942],[-70.959754,41.636842],[-70.960455,41.640234],[-70.969663,41.648632],[-70.977513,41.67868],[-70.965396,41.734011],[-70.942985,41.744672],[-70.923571,41.685756],[-70.922605,41.68581],[-70.920601,41.684557],[-70.919739,41.683593],[-70.91943,41.68179],[-70.919066,41.681853],[-70.917242,41.680447]]]}},{"type":"Feature","properties":{"area_id":"202","layer":"municipality","name":"New Braintree","municipality_type":"town","county_id":"25027"},"geometry":{"type":"Polygon","coordinates":[[[-72.041169,42.308706],[-72.117465,42.302254],[-72.129574,42.290262],[-72.134785,42.281157],[-72.145691,42.277168],[-72.144949,42.291229],[-72.161542,42.288363],[-72.161739,42.291885],[-72.164744,42.29179],[-72.164742,42.291366],[-72.170545,42.291532],[-72.170447,42.294043],[-72.169045,42.29786],[-72.210799,42.294488],[-72.213974,42.294266],[-72.204991,42.306246],[-72.207183,42.311526],[-72.205329,42.311369],[-72.20367,42.3108],[-72.202673,42.311212],[-72.199717,42.311383],[-72.194626,42.309496],[-72.193367,42.308536],[-72.194186,42.306862],[-72.194227,42.30613],[-72.193504,42.305402],[-72.192232,42.304883],[-72.190679,42.304607],[-72.187295,42.30472],[-72.183961,42.306428],[-72.183786,42.306755],[-72.184148,42.307167],[-72.18583,42.308009],[-72.184759,42.308599],[-72.185424,42.30972],[-72.185222,42.310361],[-72.183033,42.312774],[-72.179871,42.313947],[-72.178891,42.316039],[-72.17698,42.316573],[-72.176905,42.319203],[-72.175677,42.320372],[-72.17211,42.322753],[-72.172678,42.324169],[-72.172435,42.325814],[-72.171282,42.326372],[-72.170571,42.327823],[-72.168328,42.329376],[-72.167534,42.331101],[-72.163934,42.332453],[-72.16365,42.333311],[-72.162394,42.333901],[-72.162697,42.334378],[-72.163738,42.334901],[-72.163628,42.336369],[-72.163194,42.336795],[-72.160674,42.337693],[-72.159609,42.338585],[-72.159294,42.339527],[-72.159622,42.340832],[-72.159491,42.341637],[-72.158656,42.342329],[-72.158513,42.343134],[-72.157488,42.343562],[-72.154623,42.343739],[-72.153522,42.345093],[-72.152294,42.345513],[-72.149545,42.345295],[-72.14685,42.345681],[-72.144129,42.344096],[-72.142659,42.344462],[-72.141426,42.344264],[-72.140396,42.344696],[-72.139818,42.345469],[-72.140316,42.348241],[-72.139217,42.348532],[-72.137179,42.348011],[-72.136389,42.348717],[-72.136283,42.350056],[-72.136965,42.351366],[-72.136987,42.353153],[-72.136693,42.353838],[-72.13558,42.354797],[-72.135123,42.35667],[-72.134574,42.357519],[-72.133468,42.358426],[-72.132048,42.358948],[-72.130423,42.358792],[-72.126628,42.359759],[-72.123995,42.361648],[-72.124408,42.363356],[-72.123669,42.363939],[-72.112469,42.356432],[-72.041169,42.308706]]]}},{"type":"Feature","properties":{"area_id":"203","layer":"municipality","name":"New Marlborough","municipality_type":"town","county_id":"25003"},"geometry":{"type":"Polygon","coordinates":[[[-73.17212,42.0434],[-73.296328,42.047019],[-73.304359,42.106715],[-73.291267,42.120748],[-73.297075,42.159211],[-73.287244,42.159205],[-73.289135,42.172291],[-73.284219,42.169923],[-73.279731,42.169056],[-73.278827,42.168547],[-73.277815,42.168783],[-73.276429,42.168271],[-73.275345,42.168242],[-73.273244,42.166311],[-73.271484,42.165674],[-73.247079,42.168585],[-73.224467,42.148196],[-73.186309,42.153568],[-73.17212,42.0434]]]}},{"type":"Feature","properties":{"area_id":"204","layer":"municipality","name":"New Salem","municipality_type":"town","county_id":"25011"},"geometry":{"type":"Polygon","coordinates":[[[-72.269112,42.533434],[-72.244869,42.513448],[-72.291289,42.479534],[-72.28326,42.441197],[-72.285975,42.439675],[-72.287341,42.438467],[-72.287009,42.437746],[-72.287279,42.437255],[-72.290596,42.437527],[-72.290626,42.437098],[-72.28984,42.436372],[-72.289269,42.436321],[-72.288675,42.435583],[-72.289832,42.43469],[-72.289971,42.433374],[-72.290511,42.433311],[-72.291112,42.434208],[-72.291815,42.434071],[-72.291105,42.433064],[-72.291336,42.43204],[-72.291884,42.431576],[-72.291938,42.430152],[-72.292671,42.429751],[-72.293796,42.429876],[-72.296156,42.427558],[-72.297807,42.426899],[-72.297097,42.426602],[-72.297344,42.426373],[-72.298863,42.426018],[-72.299634,42.425492],[-72.3004,42.425502],[-72.30033,42.424571],[-72.301718,42.424285],[-72.302404,42.424451],[-72.302242,42.423839],[-72.301286,42.423628],[-72.300808,42.422371],[-72.300993,42.421954],[-72.301625,42.421908],[-72.301348,42.421554],[-72.302119,42.42097],[-72.302042,42.420484],[-72.304555,42.420043],[-72.305611,42.420366],[-72.306279,42.420046],[-72.306675,42.419202],[-72.306035,42.417865],[-72.306991,42.417237],[-72.306482,42.416477],[-72.308001,42.415922],[-72.30733,42.415471],[-72.307284,42.414985],[-72.307708,42.414626],[-72.308756,42.4145],[-72.308694,42.413134],[-72.309388,42.41182],[-72.308601,42.411472],[-72.309303,42.410865],[-72.310096,42.410911],[-72.310451,42.409333],[-72.31089,42.408806],[-72.310559,42.408509],[-72.310004,42.408727],[-72.31015,42.408109],[-72.312447,42.407049],[-72.313049,42.406352],[-72.313573,42.406649],[-72.313727,42.406443],[-72.313056,42.405312],[-72.313241,42.404906],[-72.31257,42.403511],[-72.31331,42.403117],[-72.313024,42.401866],[-72.313888,42.402008],[-72.314042,42.401734],[-72.31327,42.400655],[-72.313509,42.400112],[-72.313972,42.400049],[-72.314041,42.399191],[-72.315089,42.398865],[-72.313516,42.396602],[-72.31532,42.395726],[-72.315204,42.395411],[-72.314379,42.39532],[-72.314788,42.394846],[-72.315828,42.394862],[-72.31582,42.394548],[-72.313392,42.392767],[-72.314509,42.391664],[-72.314031,42.391127],[-72.312659,42.39094],[-72.31235,42.389872],[-72.312781,42.389724],[-72.313214,42.390369],[-72.313537,42.390289],[-72.313498,42.389575],[-72.312573,42.388679],[-72.310044,42.387398],[-72.311023,42.387143],[-72.310322,42.386532],[-72.311647,42.386617],[-72.310853,42.385875],[-72.312156,42.384868],[-72.311762,42.384503],[-72.312748,42.38333],[-72.313827,42.383273],[-72.313958,42.383038],[-72.313141,42.382878],[-72.313026,42.382461],[-72.314174,42.382312],[-72.314451,42.381917],[-72.313588,42.380962],[-72.313711,42.380316],[-72.313211,42.379635],[-72.31355,42.379423],[-72.313118,42.37876],[-72.312555,42.379024],[-72.312278,42.378789],[-72.313711,42.377347],[-72.31207,42.376444],[-72.312771,42.375787],[-72.312482,42.374395],[-72.31316,42.373596],[-72.311778,42.373672],[-72.31107,42.372242],[-72.311835,42.372224],[-72.312041,42.371711],[-72.314568,42.371414],[-72.314451,42.37089],[-72.315133,42.369818],[-72.31588,42.369762],[-72.314892,42.369032],[-72.314321,42.36922],[-72.313303,42.36877],[-72.312019,42.366283],[-72.310946,42.365565],[-72.310498,42.36452],[-72.310799,42.363771],[-72.312928,42.362397],[-72.312026,42.360569],[-72.311648,42.358327],[-72.312019,42.357926],[-72.312635,42.358738],[-72.313129,42.358812],[-72.3138,42.357799],[-72.313777,42.356964],[-72.313122,42.355706],[-72.313801,42.355013],[-72.313816,42.354613],[-72.312721,42.353899],[-72.31222,42.352533],[-72.312612,42.350804],[-72.313916,42.349027],[-72.314432,42.347724],[-72.314255,42.343694],[-72.314879,42.343277],[-72.314625,42.340517],[-72.314887,42.339626],[-72.315465,42.339368],[-72.316622,42.339796],[-72.317632,42.339635],[-72.320337,42.336469],[-72.322827,42.334235],[-72.32315,42.333115],[-72.322348,42.332122],[-72.322725,42.331048],[-72.32456,42.330961],[-72.325223,42.330315],[-72.326086,42.328253],[-72.324674,42.326774],[-72.324536,42.326306],[-72.324874,42.325872],[-72.326216,42.325167],[-72.326763,42.326824],[-72.327342,42.326863],[-72.327997,42.326406],[-72.328266,42.325468],[-72.327371,42.323401],[-72.327209,42.320967],[-72.327548,42.319549],[-72.328118,42.318755],[-72.328873,42.318657],[-72.328835,42.319428],[-72.32949,42.319764],[-72.333075,42.319131],[-72.334716,42.317627],[-72.334916,42.315552],[-72.335247,42.315151],[-72.338246,42.314455],[-72.342316,42.314238],[-72.343602,42.311874],[-72.34626,42.309784],[-72.348657,42.309185],[-72.350161,42.310321],[-72.351171,42.310349],[-72.351456,42.309994],[-72.350939,42.30908],[-72.34979,42.308801],[-72.349597,42.308452],[-72.34989,42.308052],[-72.352279,42.307947],[-72.35278,42.30746],[-72.351993,42.307175],[-72.350961,42.307485],[-72.350182,42.306988],[-72.349557,42.30604],[-72.349795,42.304686],[-72.350674,42.304011],[-72.35156,42.30405],[-72.351592,42.30585],[-72.351739,42.306284],[-72.352201,42.306432],[-72.354212,42.305693],[-72.356019,42.303292],[-72.356676,42.303438],[-72.357865,42.305803],[-72.358798,42.305756],[-72.359099,42.30667],[-72.360633,42.307662],[-72.360102,42.307846],[-72.360595,42.308423],[-72.36048,42.308709],[-72.358954,42.308665],[-72.358638,42.309082],[-72.359055,42.309814],[-72.356381,42.311018],[-72.356327,42.311246],[-72.356952,42.31136],[-72.356451,42.312173],[-72.356929,42.313041],[-72.356097,42.313522],[-72.356151,42.314375],[-72.354941,42.314902],[-72.354533,42.315835],[-72.355212,42.316537],[-72.354696,42.317492],[-72.355228,42.318206],[-72.354581,42.319065],[-72.355098,42.319007],[-72.355206,42.319338],[-72.35442,42.319648],[-72.353003,42.32126],[-72.353998,42.322161],[-72.353528,42.322356],[-72.35359,42.323264],[-72.354331,42.323708],[-72.354254,42.32392],[-72.351179,42.324894],[-72.351881,42.32535],[-72.351843,42.325703],[-72.352437,42.325766],[-72.352946,42.326308],[-72.35233,42.326548],[-72.35267,42.327433],[-72.353595,42.327701],[-72.352231,42.328736],[-72.352902,42.329102],[-72.352494,42.329668],[-72.3521,42.329417],[-72.351901,42.329795],[-72.351129,42.329572],[-72.351962,42.330812],[-72.352533,42.331143],[-72.352764,42.331823],[-72.35204,42.332956],[-72.352202,42.333333],[-72.3517,42.333208],[-72.351493,42.333637],[-72.350991,42.33365],[-72.35157,42.334203],[-72.350977,42.334724],[-72.351046,42.335175],[-72.35164,42.335426],[-72.351556,42.335757],[-72.352088,42.336293],[-72.352358,42.335813],[-72.352929,42.336286],[-72.353184,42.336983],[-72.352668,42.337166],[-72.353501,42.337594],[-72.352885,42.338182],[-72.353664,42.338524],[-72.353456,42.339148],[-72.354158,42.339232],[-72.354022,42.340109],[-72.354768,42.339817],[-72.355393,42.340688],[-72.355609,42.341431],[-72.355386,42.34198],[-72.356303,42.342351],[-72.355525,42.342803],[-72.355031,42.342724],[-72.355077,42.343164],[-72.355864,42.343615],[-72.356565,42.343243],[-72.356534,42.343792],[-72.359377,42.345575],[-72.359578,42.345992],[-72.359169,42.34629],[-72.358468,42.346107],[-72.358984,42.347148],[-72.358029,42.34792],[-72.358992,42.348571],[-72.358741,42.349021],[-72.358075,42.348892],[-72.358245,42.349401],[-72.359278,42.349383],[-72.359509,42.349628],[-72.359224,42.349971],[-72.3584,42.349938],[-72.35645,42.350677],[-72.356944,42.351305],[-72.356705,42.351573],[-72.357653,42.351967],[-72.357878,42.352435],[-72.357948,42.353103],[-72.357424,42.353143],[-72.357255,42.353709],[-72.357641,42.353988],[-72.357194,42.354308],[-72.357789,42.354867],[-72.35836,42.354878],[-72.35897,42.355648],[-72.358716,42.355968],[-72.358987,42.356704],[-72.357403,42.358744],[-72.357242,42.359704],[-72.357748,42.360232],[-72.357787,42.361221],[-72.358381,42.362277],[-72.358195,42.362901],[-72.359289,42.364209],[-72.358402,42.36509],[-72.357322,42.365017],[-72.356366,42.366516],[-72.358521,42.36705],[-72.360766,42.368784],[-72.361105,42.370151],[-72.360533,42.370266],[-72.360818,42.371221],[-72.361417,42.371232],[-72.361312,42.371421],[-72.362766,42.37205],[-72.36399,42.373646],[-72.363911,42.374629],[-72.364283,42.375215],[-72.363845,42.375816],[-72.364327,42.376191],[-72.363634,42.376666],[-72.363948,42.377848],[-72.363784,42.378563],[-72.36446,42.378876],[-72.364555,42.378122],[-72.365394,42.377823],[-72.366023,42.378103],[-72.366443,42.378867],[-72.366661,42.380873],[-72.366407,42.381422],[-72.365808,42.381754],[-72.364231,42.381591],[-72.363685,42.382026],[-72.365477,42.382595],[-72.366992,42.384457],[-72.367054,42.385138],[-72.364292,42.386325],[-72.363708,42.387001],[-72.364271,42.388138],[-72.365965,42.388771],[-72.366028,42.389743],[-72.365482,42.390853],[-72.3667,42.391132],[-72.366508,42.392002],[-72.367764,42.392492],[-72.367811,42.392972],[-72.367171,42.393042],[-72.367719,42.394076],[-72.367126,42.394591],[-72.368829,42.396453],[-72.367912,42.397546],[-72.367943,42.3981],[-72.368982,42.398493],[-72.368765,42.399664],[-72.369365,42.400292],[-72.368367,42.402371],[-72.366516,42.403338],[-72.367711,42.404939],[-72.3678,42.405566],[-72.369193,42.406817],[-72.36997,42.40804],[-72.371412,42.408624],[-72.371284,42.409245],[-72.369917,42.409981],[-72.369774,42.410528],[-72.373536,42.4134],[-72.373586,42.413867],[-72.37227,42.415311],[-72.37196,42.416219],[-72.372658,42.416942],[-72.374168,42.417288],[-72.373998,42.417842],[-72.375378,42.419018],[-72.375014,42.42083],[-72.376161,42.422915],[-72.376636,42.424621],[-72.376176,42.425761],[-72.374573,42.427592],[-72.375094,42.430018],[-72.376243,42.430871],[-72.376349,42.431763],[-72.375966,42.432887],[-72.375642,42.436389],[-72.378549,42.438092],[-72.379532,42.437915],[-72.38057,42.439001],[-72.380209,42.439536],[-72.379511,42.439824],[-72.379113,42.440964],[-72.37982,42.443713],[-72.379713,42.444432],[-72.379525,42.444973],[-72.37849,42.445429],[-72.378036,42.446426],[-72.379389,42.447666],[-72.379313,42.449311],[-72.381341,42.451141],[-72.381536,42.451887],[-72.382659,42.453207],[-72.38187,42.45496],[-72.382423,42.458073],[-72.38148,42.458907],[-72.380861,42.460244],[-72.381713,42.460624],[-72.382925,42.46204],[-72.38212,42.463249],[-72.382355,42.463695],[-72.38479,42.464639],[-72.368593,42.464494],[-72.36847,42.5025],[-72.358184,42.501355],[-72.356791,42.548711],[-72.271353,42.547236],[-72.269112,42.533434]]]}},{"type":"Feature","properties":{"area_id":"205","layer":"municipality","name":"Newbury","municipality_type":"town","county_id":"25009"},"geometry":{"type":"MultiPolygon","coordinates":[[[[-70.823855,42.80416],[-70.82328,42.803703],[-70.823015,42.802799],[-70.823314,42.800371],[-70.825065,42.800536],[-70.827671,42.799852],[-70.828924,42.800268],[-70.829222,42.80076],[-70.828882,42.801615],[-70.827226,42.802551],[-70.823855,42.80416]]],[[[-70.810148,42.750004],[-70.809789,42.751288],[-70.808584,42.752603],[-70.807873,42.754175],[-70.808071,42.754803],[-70.807778,42.75525],[-70.808272,42.755724],[-70.807868,42.756486],[-70.808301,42.756759],[-70.80876,42.756521],[-70.808884,42.756781],[-70.808112,42.75862],[-70.809353,42.759989],[-70.810987,42.760555],[-70.810105,42.762503],[-70.810742,42.76463],[-70.810658,42.766555],[-70.812675,42.767399],[-70.81592,42.767405],[-70.817031,42.767903],[-70.816442,42.76884],[-70.814457,42.769735],[-70.813688,42.770577],[-70.81369,42.772701],[-70.814676,42.773565],[-70.815472,42.773226],[-70.81548,42.771789],[-70.818574,42.769602],[-70.819146,42.768159],[-70.818985,42.767553],[-70.81812,42.766721],[-70.814572,42.764437],[-70.814666,42.763724],[-70.81616,42.761588],[-70.81644,42.760521],[-70.816155,42.759694],[-70.8164,42.759338],[-70.815334,42.75722],[-70.815497,42.755498],[-70.816003,42.755431],[-70.817102,42.75622],[-70.81846,42.756358],[-70.820624,42.758472],[-70.821554,42.758709],[-70.824582,42.760567],[-70.827426,42.761423],[-70.831867,42.761556],[-70.832219,42.761843],[-70.832442,42.76158],[-70.835209,42.762123],[-70.837048,42.762836],[-70.839152,42.763028],[-70.846828,42.763064],[-70.847538,42.762281],[-70.847065,42.761611],[-70.841467,42.761431],[-70.839784,42.761717],[-70.834369,42.759662],[-70.831085,42.758875],[-70.830024,42.759069],[-70.825662,42.757505],[-70.823928,42.756198],[-70.823673,42.755518],[-70.823897,42.754478],[-70.823494,42.753295],[-70.822021,42.751678],[-70.824497,42.752892],[-70.825002,42.752608],[-70.824903,42.752086],[-70.825636,42.751688],[-70.829014,42.75128],[-70.830074,42.750769],[-70.830464,42.751414],[-70.830342,42.752937],[-70.830657,42.753837],[-70.831517,42.754619],[-70.832692,42.754916],[-70.833768,42.754515],[-70.834739,42.752799],[-70.837246,42.75201],[-70.838075,42.751364],[-70.839622,42.752549],[-70.841074,42.752424],[-70.842291,42.750473],[-70.842067,42.750256],[-70.844036,42.750269],[-70.845525,42.749564],[-70.846301,42.749634],[-70.848376,42.751838],[-70.848464,42.752978],[-70.850618,42.753017],[-70.854703,42.750233],[-70.861099,42.749041],[-70.869591,42.748772],[-70.872507,42.750248],[-70.873158,42.749757],[-70.875055,42.749339],[-70.875986,42.747621],[-70.876575,42.747766],[-70.877189,42.748846],[-70.877641,42.749002],[-70.878005,42.74886],[-70.878627,42.747638],[-70.879055,42.747527],[-70.879821,42.747803],[-70.880956,42.751153],[-70.881876,42.751362],[-70.882542,42.750885],[-70.882729,42.749724],[-70.884328,42.748853],[-70.884194,42.747763],[-70.884512,42.7475],[-70.885029,42.747565],[-70.885955,42.748457],[-70.887328,42.748547],[-70.88913,42.749607],[-70.890428,42.749074],[-70.88873,42.747875],[-70.888618,42.747326],[-70.888949,42.747003],[-70.891355,42.748103],[-70.893006,42.748088],[-70.89312,42.747519],[-70.89206,42.746889],[-70.892212,42.745875],[-70.891968,42.745602],[-70.891373,42.745588],[-70.89026,42.746439],[-70.889883,42.746224],[-70.891234,42.744721],[-70.892699,42.7452],[-70.892737,42.74411],[-70.894476,42.744285],[-70.893784,42.744924],[-70.893768,42.745372],[-70.894485,42.745871],[-70.894811,42.747227],[-70.895421,42.747342],[-70.89628,42.746529],[-70.896172,42.745637],[-70.896612,42.74503],[-70.896937,42.743566],[-70.897793,42.743261],[-70.898968,42.742122],[-70.922321,42.735308],[-70.924124,42.736005],[-70.930738,42.738566],[-70.949522,42.748075],[-70.959692,42.753835],[-70.967189,42.758286],[-70.966494,42.760247],[-70.963419,42.765385],[-70.95945,42.76628],[-70.958292,42.76566],[-70.956828,42.767097],[-70.952671,42.769007],[-70.9517,42.76887],[-70.949989,42.769772],[-70.949537,42.770312],[-70.945716,42.77234],[-70.942418,42.774855],[-70.940558,42.775807],[-70.933612,42.778743],[-70.931887,42.778992],[-70.926251,42.781035],[-70.917389,42.787479],[-70.905122,42.79745],[-70.897911,42.798373],[-70.897579,42.797459],[-70.894354,42.795378],[-70.890803,42.794309],[-70.874866,42.798064],[-70.862966,42.80156],[-70.841046,42.795917],[-70.830081,42.801187],[-70.830345,42.800186],[-70.828678,42.799292],[-70.827015,42.799155],[-70.824282,42.799838],[-70.823203,42.798966],[-70.82256,42.797815],[-70.821346,42.797918],[-70.821201,42.798403],[-70.822929,42.80014],[-70.822308,42.80117],[-70.822189,42.802506],[-70.822548,42.803802],[-70.823268,42.804441],[-70.815814,42.808011],[-70.815226,42.806311],[-70.815202,42.805853],[-70.815585,42.805499],[-70.815416,42.805201],[-70.814761,42.805284],[-70.813376,42.803937],[-70.812348,42.804027],[-70.811411,42.803623],[-70.810444,42.803934],[-70.81001,42.805133],[-70.81054,42.806396],[-70.812847,42.806644],[-70.812969,42.80712],[-70.812187,42.807394],[-70.812285,42.808269],[-70.812975,42.809039],[-70.814057,42.80886],[-70.808151,42.811714],[-70.8081,42.808208],[-70.807522,42.805691],[-70.807087,42.805171],[-70.805947,42.805436],[-70.805439,42.805018],[-70.806599,42.803656],[-70.806488,42.803382],[-70.80577,42.803445],[-70.805721,42.802245],[-70.806072,42.801421],[-70.806887,42.801554],[-70.806745,42.80081],[-70.807216,42.799184],[-70.805877,42.795502],[-70.80571,42.792894],[-70.804959,42.789905],[-70.805136,42.787645],[-70.804107,42.78073],[-70.801989,42.775367],[-70.800932,42.771084],[-70.796592,42.759147],[-70.794873,42.753218],[-70.810148,42.750004]]]]}},{"type":"Feature","properties":{"area_id":"206","layer":"municipality","name":"Newburyport","municipality_type":"city","county_id":"25009"},"geometry":{"type":"MultiPolygon","coordinates":[[[[-70.827226,42.802551],[-70.826563,42.804105],[-70.82671,42.805395],[-70.825584,42.805396],[-70.823855,42.80416],[-70.827226,42.802551]]],[[[-70.823268,42.804441],[-70.825835,42.806435],[-70.82609,42.807003],[-70.825057,42.808031],[-70.822727,42.808495],[-70.822937,42.809458],[-70.82332,42.809618],[-70.823218,42.810237],[-70.821523,42.81197],[-70.820734,42.812178],[-70.820296,42.811727],[-70.819608,42.811837],[-70.819578,42.812133],[-70.820064,42.812388],[-70.819905,42.812808],[-70.818018,42.811491],[-70.816796,42.809981],[-70.815814,42.808011],[-70.823268,42.804441]]],[[[-70.814057,42.80886],[-70.814626,42.810074],[-70.815508,42.810947],[-70.815546,42.811426],[-70.816111,42.811701],[-70.816294,42.812454],[-70.817791,42.812973],[-70.818264,42.813704],[-70.81918,42.814126],[-70.820021,42.813899],[-70.820605,42.814697],[-70.820609,42.816288],[-70.81917,42.817942],[-70.815988,42.818681],[-70.813735,42.818573],[-70.81213,42.818964],[-70.813387,42.81801],[-70.816124,42.817746],[-70.816207,42.817416],[-70.815646,42.816878],[-70.81414,42.816396],[-70.811331,42.814812],[-70.807893,42.815854],[-70.808151,42.811714],[-70.814057,42.80886]]],[[[-70.897937,42.833154],[-70.894653,42.831751],[-70.892819,42.830282],[-70.890716,42.827679],[-70.889143,42.826488],[-70.882046,42.82396],[-70.879971,42.822882],[-70.874484,42.81709],[-70.875228,42.816473],[-70.875048,42.815647],[-70.874489,42.814828],[-70.873322,42.81426],[-70.87343,42.813939],[-70.872947,42.813451],[-70.868412,42.81282],[-70.867129,42.812312],[-70.866499,42.812432],[-70.86464,42.811602],[-70.861707,42.8111],[-70.861464,42.810505],[-70.860074,42.810179],[-70.860441,42.809447],[-70.859594,42.809069],[-70.857369,42.80716],[-70.857183,42.806381],[-70.856147,42.806322],[-70.853245,42.804426],[-70.851628,42.802646],[-70.849572,42.801558],[-70.846343,42.801652],[-70.843913,42.800981],[-70.843549,42.801352],[-70.842489,42.801043],[-70.840156,42.801082],[-70.838322,42.801568],[-70.838505,42.801925],[-70.838252,42.802097],[-70.837079,42.801586],[-70.836796,42.802044],[-70.837006,42.802609],[-70.836126,42.802991],[-70.836161,42.803688],[-70.838424,42.805091],[-70.83726,42.806681],[-70.836944,42.807847],[-70.83588,42.80862],[-70.833322,42.809246],[-70.830186,42.809134],[-70.830041,42.806938],[-70.828751,42.805482],[-70.828506,42.804589],[-70.829604,42.80272],[-70.830081,42.801187],[-70.841046,42.795917],[-70.862966,42.80156],[-70.874866,42.798064],[-70.890803,42.794309],[-70.894354,42.795378],[-70.897579,42.797459],[-70.897911,42.798373],[-70.905122,42.79745],[-70.917389,42.787479],[-70.93081,42.802701],[-70.931569,42.806412],[-70.929906,42.808148],[-70.929623,42.808819],[-70.930133,42.810636],[-70.931285,42.811516],[-70.931591,42.812125],[-70.931504,42.813576],[-70.930664,42.814602],[-70.931835,42.81513],[-70.932788,42.815075],[-70.93372,42.815676],[-70.934605,42.816536],[-70.934202,42.817859],[-70.935846,42.817724],[-70.936184,42.818465],[-70.937422,42.819223],[-70.940296,42.822557],[-70.938945,42.823335],[-70.937018,42.825617],[-70.933889,42.828026],[-70.931684,42.832083],[-70.928805,42.834563],[-70.925009,42.838647],[-70.92299,42.840227],[-70.920395,42.841299],[-70.917732,42.841639],[-70.916209,42.841117],[-70.915004,42.839734],[-70.913298,42.835561],[-70.911218,42.834272],[-70.908485,42.83375],[-70.90426,42.833902],[-70.897937,42.833154]]]]}},{"type":"Feature","properties":{"area_id":"207","layer":"municipality","name":"Newton","municipality_type":"city","county_id":"25017"},"geometry":{"type":"Polygon","coordinates":[[[-71.173917,42.353474],[-71.17485,42.350346],[-71.166684,42.340113],[-71.166809,42.339299],[-71.168634,42.338638],[-71.169217,42.338077],[-71.168887,42.335835],[-71.167529,42.333369],[-71.162713,42.333893],[-71.161406,42.333733],[-71.159633,42.332885],[-71.157037,42.330399],[-71.156887,42.330249],[-71.167349,42.32265],[-71.170485,42.321547],[-71.170069,42.320689],[-71.178936,42.314325],[-71.169844,42.307653],[-71.166092,42.304478],[-71.164703,42.303839],[-71.178612,42.294619],[-71.19125,42.283],[-71.190886,42.285831],[-71.192118,42.287286],[-71.193161,42.288003],[-71.195007,42.288173],[-71.195525,42.28758],[-71.195793,42.286204],[-71.196356,42.285966],[-71.200018,42.287604],[-71.201345,42.288567],[-71.203376,42.288629],[-71.205241,42.289577],[-71.206054,42.293406],[-71.207539,42.296867],[-71.21178,42.300071],[-71.211236,42.302892],[-71.212946,42.305958],[-71.213691,42.306297],[-71.218476,42.306823],[-71.220856,42.306417],[-71.227004,42.3085],[-71.227124,42.309289],[-71.226311,42.310293],[-71.227072,42.312402],[-71.226426,42.313213],[-71.226287,42.314126],[-71.227544,42.315409],[-71.228149,42.317169],[-71.228359,42.319015],[-71.231135,42.320847],[-71.234762,42.320859],[-71.238787,42.321808],[-71.24107,42.320877],[-71.244588,42.321267],[-71.246611,42.321031],[-71.247801,42.321874],[-71.248757,42.323456],[-71.249939,42.323871],[-71.250229,42.324559],[-71.251245,42.325279],[-71.251746,42.326132],[-71.252937,42.326765],[-71.253838,42.326629],[-71.254889,42.325135],[-71.257819,42.324515],[-71.258399,42.324947],[-71.259001,42.32635],[-71.259565,42.326683],[-71.261953,42.326658],[-71.26353,42.326023],[-71.266098,42.327399],[-71.269359,42.327727],[-71.269953,42.32809],[-71.270281,42.32874],[-71.269763,42.32977],[-71.270248,42.330989],[-71.269768,42.33119],[-71.268011,42.330568],[-71.265666,42.331282],[-71.265131,42.331839],[-71.264416,42.334481],[-71.263138,42.334911],[-71.261005,42.334612],[-71.259934,42.334833],[-71.259204,42.335427],[-71.258956,42.336595],[-71.256747,42.338048],[-71.25569,42.339299],[-71.255886,42.34012],[-71.256865,42.340656],[-71.258249,42.341199],[-71.261043,42.341011],[-71.261877,42.341929],[-71.261236,42.34429],[-71.259761,42.34612],[-71.260431,42.347619],[-71.260307,42.348203],[-71.258624,42.349369],[-71.259146,42.351731],[-71.260359,42.353666],[-71.256466,42.354914],[-71.256356,42.35402],[-71.255731,42.353763],[-71.254034,42.354779],[-71.253147,42.355906],[-71.217062,42.366578],[-71.216342,42.365857],[-71.21451,42.36569],[-71.213731,42.365133],[-71.21126,42.364293],[-71.209943,42.364141],[-71.208812,42.364586],[-71.207459,42.364108],[-71.206389,42.364599],[-71.205098,42.365758],[-71.202029,42.365828],[-71.198323,42.36741],[-71.197081,42.366948],[-71.196485,42.367033],[-71.195422,42.367834],[-71.194766,42.36688],[-71.192216,42.365433],[-71.196298,42.361811],[-71.183681,42.358838],[-71.182127,42.360691],[-71.178241,42.359575],[-71.175272,42.359281],[-71.172755,42.359339],[-71.169382,42.360145],[-71.167509,42.360092],[-71.173917,42.353474]]]}},{"type":"Feature","properties":{"area_id":"208","layer":"municipality","name":"Norfolk","municipality_type":"town","county_id":"25021"},"geometry":{"type":"Polygon","coordinates":[[[-71.284482,42.083587],[-71.285082,42.082401],[-71.315746,42.090122],[-71.359274,42.089528],[-71.367736,42.107312],[-71.379983,42.126559],[-71.380046,42.127466],[-71.380671,42.128221],[-71.380714,42.129143],[-71.381462,42.129731],[-71.382172,42.129655],[-71.381646,42.130507],[-71.381919,42.130968],[-71.380693,42.131013],[-71.380259,42.131434],[-71.380881,42.132011],[-71.381059,42.132677],[-71.380521,42.132986],[-71.380146,42.13271],[-71.380189,42.132934],[-71.379219,42.13345],[-71.380045,42.134601],[-71.379585,42.135769],[-71.378944,42.135843],[-71.37811,42.135401],[-71.375627,42.135457],[-71.371096,42.133165],[-71.369866,42.13381],[-71.368335,42.133555],[-71.36675,42.133839],[-71.366415,42.133639],[-71.366332,42.131934],[-71.363941,42.1331],[-71.363428,42.132752],[-71.363329,42.132095],[-71.362868,42.132055],[-71.362001,42.133451],[-71.360351,42.135002],[-71.358807,42.134536],[-71.348726,42.140477],[-71.34464,42.146289],[-71.343399,42.146962],[-71.342773,42.14798],[-71.340457,42.148645],[-71.339662,42.149385],[-71.303746,42.149505],[-71.303226,42.148447],[-71.302341,42.149035],[-71.301965,42.14817],[-71.300817,42.1481],[-71.300858,42.147486],[-71.300119,42.147184],[-71.300679,42.14626],[-71.300119,42.14574],[-71.300697,42.145077],[-71.299851,42.143771],[-71.300507,42.142883],[-71.300006,42.141996],[-71.299408,42.141805],[-71.299721,42.140863],[-71.298947,42.140429],[-71.299211,42.139868],[-71.299094,42.138871],[-71.299598,42.138826],[-71.299748,42.138504],[-71.300323,42.138666],[-71.300585,42.138091],[-71.301349,42.137782],[-71.301379,42.137203],[-71.302187,42.136879],[-71.30176,42.136643],[-71.298971,42.126602],[-71.300272,42.125999],[-71.297155,42.120518],[-71.295902,42.116623],[-71.280269,42.088501],[-71.284482,42.083587]]]}},{"type":"Feature","properties":{"area_id":"209","layer":"municipality","name":"North Adams","municipality_type":"city","county_id":"25003"},"geometry":{"type":"Polygon","coordinates":[[[-73.059474,42.708403],[-73.063283,42.654712],[-73.169759,42.660182],[-73.167774,42.686624],[-73.17725,42.686941],[-73.175375,42.712293],[-73.165905,42.71184],[-73.059474,42.708403]]]}},{"type":"Feature","properties":{"area_id":"210","layer":"municipality","name":"North Andover","municipality_type":"town","county_id":"25009"},"geometry":{"type":"Polygon","coordinates":[[[-71.096466,42.724109],[-71.095553,42.724455],[-71.096185,42.725118],[-71.095035,42.725711],[-71.095023,42.72626],[-71.093668,42.72675],[-71.09167,42.724548],[-71.095321,42.722092],[-71.095122,42.721504],[-71.092307,42.719008],[-71.091751,42.718131],[-71.090595,42.718718],[-71.04052,42.672696],[-71.02231,42.641645],[-71.054558,42.627661],[-71.058767,42.609086],[-71.076168,42.604145],[-71.128813,42.674453],[-71.134538,42.676822],[-71.133646,42.679633],[-71.139382,42.684488],[-71.137788,42.685054],[-71.137998,42.685331],[-71.139478,42.685325],[-71.139298,42.685703],[-71.137679,42.686447],[-71.137982,42.68691],[-71.139203,42.686744],[-71.13981,42.687194],[-71.1392,42.687742],[-71.138564,42.687541],[-71.138509,42.688845],[-71.137319,42.689352],[-71.137533,42.689604],[-71.137174,42.689826],[-71.137453,42.690082],[-71.137297,42.690422],[-71.137678,42.690617],[-71.13732,42.691144],[-71.137638,42.691296],[-71.137599,42.691658],[-71.137898,42.691547],[-71.137819,42.692291],[-71.138006,42.692586],[-71.139297,42.692751],[-71.139219,42.693218],[-71.141704,42.694326],[-71.143149,42.694207],[-71.143396,42.697038],[-71.145719,42.698177],[-71.145858,42.698492],[-71.144382,42.699272],[-71.142779,42.698932],[-71.14089,42.703354],[-71.139323,42.703412],[-71.137112,42.704398],[-71.137526,42.704815],[-71.13756,42.706534],[-71.136292,42.707219],[-71.133961,42.710411],[-71.133454,42.712469],[-71.133498,42.713558],[-71.134775,42.71732],[-71.134988,42.718903],[-71.134824,42.720367],[-71.134198,42.721512],[-71.131019,42.724149],[-71.12716,42.727979],[-71.124462,42.731663],[-71.118607,42.736633],[-71.116464,42.739068],[-71.115579,42.741112],[-71.108632,42.73529],[-71.096466,42.724109]]]}},{"type":"Feature","properties":{"area_id":"211","layer":"municipality","name":"North Attleborough","municipality_type":"town with city form of government","county_id":"25005"},"geometry":{"type":"Polygon","coordinates":[[[-71.335954,41.940795],[-71.38144,41.914829],[-71.381364,41.985092],[-71.364345,41.985301],[-71.288284,42.014464],[-71.268745,41.987314],[-71.335954,41.940795]]]}},{"type":"Feature","properties":{"area_id":"212","layer":"municipality","name":"North Brookfield","municipality_type":"town","county_id":"25027"},"geometry":{"type":"Polygon","coordinates":[[[-72.03856,42.244465],[-72.045527,42.229982],[-72.070145,42.231278],[-72.072828,42.232096],[-72.074367,42.232238],[-72.078576,42.231071],[-72.099246,42.230774],[-72.111252,42.238591],[-72.117382,42.242779],[-72.113293,42.25244],[-72.125038,42.263482],[-72.117352,42.278829],[-72.134785,42.281157],[-72.129574,42.290262],[-72.117465,42.302254],[-72.041169,42.308706],[-72.030359,42.245209],[-72.03856,42.244465]]]}},{"type":"Feature","properties":{"area_id":"213","layer":"municipality","name":"North Reading","municipality_type":"town","county_id":"25017"},"geometry":{"type":"Polygon","coordinates":[[[-71.035499,42.570629],[-71.036819,42.571741],[-71.037332,42.571696],[-71.037664,42.571173],[-71.039846,42.571428],[-71.040261,42.572517],[-71.041481,42.573491],[-71.042979,42.573274],[-71.04422,42.57391],[-71.044821,42.572839],[-71.046308,42.572601],[-71.049453,42.571021],[-71.050534,42.571731],[-71.050837,42.571253],[-71.051078,42.571828],[-71.051461,42.571596],[-71.051939,42.572136],[-71.052767,42.571375],[-71.052463,42.571796],[-71.05265,42.572342],[-71.053738,42.572517],[-71.053047,42.572597],[-71.0531,42.573087],[-71.054016,42.573052],[-71.05483,42.574037],[-71.055549,42.573661],[-71.057126,42.574049],[-71.064938,42.562124],[-71.070979,42.555897],[-71.089891,42.558231],[-71.092783,42.559259],[-71.103712,42.564971],[-71.104016,42.56625],[-71.104713,42.566656],[-71.105089,42.565856],[-71.105637,42.565884],[-71.106037,42.56531],[-71.10853,42.564067],[-71.108606,42.562983],[-71.110162,42.56144],[-71.113172,42.560871],[-71.113655,42.561423],[-71.114273,42.561044],[-71.115215,42.561212],[-71.115141,42.561635],[-71.115978,42.561972],[-71.11695,42.561519],[-71.118481,42.561372],[-71.118673,42.560474],[-71.119377,42.560132],[-71.120691,42.560571],[-71.120958,42.560054],[-71.121679,42.559891],[-71.121798,42.559218],[-71.122162,42.559227],[-71.123227,42.558283],[-71.123885,42.558317],[-71.123946,42.55775],[-71.124462,42.557491],[-71.124394,42.556967],[-71.12609,42.556882],[-71.126301,42.556563],[-71.125708,42.556294],[-71.126364,42.555998],[-71.126346,42.55558],[-71.126988,42.554931],[-71.126926,42.554163],[-71.129235,42.554745],[-71.12974,42.554145],[-71.12939,42.553924],[-71.129473,42.553652],[-71.130111,42.553509],[-71.130709,42.553943],[-71.131227,42.552676],[-71.131975,42.553424],[-71.132466,42.553272],[-71.132408,42.55274],[-71.133015,42.552984],[-71.1335,42.552523],[-71.134232,42.552468],[-71.134381,42.552719],[-71.135671,42.552233],[-71.136479,42.552376],[-71.136743,42.553473],[-71.130525,42.583219],[-71.135406,42.599088],[-71.076168,42.604145],[-71.058767,42.609086],[-71.059353,42.606336],[-71.033999,42.585501],[-71.028313,42.57409],[-71.03546,42.570268],[-71.035499,42.570629]]]}},{"type":"Feature","properties":{"area_id":"214","layer":"municipality","name":"Northampton","municipality_type":"city","county_id":"25015"},"geometry":{"type":"Polygon","coordinates":[[[-72.636772,42.349815],[-72.638285,42.348314],[-72.638912,42.347041],[-72.639131,42.345435],[-72.638448,42.344412],[-72.637332,42.344154],[-72.633722,42.344495],[-72.623046,42.342974],[-72.620139,42.341317],[-72.61832,42.336929],[-72.612285,42.33335],[-72.603415,42.329688],[-72.592948,42.327774],[-72.587479,42.327141],[-72.585787,42.32604],[-72.584382,42.323951],[-72.584109,42.321798],[-72.585313,42.319863],[-72.586609,42.318744],[-72.588322,42.317956],[-72.592723,42.31704],[-72.593695,42.316492],[-72.598522,42.308738],[-72.611287,42.295818],[-72.613706,42.292404],[-72.614702,42.290208],[-72.619304,42.290076],[-72.621086,42.289629],[-72.624523,42.288158],[-72.629025,42.285269],[-72.630233,42.284938],[-72.634878,42.285406],[-72.63623,42.286144],[-72.637442,42.287414],[-72.640678,42.284146],[-72.642081,42.288182],[-72.643701,42.288502],[-72.646139,42.290477],[-72.648767,42.291832],[-72.66047,42.288705],[-72.660217,42.289263],[-72.672037,42.290202],[-72.672092,42.291896],[-72.736727,42.28425],[-72.741219,42.362739],[-72.672127,42.371362],[-72.640266,42.375263],[-72.635219,42.356068],[-72.636191,42.355929],[-72.633959,42.351153],[-72.636772,42.349815]]]}},{"type":"Feature","properties":{"area_id":"215","layer":"municipality","name":"Northborough","municipality_type":"town","county_id":"25027"},"geometry":{"type":"Polygon","coordinates":[[[-71.625826,42.349732],[-71.620659,42.345257],[-71.61755,42.341977],[-71.616034,42.341499],[-71.611525,42.339005],[-71.6041,42.336777],[-71.603592,42.331685],[-71.605267,42.330169],[-71.601886,42.32698],[-71.597364,42.321024],[-71.592253,42.317725],[-71.585208,42.310958],[-71.580033,42.3059],[-71.633209,42.300569],[-71.634326,42.298323],[-71.634182,42.297034],[-71.637166,42.296212],[-71.636997,42.29488],[-71.637649,42.294314],[-71.637876,42.292754],[-71.64235,42.290558],[-71.643013,42.28927],[-71.642703,42.2882],[-71.670116,42.278772],[-71.676967,42.286125],[-71.680422,42.30518],[-71.684364,42.31138],[-71.689714,42.318835],[-71.68788,42.32551],[-71.67637,42.36488],[-71.633937,42.358402],[-71.624704,42.350474],[-71.625826,42.349732]]]}},{"type":"Feature","properties":{"area_id":"216","layer":"municipality","name":"Northbridge","municipality_type":"town","county_id":"25027"},"geometry":{"type":"Polygon","coordinates":[[[-71.605783,42.124865],[-71.603718,42.12544],[-71.601759,42.125514],[-71.600776,42.124573],[-71.600555,42.123604],[-71.598983,42.122687],[-71.596339,42.122712],[-71.595893,42.122315],[-71.592749,42.121657],[-71.592624,42.114286],[-71.595947,42.112671],[-71.598649,42.111802],[-71.601525,42.111305],[-71.60282,42.111507],[-71.603532,42.112119],[-71.650871,42.095505],[-71.679972,42.103404],[-71.685542,42.107274],[-71.707806,42.09993],[-71.692012,42.120301],[-71.704659,42.12527],[-71.693714,42.136167],[-71.691408,42.149242],[-71.693689,42.161228],[-71.691419,42.163117],[-71.67901,42.165797],[-71.642169,42.165671],[-71.605783,42.124865]]]}},{"type":"Feature","properties":{"area_id":"217","layer":"municipality","name":"Northfield","municipality_type":"town","county_id":"25011"},"geometry":{"type":"Polygon","coordinates":[[[-72.377124,42.639291],[-72.463401,42.619982],[-72.461642,42.606501],[-72.491002,42.604018],[-72.488578,42.607777],[-72.487416,42.60852],[-72.483825,42.609829],[-72.481978,42.611423],[-72.48043,42.614532],[-72.479892,42.617175],[-72.480309,42.619081],[-72.481026,42.620396],[-72.489361,42.633637],[-72.489555,42.634577],[-72.489238,42.635473],[-72.487197,42.638134],[-72.48165,42.642519],[-72.472553,42.647541],[-72.470346,42.649227],[-72.465385,42.653692],[-72.465129,42.65564],[-72.465747,42.657624],[-72.470282,42.662516],[-72.471484,42.664379],[-72.472051,42.668943],[-72.471813,42.670112],[-72.475088,42.670845],[-72.475791,42.670689],[-72.476777,42.672389],[-72.480672,42.677062],[-72.482522,42.678084],[-72.485055,42.677473],[-72.485305,42.675845],[-72.486486,42.673267],[-72.489378,42.67404],[-72.490114,42.679995],[-72.496203,42.678624],[-72.516769,42.728612],[-72.41204,42.72537],[-72.377124,42.639291]]]}},{"type":"Feature","properties":{"area_id":"218","layer":"municipality","name":"Norton","municipality_type":"town","county_id":"25005"},"geometry":{"type":"Polygon","coordinates":[[[-71.125751,41.967],[-71.15567,41.938007],[-71.193901,41.910774],[-71.208163,41.90886],[-71.259306,41.974214],[-71.202284,41.995883],[-71.182536,42.002305],[-71.158698,42.012624],[-71.156451,42.001052],[-71.100851,41.993187],[-71.125751,41.967]]]}},{"type":"Feature","properties":{"area_id":"219","layer":"municipality","name":"Norwell","municipality_type":"town","county_id":"25023"},"geometry":{"type":"Polygon","coordinates":[[[-70.779003,42.115594],[-70.78094,42.116762],[-70.782603,42.116658],[-70.782959,42.115941],[-70.78207,42.114332],[-70.782928,42.11339],[-70.783007,42.112014],[-70.783778,42.111748],[-70.785199,42.112028],[-70.786326,42.111316],[-70.788332,42.111612],[-70.788548,42.111292],[-70.787989,42.110486],[-70.788167,42.110092],[-70.788682,42.110066],[-70.789682,42.110699],[-70.7905,42.110338],[-70.790052,42.108706],[-70.791741,42.109253],[-70.792261,42.109073],[-70.792173,42.108536],[-70.789293,42.10682],[-70.789705,42.106431],[-70.792277,42.106125],[-70.793718,42.106841],[-70.795063,42.109394],[-70.798439,42.112394],[-70.799257,42.112516],[-70.799921,42.112069],[-70.800661,42.109642],[-70.80111,42.109725],[-70.802563,42.1111],[-70.80385,42.111486],[-70.803751,42.112125],[-70.804209,42.112596],[-70.804161,42.113268],[-70.805172,42.113853],[-70.804983,42.114409],[-70.806692,42.114475],[-70.807391,42.114794],[-70.80873,42.114663],[-70.809466,42.11716],[-70.810148,42.117965],[-70.809179,42.119277],[-70.809356,42.119736],[-70.808209,42.120186],[-70.808169,42.120978],[-70.808692,42.121651],[-70.808545,42.12235],[-70.80914,42.122737],[-70.809036,42.124424],[-70.810924,42.125409],[-70.811732,42.126651],[-70.813904,42.126956],[-70.81601,42.128563],[-70.8166,42.130093],[-70.816408,42.130696],[-70.81664,42.131582],[-70.818153,42.131475],[-70.819773,42.132087],[-70.819079,42.13295],[-70.82114,42.133208],[-70.822163,42.132963],[-70.822548,42.132336],[-70.824118,42.132811],[-70.82482,42.132089],[-70.826112,42.131887],[-70.82753,42.131929],[-70.828267,42.132369],[-70.828757,42.132228],[-70.829089,42.132628],[-70.829576,42.13227],[-70.830482,42.132396],[-70.832352,42.133021],[-70.833511,42.134295],[-70.83471,42.134448],[-70.834331,42.134884],[-70.834719,42.135106],[-70.834711,42.13546],[-70.834161,42.135874],[-70.833894,42.136898],[-70.834865,42.137135],[-70.834893,42.137711],[-70.834622,42.137831],[-70.835,42.138055],[-70.834758,42.138805],[-70.834987,42.139671],[-70.836995,42.141302],[-70.837163,42.141966],[-70.83685,42.142325],[-70.837468,42.145465],[-70.838529,42.14538],[-70.838686,42.145917],[-70.839314,42.146299],[-70.839243,42.146579],[-70.840008,42.146853],[-70.840352,42.148142],[-70.840276,42.149432],[-70.841243,42.15004],[-70.841273,42.15043],[-70.842573,42.150856],[-70.842592,42.151187],[-70.843188,42.151522],[-70.844431,42.151838],[-70.844708,42.152659],[-70.844502,42.153143],[-70.84499,42.153603],[-70.844623,42.154157],[-70.84535,42.154676],[-70.847175,42.157091],[-70.847247,42.158318],[-70.884312,42.153728],[-70.890292,42.171745],[-70.870505,42.182359],[-70.852166,42.19047],[-70.838865,42.194815],[-70.813503,42.195381],[-70.777865,42.183863],[-70.752407,42.16397],[-70.754264,42.163072],[-70.754207,42.160984],[-70.756097,42.159067],[-70.759891,42.1594],[-70.760792,42.158737],[-70.761456,42.157159],[-70.762231,42.156907],[-70.762914,42.157155],[-70.76406,42.158706],[-70.765752,42.158718],[-70.766737,42.157437],[-70.767218,42.155245],[-70.768331,42.154146],[-70.769836,42.154125],[-70.771409,42.155096],[-70.772243,42.15526],[-70.774592,42.154936],[-70.778982,42.156602],[-70.781725,42.156698],[-70.78244,42.156187],[-70.782652,42.153416],[-70.78313,42.152258],[-70.782937,42.150361],[-70.783525,42.149998],[-70.785124,42.149868],[-70.785737,42.149446],[-70.786409,42.146724],[-70.787877,42.145119],[-70.785629,42.143314],[-70.783105,42.142069],[-70.782831,42.14123],[-70.782962,42.139124],[-70.780625,42.136948],[-70.78055,42.136257],[-70.781494,42.1349],[-70.779933,42.131986],[-70.781846,42.131262],[-70.78228,42.130323],[-70.781561,42.129673],[-70.779302,42.129717],[-70.778822,42.127837],[-70.779623,42.12642],[-70.778072,42.12524],[-70.777957,42.124854],[-70.778511,42.124112],[-70.778511,42.123093],[-70.779629,42.121835],[-70.777387,42.120457],[-70.77793,42.119032],[-70.776634,42.117307],[-70.777145,42.116756],[-70.779003,42.115594]]]}},{"type":"Feature","properties":{"area_id":"220","layer":"municipality","name":"Norwood","municipality_type":"town","county_id":"25021"},"geometry":{"type":"Polygon","coordinates":[[[-71.15546,42.196871],[-71.156354,42.195618],[-71.157679,42.195275],[-71.158195,42.194762],[-71.158317,42.193744],[-71.16015,42.190047],[-71.160259,42.188479],[-71.162726,42.186832],[-71.162844,42.185079],[-71.16375,42.184492],[-71.165348,42.182425],[-71.165272,42.182084],[-71.164045,42.181594],[-71.164282,42.180895],[-71.165267,42.180024],[-71.167369,42.179747],[-71.168002,42.179106],[-71.166954,42.178658],[-71.166646,42.178136],[-71.167348,42.176206],[-71.166163,42.174573],[-71.167263,42.169186],[-71.169747,42.16721],[-71.174542,42.164525],[-71.176026,42.164557],[-71.17856,42.165867],[-71.180343,42.165421],[-71.186847,42.16619],[-71.188023,42.164195],[-71.187731,42.162898],[-71.188277,42.161383],[-71.188692,42.161135],[-71.186881,42.153277],[-71.194456,42.149925],[-71.202482,42.160072],[-71.203796,42.160119],[-71.204507,42.160905],[-71.20526,42.161128],[-71.211332,42.166975],[-71.212851,42.167422],[-71.212593,42.167783],[-71.213435,42.168711],[-71.220038,42.168414],[-71.221879,42.171105],[-71.225354,42.170858],[-71.233558,42.18133],[-71.235181,42.181081],[-71.23595,42.181489],[-71.236762,42.181422],[-71.237194,42.18241],[-71.238344,42.1828],[-71.210779,42.208815],[-71.196532,42.213864],[-71.189981,42.213585],[-71.185231,42.212821],[-71.178676,42.21231],[-71.163233,42.202151],[-71.162332,42.201292],[-71.154853,42.19695],[-71.15546,42.196871]]]}},{"type":"Feature","properties":{"area_id":"221","layer":"municipality","name":"Oak Bluffs","municipality_type":"town","county_id":"25007"},"geometry":{"type":"MultiPolygon","coordinates":[[[[-70.555346,41.428171],[-70.554881,41.426961],[-70.552089,41.422567],[-70.54872,41.418504],[-70.547677,41.417519],[-70.54705,41.417518],[-70.54889,41.416328],[-70.550078,41.4167],[-70.550936,41.418649],[-70.552836,41.42047],[-70.553016,41.421692],[-70.554344,41.422869],[-70.555013,41.42594],[-70.557021,41.428079],[-70.557155,41.428898],[-70.55676,41.430377],[-70.557098,41.432325],[-70.556681,41.432693],[-70.555749,41.432853],[-70.556016,41.432505],[-70.555337,41.43062],[-70.55567,41.430319],[-70.555124,41.429513],[-70.555562,41.429216],[-70.554923,41.428407],[-70.555346,41.428171]]],[[[-70.573699,41.41378],[-70.615102,41.413641],[-70.621338,41.445242],[-70.603216,41.426568],[-70.603185,41.427802],[-70.601577,41.428207],[-70.60027,41.429685],[-70.599838,41.429556],[-70.599348,41.430603],[-70.60038,41.431505],[-70.600422,41.431912],[-70.599277,41.432953],[-70.599387,41.433753],[-70.598701,41.434627],[-70.598005,41.434877],[-70.597703,41.435452],[-70.595428,41.437074],[-70.594782,41.438111],[-70.595127,41.439007],[-70.593847,41.439311],[-70.591817,41.440862],[-70.591155,41.441816],[-70.591814,41.442383],[-70.591679,41.442632],[-70.590073,41.442664],[-70.588947,41.443248],[-70.588724,41.444564],[-70.586932,41.445575],[-70.585772,41.44749],[-70.584538,41.448404],[-70.584413,41.449315],[-70.58508,41.450177],[-70.584978,41.450618],[-70.582379,41.451588],[-70.581036,41.453079],[-70.580793,41.454994],[-70.580426,41.455627],[-70.580766,41.457105],[-70.581292,41.457909],[-70.584106,41.45931],[-70.585156,41.459217],[-70.586163,41.458646],[-70.58786,41.459261],[-70.588226,41.460523],[-70.585389,41.460046],[-70.583789,41.460422],[-70.582434,41.461522],[-70.58166,41.462768],[-70.580256,41.463352],[-70.57925,41.46462],[-70.576153,41.466959],[-70.574565,41.468633],[-70.56995,41.470974],[-70.566999,41.470993],[-70.564826,41.470226],[-70.563228,41.469165],[-70.561933,41.467818],[-70.560378,41.465738],[-70.560273,41.465058],[-70.558566,41.462184],[-70.557508,41.46098],[-70.558856,41.460369],[-70.559483,41.461878],[-70.560574,41.46214],[-70.560973,41.461621],[-70.560803,41.460968],[-70.562005,41.458924],[-70.56207,41.457917],[-70.560969,41.457292],[-70.558801,41.457526],[-70.558147,41.45969],[-70.557321,41.460315],[-70.552946,41.453073],[-70.553383,41.452586],[-70.552691,41.449514],[-70.553075,41.448225],[-70.552847,41.447954],[-70.553278,41.447999],[-70.554258,41.446929],[-70.553767,41.446979],[-70.553335,41.446251],[-70.55409,41.445578],[-70.55399,41.444557],[-70.552337,41.439954],[-70.553907,41.440323],[-70.553697,41.442372],[-70.554081,41.442746],[-70.554351,41.442435],[-70.554035,41.441381],[-70.554483,41.440582],[-70.555204,41.440165],[-70.555068,41.439671],[-70.554709,41.439568],[-70.554059,41.440139],[-70.552648,41.43978],[-70.554202,41.43899],[-70.555037,41.43764],[-70.555642,41.435015],[-70.55518,41.433038],[-70.557343,41.432806],[-70.55758,41.433941],[-70.55976,41.43538],[-70.560939,41.435403],[-70.561816,41.434873],[-70.563578,41.434649],[-70.563721,41.435104],[-70.564373,41.435267],[-70.56428,41.434385],[-70.567762,41.430364],[-70.567544,41.42974],[-70.56691,41.429561],[-70.567495,41.429623],[-70.568133,41.429252],[-70.568308,41.428351],[-70.567582,41.427586],[-70.566321,41.427201],[-70.56603,41.426825],[-70.564321,41.426992],[-70.565104,41.425881],[-70.564486,41.42315],[-70.565976,41.422323],[-70.566982,41.421096],[-70.569097,41.420892],[-70.571205,41.419756],[-70.57168,41.41893],[-70.571084,41.41796],[-70.571249,41.417772],[-70.570589,41.417329],[-70.570992,41.416995],[-70.57058,41.416686],[-70.571688,41.41626],[-70.571598,41.415874],[-70.571973,41.415991],[-70.572019,41.415231],[-70.572762,41.41487],[-70.572567,41.414602],[-70.573699,41.41378]]]]}},{"type":"Feature","properties":{"area_id":"222","layer":"municipality","name":"Oakham","municipality_type":"town","county_id":"25027"},"geometry":{"type":"Polygon","coordinates":[[[-71.989407,42.310196],[-72.041169,42.308706],[-72.112469,42.356432],[-72.035082,42.403925],[-71.993788,42.319369],[-71.989407,42.310196]]]}},{"type":"Feature","properties":{"area_id":"223","layer":"municipality","name":"Orange","municipality_type":"town","county_id":"25011"},"geometry":{"type":"Polygon","coordinates":[[[-72.229079,42.638363],[-72.22805,42.636257],[-72.226453,42.634955],[-72.22592,42.631786],[-72.225315,42.630435],[-72.2264,42.629235],[-72.227061,42.627247],[-72.227547,42.62668],[-72.229011,42.626072],[-72.229685,42.626297],[-72.23112,42.625905],[-72.231681,42.625194],[-72.231382,42.62428],[-72.230546,42.623791],[-72.229067,42.624008],[-72.228942,42.623598],[-72.229856,42.622098],[-72.228498,42.621666],[-72.227376,42.622029],[-72.228314,42.619128],[-72.227849,42.617979],[-72.227919,42.615636],[-72.229206,42.614605],[-72.229948,42.614397],[-72.230696,42.614823],[-72.231805,42.613945],[-72.23325,42.614352],[-72.236759,42.614161],[-72.238005,42.614722],[-72.239535,42.613797],[-72.241776,42.614114],[-72.242543,42.613812],[-72.242418,42.613407],[-72.254746,42.611622],[-72.253319,42.605345],[-72.25633,42.605131],[-72.257133,42.604249],[-72.258811,42.603729],[-72.259244,42.60226],[-72.260049,42.601151],[-72.262156,42.60026],[-72.265448,42.600966],[-72.267065,42.600821],[-72.261332,42.575929],[-72.263218,42.575886],[-72.265036,42.577526],[-72.267904,42.577876],[-72.268969,42.577763],[-72.270005,42.576346],[-72.27111,42.576167],[-72.271837,42.576945],[-72.271973,42.578551],[-72.273227,42.579351],[-72.274086,42.579113],[-72.273846,42.577442],[-72.274135,42.577006],[-72.275382,42.57673],[-72.276435,42.577383],[-72.276661,42.570447],[-72.273591,42.561008],[-72.271353,42.547236],[-72.356791,42.548711],[-72.353786,42.598094],[-72.357085,42.598853],[-72.358818,42.598796],[-72.360238,42.597629],[-72.361627,42.595613],[-72.362302,42.595231],[-72.364768,42.609435],[-72.318429,42.61491],[-72.321577,42.631481],[-72.311188,42.632845],[-72.312824,42.640811],[-72.301888,42.641436],[-72.303382,42.64885],[-72.293165,42.650589],[-72.295398,42.660806],[-72.283205,42.662466],[-72.285536,42.673391],[-72.271952,42.67466],[-72.271885,42.674426],[-72.258548,42.675429],[-72.257326,42.667948],[-72.243496,42.669256],[-72.24211,42.661651],[-72.229468,42.662676],[-72.224933,42.638945],[-72.229079,42.638363]]]}},{"type":"Feature","properties":{"area_id":"224","layer":"municipality","name":"Orleans","municipality_type":"town","county_id":"25001"},"geometry":{"type":"MultiPolygon","coordinates":[[[[-69.952918,41.730603],[-69.953359,41.730365],[-69.956879,41.729864],[-69.958078,41.730626],[-69.958615,41.73144],[-69.958301,41.731841],[-69.957567,41.731855],[-69.957275,41.732475],[-69.956284,41.732556],[-69.954645,41.734281],[-69.954196,41.734393],[-69.953224,41.734071],[-69.952388,41.733276],[-69.952257,41.732503],[-69.952669,41.731533],[-69.952918,41.730603]]],[[[-69.961914,41.737163],[-69.962297,41.7359],[-69.962096,41.73484],[-69.96144,41.733657],[-69.959856,41.732591],[-69.959283,41.732526],[-69.959903,41.732522],[-69.962956,41.734137],[-69.964192,41.735799],[-69.964667,41.737593],[-69.965634,41.738836],[-69.963089,41.739051],[-69.962064,41.738371],[-69.961914,41.737163]]],[[[-69.95039,41.749929],[-69.950657,41.750097],[-69.949948,41.750791],[-69.949838,41.751636],[-69.948252,41.751331],[-69.946898,41.75022],[-69.946072,41.750004],[-69.94518,41.748135],[-69.945243,41.747712],[-69.943904,41.747232],[-69.943482,41.746733],[-69.944413,41.746188],[-69.947985,41.746643],[-69.948384,41.746008],[-69.948869,41.746047],[-69.949541,41.746831],[-69.949279,41.747857],[-69.949809,41.748605],[-69.954431,41.749751],[-69.954628,41.751759],[-69.953918,41.751923],[-69.953064,41.751599],[-69.952095,41.74981],[-69.951177,41.749705],[-69.95039,41.749929]]],[[[-69.945543,41.758185],[-69.944754,41.757921],[-69.94435,41.758612],[-69.943525,41.75794],[-69.943966,41.757812],[-69.943215,41.756496],[-69.943684,41.754666],[-69.942708,41.752836],[-69.942781,41.751362],[-69.942097,41.749743],[-69.942566,41.748458],[-69.943599,41.748783],[-69.943934,41.749401],[-69.944999,41.749712],[-69.945574,41.750351],[-69.94821,41.751639],[-69.949902,41.751782],[-69.950227,41.751585],[-69.950318,41.75084],[-69.951889,41.751881],[-69.951264,41.753067],[-69.952238,41.753208],[-69.952481,41.754043],[-69.951074,41.755456],[-69.950342,41.756823],[-69.950136,41.757642],[-69.950479,41.758894],[-69.949716,41.760276],[-69.948934,41.760493],[-69.949008,41.759698],[-69.948542,41.758919],[-69.946464,41.757994],[-69.945543,41.758185]]],[[[-69.949611,41.808848],[-69.949267,41.809528],[-69.948839,41.808125],[-69.949159,41.807822],[-69.949611,41.808848]]],[[[-69.947001,41.811812],[-69.948116,41.810655],[-69.948495,41.808897],[-69.95001,41.812303],[-69.947001,41.811812]]],[[[-69.938418,41.810411],[-69.937527,41.808303],[-69.936984,41.804238],[-69.93615,41.802175],[-69.9356,41.799896],[-69.935519,41.797891],[-69.934759,41.795638],[-69.933987,41.78894],[-69.934348,41.785974],[-69.931447,41.770959],[-69.931206,41.768296],[-69.931567,41.766333],[-69.930307,41.763221],[-69.930794,41.760668],[-69.929617,41.756284],[-69.929294,41.740869],[-69.928094,41.722475],[-69.933038,41.722965],[-69.933707,41.724627],[-69.932989,41.725931],[-69.933399,41.726811],[-69.932953,41.727374],[-69.933274,41.729222],[-69.932869,41.730592],[-69.933639,41.731508],[-69.933301,41.732571],[-69.933705,41.732784],[-69.934178,41.732574],[-69.934435,41.732902],[-69.933816,41.733074],[-69.933546,41.733742],[-69.934235,41.73462],[-69.932858,41.735075],[-69.932825,41.735754],[-69.931555,41.736562],[-69.931751,41.737378],[-69.932314,41.738309],[-69.932903,41.738468],[-69.932711,41.738943],[-69.933722,41.739024],[-69.933237,41.73943],[-69.933271,41.739774],[-69.932752,41.739879],[-69.933866,41.742701],[-69.934574,41.743323],[-69.935603,41.743635],[-69.935551,41.74466],[-69.936557,41.744878],[-69.936106,41.745559],[-69.937039,41.746432],[-69.936664,41.74689],[-69.937045,41.747754],[-69.936726,41.74801],[-69.937108,41.748522],[-69.93642,41.74917],[-69.93655,41.749687],[-69.937591,41.750596],[-69.938248,41.750774],[-69.937929,41.751113],[-69.938743,41.75116],[-69.939444,41.751596],[-69.940604,41.753179],[-69.942082,41.754075],[-69.942645,41.754844],[-69.942412,41.756319],[-69.940438,41.759379],[-69.940998,41.761702],[-69.941742,41.763091],[-69.943805,41.764179],[-69.944507,41.764072],[-69.94525,41.763489],[-69.946167,41.763464],[-69.946918,41.764486],[-69.948357,41.764809],[-69.947808,41.765235],[-69.947989,41.765862],[-69.949522,41.766351],[-69.951874,41.765528],[-69.952661,41.763677],[-69.95396,41.763873],[-69.955344,41.763644],[-69.956043,41.763221],[-69.956936,41.761814],[-69.958616,41.761493],[-69.95946,41.760853],[-69.962248,41.760129],[-69.96268,41.759249],[-69.962338,41.758424],[-69.961417,41.757671],[-69.960054,41.757211],[-69.962497,41.756301],[-69.963525,41.755482],[-69.966056,41.754329],[-69.968437,41.753759],[-69.969344,41.753194],[-69.969505,41.752474],[-69.97014,41.752144],[-69.970214,41.750782],[-69.971042,41.749113],[-69.970935,41.747019],[-69.969767,41.745495],[-69.96645,41.742729],[-69.965817,41.74182],[-69.966214,41.740734],[-69.968451,41.739896],[-69.96836,41.7394],[-69.967834,41.739032],[-69.967443,41.739047],[-69.967184,41.739576],[-69.96668,41.739493],[-69.967236,41.7379],[-69.969793,41.737666],[-69.971549,41.736344],[-69.973452,41.736385],[-69.976491,41.735655],[-69.980387,41.735979],[-69.980681,41.736832],[-69.979772,41.737014],[-69.979389,41.737688],[-69.98084,41.738346],[-69.982329,41.738087],[-69.982572,41.737343],[-69.983247,41.73694],[-69.988491,41.736333],[-69.989614,41.735714],[-69.991317,41.734099],[-69.990839,41.733732],[-69.991209,41.731509],[-69.99166,41.730585],[-69.991407,41.729732],[-69.99161,41.729263],[-69.99177,41.729631],[-69.991763,41.729051],[-70.002194,41.735671],[-70.000822,41.737838],[-69.997184,41.741377],[-69.995083,41.745649],[-69.993211,41.747813],[-70.005377,41.764635],[-70.005366,41.768824],[-70.011356,41.781725],[-70.011864,41.781597],[-70.012068,41.781868],[-70.011789,41.782267],[-70.012434,41.782233],[-70.012501,41.78277],[-70.013135,41.783083],[-70.013456,41.783771],[-70.013909,41.783494],[-70.014602,41.784132],[-70.014978,41.78386],[-70.015686,41.784387],[-70.016389,41.784125],[-70.016261,41.784639],[-70.01772,41.784705],[-70.01734,41.785159],[-70.01789,41.78544],[-70.019392,41.784852],[-70.018829,41.785443],[-70.01876,41.786165],[-70.019961,41.786682],[-70.019736,41.787307],[-70.020246,41.787808],[-70.020146,41.78837],[-70.020899,41.788086],[-70.021973,41.788333],[-70.023261,41.789466],[-70.018955,41.792945],[-70.019452,41.793493],[-70.01939,41.793881],[-70.017948,41.794689],[-70.017523,41.795753],[-70.016676,41.796174],[-70.016798,41.796932],[-70.014716,41.798843],[-70.013316,41.798756],[-70.013049,41.799375],[-70.009839,41.80024],[-70.007208,41.799472],[-70.006134,41.799509],[-70.005527,41.799849],[-70.005404,41.801291],[-70.004516,41.800884],[-70.004511,41.800442],[-70.003276,41.800317],[-70.003274,41.799637],[-70.002759,41.799774],[-70.003032,41.800307],[-70.001548,41.800074],[-70.001157,41.800441],[-70.000845,41.800232],[-70.001296,41.800038],[-70.001115,41.799766],[-70.000691,41.800019],[-70.000281,41.799658],[-69.99959,41.799918],[-69.999715,41.799186],[-69.999251,41.799474],[-69.998812,41.799284],[-69.998784,41.799593],[-69.997536,41.799314],[-69.996864,41.799655],[-69.996358,41.799557],[-69.995199,41.798468],[-69.99323,41.79862],[-69.987409,41.802449],[-69.981698,41.795181],[-69.982204,41.795189],[-69.982245,41.794804],[-69.982922,41.794303],[-69.983238,41.79316],[-69.985107,41.791281],[-69.985995,41.789298],[-69.985829,41.788386],[-69.985236,41.787684],[-69.984076,41.78755],[-69.982765,41.786911],[-69.980964,41.787608],[-69.978012,41.790936],[-69.975684,41.792258],[-69.974594,41.793294],[-69.97274,41.796317],[-69.973019,41.798145],[-69.971789,41.799899],[-69.971808,41.801232],[-69.97147,41.802167],[-69.970017,41.803196],[-69.966267,41.804072],[-69.966438,41.805343],[-69.965492,41.806242],[-69.965183,41.807464],[-69.964435,41.808342],[-69.964681,41.809128],[-69.963857,41.809755],[-69.963645,41.811167],[-69.96199,41.812185],[-69.959496,41.814538],[-69.956468,41.813407],[-69.955022,41.812387],[-69.954853,41.81185],[-69.955533,41.811698],[-69.955963,41.811136],[-69.955322,41.810374],[-69.954261,41.810046],[-69.952839,41.810432],[-69.952138,41.810122],[-69.952782,41.809094],[-69.952772,41.808116],[-69.953217,41.807056],[-69.952519,41.804711],[-69.949811,41.803378],[-69.946868,41.801055],[-69.944968,41.800765],[-69.943342,41.801381],[-69.942412,41.801294],[-69.941145,41.800627],[-69.939527,41.799064],[-69.938032,41.798779],[-69.937478,41.799274],[-69.937319,41.799981],[-69.938517,41.801744],[-69.938818,41.804504],[-69.939096,41.805242],[-69.939612,41.805624],[-69.939399,41.806075],[-69.940088,41.80657],[-69.939141,41.808597],[-69.939331,41.809345],[-69.940088,41.809849],[-69.939764,41.81063],[-69.938418,41.810411]]]]}},{"type":"Feature","properties":{"area_id":"225","layer":"municipality","name":"Otis","municipality_type":"town","county_id":"25003"},"geometry":{"type":"Polygon","coordinates":[[[-73.034922,42.143661],[-73.071119,42.148213],[-73.070406,42.146965],[-73.07027,42.146268],[-73.070565,42.145815],[-73.07026,42.145039],[-73.072131,42.143557],[-73.070507,42.140173],[-73.074201,42.1398],[-73.077926,42.138812],[-73.080099,42.139128],[-73.086991,42.186997],[-73.161972,42.178678],[-73.162096,42.197],[-73.161562,42.247612],[-73.121212,42.252626],[-73.120691,42.251069],[-73.12265,42.249607],[-73.122884,42.248406],[-73.121979,42.24662],[-73.121326,42.246068],[-73.12136,42.245588],[-73.120505,42.244102],[-73.120706,42.243187],[-73.092574,42.245514],[-73.090903,42.234184],[-73.036826,42.240192],[-73.03626,42.236159],[-73.007868,42.238417],[-73.034922,42.143661]]]}},{"type":"Feature","properties":{"area_id":"226","layer":"municipality","name":"Oxford","municipality_type":"town","county_id":"25027"},"geometry":{"type":"Polygon","coordinates":[[[-71.825961,42.165829],[-71.825486,42.159929],[-71.834486,42.157265],[-71.834106,42.154999],[-71.830473,42.156093],[-71.824853,42.155341],[-71.829588,42.144876],[-71.831943,42.143784],[-71.829531,42.129399],[-71.817954,42.133274],[-71.797178,42.09918],[-71.809219,42.095372],[-71.811322,42.098883],[-71.830065,42.092787],[-71.881506,42.075905],[-71.89114,42.072741],[-71.895115,42.094257],[-71.909229,42.091282],[-71.911891,42.10132],[-71.89949,42.104123],[-71.916968,42.190871],[-71.895137,42.192434],[-71.875803,42.170129],[-71.858097,42.160715],[-71.834925,42.159837],[-71.831505,42.164262],[-71.825961,42.165829]]]}},{"type":"Feature","properties":{"area_id":"227","layer":"municipality","name":"Palmer","municipality_type":"town with city form of government","county_id":"25013"},"geometry":{"type":"Polygon","coordinates":[[[-72.263248,42.182087],[-72.263952,42.180716],[-72.263353,42.178949],[-72.262079,42.177862],[-72.261655,42.176936],[-72.262125,42.175811],[-72.263627,42.175293],[-72.263888,42.174485],[-72.263473,42.173304],[-72.261555,42.171503],[-72.26207,42.169853],[-72.262829,42.168689],[-72.264023,42.168229],[-72.264744,42.167115],[-72.266248,42.166674],[-72.267115,42.165977],[-72.268283,42.162945],[-72.267829,42.162171],[-72.266961,42.161633],[-72.266677,42.160958],[-72.268221,42.159397],[-72.268382,42.158298],[-72.267224,42.156527],[-72.265555,42.155765],[-72.265274,42.154632],[-72.266776,42.153539],[-72.266742,42.15269],[-72.267299,42.151607],[-72.267782,42.14908],[-72.269253,42.147569],[-72.268996,42.145937],[-72.270503,42.143796],[-72.271574,42.143105],[-72.273081,42.142873],[-72.274456,42.143757],[-72.274928,42.143983],[-72.27731,42.143449],[-72.27983,42.14363],[-72.280989,42.142959],[-72.281478,42.141557],[-72.284645,42.141161],[-72.285876,42.141281],[-72.287003,42.141907],[-72.28833,42.14175],[-72.290956,42.142141],[-72.293117,42.143833],[-72.293822,42.143905],[-72.295911,42.14327],[-72.297041,42.144438],[-72.298378,42.144743],[-72.302323,42.144166],[-72.307669,42.144927],[-72.308741,42.144747],[-72.311137,42.143323],[-72.312292,42.143389],[-72.314399,42.144375],[-72.31406,42.146059],[-72.316167,42.148231],[-72.317126,42.147949],[-72.318233,42.146554],[-72.318884,42.146363],[-72.320812,42.147228],[-72.321345,42.148597],[-72.322095,42.149493],[-72.322708,42.1497],[-72.323674,42.149322],[-72.324546,42.149616],[-72.325893,42.151384],[-72.328941,42.151583],[-72.330297,42.152013],[-72.33248,42.156299],[-72.335341,42.158874],[-72.338692,42.159413],[-72.34129,42.15901],[-72.341786,42.159535],[-72.342095,42.160673],[-72.342738,42.161231],[-72.343305,42.161182],[-72.344829,42.160084],[-72.345228,42.160356],[-72.345327,42.16134],[-72.346251,42.16171],[-72.348909,42.160457],[-72.350398,42.161001],[-72.352329,42.160735],[-72.355079,42.160854],[-72.357442,42.159232],[-72.360692,42.158652],[-72.36495,42.155538],[-72.365535,42.154655],[-72.366319,42.154342],[-72.370136,42.15375],[-72.371026,42.154096],[-72.37211,42.154066],[-72.37386,42.153498],[-72.382151,42.152361],[-72.389032,42.152352],[-72.395251,42.184825],[-72.395479,42.185745],[-72.35811,42.189824],[-72.360474,42.190341],[-72.361668,42.193493],[-72.361562,42.194558],[-72.359283,42.194344],[-72.35986,42.196329],[-72.361,42.197266],[-72.36353,42.197027],[-72.363853,42.19731],[-72.363854,42.197963],[-72.362843,42.198238],[-72.362518,42.199049],[-72.363478,42.202048],[-72.364537,42.202896],[-72.364889,42.207029],[-72.363483,42.207694],[-72.361992,42.207336],[-72.362139,42.206973],[-72.36333,42.206423],[-72.363293,42.206037],[-72.361205,42.20534],[-72.360519,42.205422],[-72.359228,42.206305],[-72.357339,42.209011],[-72.356551,42.209255],[-72.355019,42.208862],[-72.353715,42.207024],[-72.352324,42.207022],[-72.35037,42.208534],[-72.349742,42.209365],[-72.349569,42.210186],[-72.347395,42.210149],[-72.346783,42.210439],[-72.345519,42.212759],[-72.346242,42.214798],[-72.346125,42.216225],[-72.342963,42.218863],[-72.341681,42.219241],[-72.337283,42.219202],[-72.336321,42.219553],[-72.335969,42.220168],[-72.281296,42.235028],[-72.277671,42.233111],[-72.273773,42.235856],[-72.271588,42.236315],[-72.270549,42.237135],[-72.268231,42.22932],[-72.257611,42.229892],[-72.247014,42.242103],[-72.221231,42.245259],[-72.257542,42.207779],[-72.260623,42.205431],[-72.262491,42.203067],[-72.264109,42.199509],[-72.264692,42.196734],[-72.264399,42.193537],[-72.263369,42.192879],[-72.263248,42.192221],[-72.263133,42.190118],[-72.263751,42.188332],[-72.263591,42.187056],[-72.263925,42.183839],[-72.263248,42.182087]]]}},{"type":"Feature","properties":{"area_id":"228","layer":"municipality","name":"Paxton","municipality_type":"town","county_id":"25027"},"geometry":{"type":"Polygon","coordinates":[[[-71.884044,42.281261],[-71.885661,42.284592],[-71.960535,42.281435],[-71.967296,42.310707],[-71.989407,42.310196],[-71.993788,42.319369],[-71.971657,42.329149],[-71.954056,42.33347],[-71.920625,42.347587],[-71.918769,42.347992],[-71.905408,42.349437],[-71.901722,42.341673],[-71.905838,42.340517],[-71.903505,42.335678],[-71.911219,42.333309],[-71.901009,42.313362],[-71.900359,42.31339],[-71.891453,42.295754],[-71.881661,42.297567],[-71.880517,42.298206],[-71.879114,42.297592],[-71.879547,42.295887],[-71.8796,42.293695],[-71.882155,42.291964],[-71.875388,42.286553],[-71.884044,42.281261]]]}},{"type":"Feature","properties":{"area_id":"229","layer":"municipality","name":"Peabody","municipality_type":"city","county_id":"25009"},"geometry":{"type":"Polygon","coordinates":[[[-70.979952,42.555986],[-70.941913,42.546917],[-70.941009,42.546443],[-70.940833,42.545901],[-70.940026,42.54597],[-70.939555,42.546612],[-70.938942,42.546376],[-70.93786,42.547263],[-70.937148,42.547378],[-70.932648,42.545859],[-70.930975,42.545781],[-70.928681,42.544972],[-70.913505,42.541483],[-70.913252,42.532497],[-70.912802,42.532302],[-70.913071,42.530931],[-70.912594,42.528027],[-70.915563,42.528769],[-70.917033,42.527114],[-70.916483,42.526864],[-70.918316,42.52498],[-70.917985,42.524242],[-70.917093,42.524274],[-70.917725,42.522641],[-70.918858,42.522889],[-70.919786,42.520594],[-70.949945,42.494762],[-70.957214,42.496567],[-70.986945,42.511787],[-71.005289,42.523001],[-71.031567,42.551199],[-71.034833,42.565504],[-71.029811,42.565165],[-71.029317,42.569988],[-71.024446,42.569365],[-71.023252,42.570399],[-71.021202,42.569899],[-71.02093,42.568702],[-71.020004,42.568352],[-71.015132,42.567902],[-71.0126,42.566113],[-71.009127,42.564733],[-71.008715,42.564132],[-71.006355,42.564988],[-71.003438,42.565083],[-71.002814,42.563368],[-70.979952,42.555986]]]}},{"type":"Feature","properties":{"area_id":"230","layer":"municipality","name":"Pelham","municipality_type":"town","county_id":"25015"},"geometry":{"type":"Polygon","coordinates":[[[-72.380369,42.340623],[-72.393705,42.339278],[-72.393472,42.338178],[-72.405456,42.336445],[-72.409396,42.358759],[-72.47229,42.351487],[-72.483688,42.40749],[-72.375014,42.42083],[-72.375378,42.419018],[-72.373998,42.417842],[-72.374168,42.417288],[-72.372658,42.416942],[-72.37196,42.416219],[-72.37227,42.415311],[-72.373586,42.413867],[-72.373536,42.4134],[-72.369774,42.410528],[-72.369917,42.409981],[-72.371284,42.409245],[-72.371412,42.408624],[-72.36997,42.40804],[-72.369193,42.406817],[-72.3678,42.405566],[-72.367711,42.404939],[-72.366516,42.403338],[-72.368367,42.402371],[-72.369365,42.400292],[-72.368765,42.399664],[-72.368982,42.398493],[-72.367943,42.3981],[-72.367912,42.397546],[-72.368829,42.396453],[-72.367126,42.394591],[-72.367719,42.394076],[-72.367171,42.393042],[-72.367811,42.392972],[-72.367764,42.392492],[-72.366508,42.392002],[-72.3667,42.391132],[-72.365482,42.390853],[-72.366028,42.389743],[-72.365965,42.388771],[-72.364271,42.388138],[-72.363708,42.387001],[-72.364292,42.386325],[-72.367054,42.385138],[-72.366992,42.384457],[-72.365477,42.382595],[-72.363685,42.382026],[-72.364231,42.381591],[-72.365808,42.381754],[-72.366407,42.381422],[-72.366661,42.380873],[-72.366443,42.378867],[-72.366023,42.378103],[-72.365394,42.377823],[-72.364555,42.378122],[-72.36446,42.378876],[-72.363784,42.378563],[-72.363948,42.377848],[-72.363634,42.376666],[-72.364327,42.376191],[-72.363845,42.375816],[-72.364283,42.375215],[-72.363911,42.374629],[-72.36399,42.373646],[-72.362766,42.37205],[-72.361312,42.371421],[-72.361417,42.371232],[-72.360818,42.371221],[-72.360533,42.370266],[-72.361105,42.370151],[-72.360766,42.368784],[-72.358521,42.36705],[-72.356366,42.366516],[-72.357322,42.365017],[-72.358402,42.36509],[-72.359289,42.364209],[-72.358195,42.362901],[-72.358381,42.362277],[-72.357787,42.361221],[-72.357748,42.360232],[-72.357242,42.359704],[-72.357403,42.358744],[-72.358987,42.356704],[-72.358716,42.355968],[-72.35897,42.355648],[-72.35836,42.354878],[-72.357789,42.354867],[-72.357194,42.354308],[-72.357641,42.353988],[-72.357255,42.353709],[-72.357424,42.353143],[-72.357948,42.353103],[-72.357878,42.352435],[-72.357653,42.351967],[-72.356705,42.351573],[-72.356944,42.351305],[-72.35645,42.350677],[-72.3584,42.349938],[-72.359224,42.349971],[-72.359509,42.349628],[-72.359278,42.349383],[-72.358245,42.349401],[-72.358075,42.348892],[-72.358741,42.349021],[-72.358992,42.348571],[-72.358029,42.34792],[-72.358984,42.347148],[-72.358468,42.346107],[-72.359169,42.34629],[-72.359578,42.345992],[-72.359377,42.345575],[-72.356534,42.343792],[-72.356565,42.343243],[-72.355864,42.343615],[-72.355077,42.343164],[-72.355031,42.342724],[-72.355525,42.342803],[-72.356303,42.342351],[-72.355386,42.34198],[-72.355609,42.341431],[-72.355393,42.340688],[-72.380369,42.340623]]]}},{"type":"Feature","properties":{"area_id":"231","layer":"municipality","name":"Pembroke","municipality_type":"town","county_id":"25023"},"geometry":{"type":"Polygon","coordinates":[[[-70.77509,42.115342],[-70.777282,42.113415],[-70.776171,42.113451],[-70.775979,42.112865],[-70.76655,42.114037],[-70.765908,42.109859],[-70.759468,42.109606],[-70.762324,42.103326],[-70.749717,42.096986],[-70.781446,42.046789],[-70.768668,42.045134],[-70.768334,42.044311],[-70.767725,42.044035],[-70.767395,42.042601],[-70.76606,42.041763],[-70.76475,42.039667],[-70.764991,42.038361],[-70.764613,42.038104],[-70.762765,42.038176],[-70.762519,42.037408],[-70.761256,42.036814],[-70.760863,42.0355],[-70.759647,42.035097],[-70.75923,42.034446],[-70.759636,42.032998],[-70.76117,42.031611],[-70.763127,42.031074],[-70.765382,42.031324],[-70.766066,42.028508],[-70.766806,42.028161],[-70.768833,42.025476],[-70.769161,42.023703],[-70.76987,42.022579],[-70.769493,42.022073],[-70.775528,42.023176],[-70.796725,42.020596],[-70.800524,42.016443],[-70.799332,42.013612],[-70.807251,42.012878],[-70.809677,42.015317],[-70.809389,42.016676],[-70.811855,42.017638],[-70.812296,42.018636],[-70.81363,42.019425],[-70.813772,42.01988],[-70.813367,42.020433],[-70.813758,42.021218],[-70.812975,42.022731],[-70.814978,42.023984],[-70.833456,42.019561],[-70.844774,42.042701],[-70.842247,42.043441],[-70.841066,42.044899],[-70.845659,42.046164],[-70.847117,42.048452],[-70.847145,42.051454],[-70.845368,42.0541],[-70.845831,42.055082],[-70.836746,42.059336],[-70.839059,42.059294],[-70.841009,42.060416],[-70.840012,42.061275],[-70.83822,42.063894],[-70.841778,42.071716],[-70.843897,42.077193],[-70.84266,42.088877],[-70.844246,42.090196],[-70.84564,42.092226],[-70.845529,42.092853],[-70.84335,42.09477],[-70.842134,42.094963],[-70.839841,42.094614],[-70.839158,42.094967],[-70.837911,42.096746],[-70.836251,42.096751],[-70.835505,42.09733],[-70.82632,42.1004],[-70.821464,42.100772],[-70.819865,42.099496],[-70.818615,42.099683],[-70.817129,42.099081],[-70.816278,42.099443],[-70.814938,42.098833],[-70.814104,42.098872],[-70.813177,42.098196],[-70.810932,42.098144],[-70.809602,42.099198],[-70.810623,42.100017],[-70.809883,42.10074],[-70.811968,42.102539],[-70.812278,42.103419],[-70.812158,42.104158],[-70.807167,42.108474],[-70.804954,42.111182],[-70.80385,42.111486],[-70.802563,42.1111],[-70.80111,42.109725],[-70.800661,42.109642],[-70.799921,42.112069],[-70.799257,42.112516],[-70.798439,42.112394],[-70.795063,42.109394],[-70.793718,42.106841],[-70.792277,42.106125],[-70.789705,42.106431],[-70.789293,42.10682],[-70.792173,42.108536],[-70.792261,42.109073],[-70.791741,42.109253],[-70.790052,42.108706],[-70.7905,42.110338],[-70.789682,42.110699],[-70.788682,42.110066],[-70.788167,42.110092],[-70.787989,42.110486],[-70.788548,42.111292],[-70.788332,42.111612],[-70.786326,42.111316],[-70.785199,42.112028],[-70.783778,42.111748],[-70.783007,42.112014],[-70.782928,42.11339],[-70.78207,42.114332],[-70.782959,42.115941],[-70.782603,42.116658],[-70.78094,42.116762],[-70.779003,42.115594],[-70.777145,42.116756],[-70.77509,42.115342]]]}},{"type":"Feature","properties":{"area_id":"232","layer":"municipality","name":"Pepperell","municipality_type":"town","county_id":"25017"},"geometry":{"type":"Polygon","coordinates":[[[-71.543371,42.701476],[-71.544393,42.69888],[-71.547356,42.696535],[-71.54936,42.694469],[-71.553111,42.692882],[-71.554304,42.691261],[-71.556446,42.689561],[-71.556755,42.688783],[-71.556484,42.684724],[-71.555683,42.682372],[-71.556054,42.680429],[-71.55553,42.678408],[-71.55636,42.677015],[-71.557415,42.676322],[-71.538859,42.674179],[-71.532409,42.668987],[-71.537137,42.663504],[-71.552422,42.660133],[-71.551373,42.659861],[-71.555611,42.658734],[-71.555111,42.659572],[-71.579297,42.654309],[-71.579101,42.651394],[-71.579929,42.649297],[-71.579851,42.64792],[-71.580451,42.646777],[-71.581791,42.645342],[-71.582082,42.644352],[-71.582962,42.644147],[-71.583568,42.645766],[-71.584473,42.646429],[-71.585675,42.646604],[-71.586731,42.646277],[-71.587197,42.645651],[-71.587151,42.644972],[-71.586246,42.644331],[-71.586199,42.643706],[-71.586807,42.642586],[-71.587121,42.640138],[-71.588056,42.637841],[-71.588837,42.63716],[-71.591431,42.637464],[-71.592364,42.636972],[-71.592287,42.63639],[-71.591249,42.635511],[-71.592833,42.634348],[-71.593113,42.633612],[-71.592959,42.633131],[-71.592319,42.632839],[-71.589217,42.632924],[-71.587875,42.631161],[-71.588216,42.630548],[-71.591587,42.629942],[-71.593208,42.629063],[-71.593705,42.628043],[-71.593064,42.626666],[-71.593623,42.626256],[-71.596016,42.626343],[-71.599172,42.625821],[-71.600309,42.62598],[-71.60164,42.627017],[-71.603563,42.629872],[-71.604829,42.630827],[-71.605621,42.631034],[-71.607103,42.630467],[-71.608056,42.627389],[-71.614182,42.628507],[-71.621869,42.631886],[-71.640742,42.639275],[-71.64695,42.644161],[-71.648989,42.644239],[-71.652467,42.645764],[-71.656403,42.649731],[-71.657931,42.649953],[-71.650722,42.690929],[-71.651841,42.704834],[-71.542437,42.702813],[-71.543371,42.701476]]]}},{"type":"Feature","properties":{"area_id":"233","layer":"municipality","name":"Peru","municipality_type":"town","county_id":"25003"},"geometry":{"type":"Polygon","coordinates":[[[-72.992645,42.449103],[-73.009081,42.387742],[-73.011684,42.379692],[-73.065773,42.38912],[-73.06851,42.380728],[-73.091435,42.384792],[-73.084431,42.409853],[-73.081615,42.409375],[-73.078759,42.4206],[-73.07955,42.422459],[-73.080689,42.422643],[-73.083531,42.424034],[-73.082817,42.425173],[-73.081486,42.425158],[-73.081854,42.424529],[-73.081299,42.424041],[-73.079534,42.424224],[-73.077851,42.425378],[-73.077201,42.426269],[-73.076522,42.426142],[-73.075939,42.426465],[-73.076046,42.427194],[-73.077113,42.427831],[-73.076597,42.428566],[-73.077593,42.429281],[-73.076926,42.430031],[-73.077846,42.430334],[-73.079228,42.431594],[-73.07926,42.432198],[-73.080446,42.432707],[-73.076096,42.445912],[-73.07743,42.445959],[-73.077146,42.44717],[-73.079535,42.447323],[-73.073162,42.468413],[-73.071431,42.46804],[-73.067947,42.480124],[-72.988128,42.466956],[-72.992645,42.449103]]]}},{"type":"Feature","properties":{"area_id":"234","layer":"municipality","name":"Petersham","municipality_type":"town","county_id":"25027"},"geometry":{"type":"Polygon","coordinates":[[[-72.205151,42.417687],[-72.21903,42.395501],[-72.229634,42.400256],[-72.231051,42.398919],[-72.23331,42.398797],[-72.236516,42.397264],[-72.236775,42.396075],[-72.238365,42.395429],[-72.239289,42.393653],[-72.238145,42.392317],[-72.237818,42.391213],[-72.237981,42.3907],[-72.240566,42.389516],[-72.241022,42.389092],[-72.240946,42.388787],[-72.242264,42.38811],[-72.244324,42.388289],[-72.258162,42.393513],[-72.264119,42.386629],[-72.264908,42.387168],[-72.266026,42.387334],[-72.267574,42.389055],[-72.267928,42.390004],[-72.268475,42.390306],[-72.269277,42.390038],[-72.270379,42.390438],[-72.2726,42.389665],[-72.272862,42.389145],[-72.272338,42.388687],[-72.273958,42.386004],[-72.27402,42.384551],[-72.278607,42.382222],[-72.280027,42.379293],[-72.281491,42.378687],[-72.281846,42.378252],[-72.281815,42.377892],[-72.281014,42.377675],[-72.281461,42.376755],[-72.280482,42.376813],[-72.280932,42.376148],[-72.280488,42.375102],[-72.279538,42.37464],[-72.28088,42.372662],[-72.282036,42.371924],[-72.282635,42.372408],[-72.284058,42.372559],[-72.284334,42.373329],[-72.285039,42.373086],[-72.285153,42.364612],[-72.284361,42.361423],[-72.284638,42.36096],[-72.285371,42.360845],[-72.285503,42.360565],[-72.284678,42.359782],[-72.284732,42.359462],[-72.285319,42.358329],[-72.285982,42.358025],[-72.284347,42.357403],[-72.284,42.356786],[-72.287395,42.355382],[-72.287187,42.353998],[-72.286231,42.353559],[-72.286169,42.352873],[-72.288059,42.352877],[-72.28856,42.352087],[-72.290517,42.352021],[-72.290301,42.351483],[-72.290717,42.35106],[-72.291265,42.351128],[-72.291334,42.351745],[-72.291982,42.351836],[-72.292622,42.351333],[-72.295391,42.350578],[-72.29671,42.349378],[-72.298746,42.349332],[-72.301129,42.348445],[-72.301738,42.347478],[-72.304653,42.345315],[-72.305301,42.345315],[-72.304731,42.34583],[-72.306342,42.346103],[-72.306242,42.345583],[-72.307114,42.345045],[-72.306412,42.344628],[-72.306805,42.34429],[-72.308826,42.344117],[-72.308857,42.344386],[-72.308355,42.344643],[-72.30881,42.344905],[-72.309481,42.344316],[-72.309404,42.343767],[-72.310152,42.343738],[-72.3108,42.34312],[-72.311494,42.343177],[-72.312173,42.34281],[-72.313383,42.343021],[-72.314255,42.343694],[-72.314432,42.347724],[-72.313916,42.349027],[-72.312612,42.350804],[-72.31222,42.352533],[-72.312721,42.353899],[-72.313816,42.354613],[-72.313801,42.355013],[-72.313122,42.355706],[-72.313777,42.356964],[-72.3138,42.357799],[-72.313129,42.358812],[-72.312635,42.358738],[-72.312019,42.357926],[-72.311648,42.358327],[-72.312026,42.360569],[-72.312928,42.362397],[-72.310799,42.363771],[-72.310498,42.36452],[-72.310946,42.365565],[-72.312019,42.366283],[-72.313303,42.36877],[-72.314321,42.36922],[-72.314892,42.369032],[-72.31588,42.369762],[-72.315133,42.369818],[-72.314451,42.37089],[-72.314568,42.371414],[-72.312041,42.371711],[-72.311835,42.372224],[-72.31107,42.372242],[-72.311778,42.373672],[-72.31316,42.373596],[-72.312482,42.374395],[-72.312771,42.375787],[-72.31207,42.376444],[-72.313711,42.377347],[-72.312278,42.378789],[-72.312555,42.379024],[-72.313118,42.37876],[-72.31355,42.379423],[-72.313211,42.379635],[-72.313711,42.380316],[-72.313588,42.380962],[-72.314451,42.381917],[-72.314174,42.382312],[-72.313026,42.382461],[-72.313141,42.382878],[-72.313958,42.383038],[-72.313827,42.383273],[-72.312748,42.38333],[-72.311762,42.384503],[-72.312156,42.384868],[-72.310853,42.385875],[-72.311647,42.386617],[-72.310322,42.386532],[-72.311023,42.387143],[-72.310044,42.387398],[-72.312573,42.388679],[-72.313498,42.389575],[-72.313537,42.390289],[-72.313214,42.390369],[-72.312781,42.389724],[-72.31235,42.389872],[-72.312659,42.39094],[-72.314031,42.391127],[-72.314509,42.391664],[-72.313392,42.392767],[-72.31582,42.394548],[-72.315828,42.394862],[-72.314788,42.394846],[-72.314379,42.39532],[-72.315204,42.395411],[-72.31532,42.395726],[-72.313516,42.396602],[-72.315089,42.398865],[-72.314041,42.399191],[-72.313972,42.400049],[-72.313509,42.400112],[-72.31327,42.400655],[-72.314042,42.401734],[-72.313888,42.402008],[-72.313024,42.401866],[-72.31331,42.403117],[-72.31257,42.403511],[-72.313241,42.404906],[-72.313056,42.405312],[-72.313727,42.406443],[-72.313573,42.406649],[-72.313049,42.406352],[-72.312447,42.407049],[-72.31015,42.408109],[-72.310004,42.408727],[-72.310559,42.408509],[-72.31089,42.408806],[-72.310451,42.409333],[-72.310096,42.410911],[-72.309303,42.410865],[-72.308601,42.411472],[-72.309388,42.41182],[-72.308694,42.413134],[-72.308756,42.4145],[-72.307708,42.414626],[-72.307284,42.414985],[-72.30733,42.415471],[-72.308001,42.415922],[-72.306482,42.416477],[-72.306991,42.417237],[-72.306035,42.417865],[-72.306675,42.419202],[-72.306279,42.420046],[-72.305611,42.420366],[-72.304555,42.420043],[-72.302042,42.420484],[-72.302119,42.42097],[-72.301348,42.421554],[-72.301625,42.421908],[-72.300993,42.421954],[-72.300808,42.422371],[-72.301286,42.423628],[-72.302242,42.423839],[-72.302404,42.424451],[-72.301718,42.424285],[-72.30033,42.424571],[-72.3004,42.425502],[-72.299634,42.425492],[-72.298863,42.426018],[-72.297344,42.426373],[-72.297097,42.426602],[-72.297807,42.426899],[-72.296156,42.427558],[-72.293796,42.429876],[-72.292671,42.429751],[-72.291938,42.430152],[-72.291884,42.431576],[-72.291336,42.43204],[-72.291105,42.433064],[-72.291815,42.434071],[-72.291112,42.434208],[-72.290511,42.433311],[-72.289971,42.433374],[-72.289832,42.43469],[-72.288675,42.435583],[-72.289269,42.436321],[-72.28984,42.436372],[-72.290626,42.437098],[-72.290596,42.437527],[-72.287279,42.437255],[-72.287009,42.437746],[-72.287341,42.438467],[-72.285975,42.439675],[-72.28326,42.441197],[-72.291289,42.479534],[-72.244869,42.513448],[-72.196386,42.548929],[-72.185633,42.550351],[-72.100934,42.483696],[-72.205151,42.417687]]]}},{"type":"Feature","properties":{"area_id":"235","layer":"municipality","name":"Phillipston","municipality_type":"town","county_id":"25027"},"geometry":{"type":"Polygon","coordinates":[[[-72.099689,42.484532],[-72.100934,42.483696],[-72.185633,42.550351],[-72.175557,42.589878],[-72.167557,42.584887],[-72.163142,42.588864],[-72.165515,42.590317],[-72.162354,42.593756],[-72.160524,42.595075],[-72.159574,42.597038],[-72.157106,42.599464],[-72.157709,42.600142],[-72.158912,42.599434],[-72.161303,42.601078],[-72.163603,42.598298],[-72.167895,42.600153],[-72.170743,42.597006],[-72.157747,42.618049],[-72.156323,42.618746],[-72.15473,42.6201],[-72.154374,42.623847],[-72.142141,42.623655],[-72.138953,42.623955],[-72.138171,42.622864],[-72.136988,42.622595],[-72.137154,42.621937],[-72.136508,42.621454],[-72.136742,42.621064],[-72.136136,42.62115],[-72.136236,42.620793],[-72.135641,42.620462],[-72.136179,42.619773],[-72.136229,42.619165],[-72.135481,42.61858],[-72.134636,42.618457],[-72.13471,42.618011],[-72.134264,42.617921],[-72.134432,42.617158],[-72.133202,42.616497],[-72.1326,42.616916],[-72.132086,42.616549],[-72.132181,42.615984],[-72.131475,42.615448],[-72.131937,42.615055],[-72.131414,42.615014],[-72.131837,42.614765],[-72.130813,42.614669],[-72.129652,42.613308],[-72.129742,42.612851],[-72.128943,42.61222],[-72.126422,42.611606],[-72.125222,42.611713],[-72.124647,42.610748],[-72.124788,42.610088],[-72.121597,42.578452],[-72.126936,42.575297],[-72.095392,42.535515],[-72.090665,42.523988],[-72.091551,42.522633],[-72.091324,42.521906],[-72.092178,42.52135],[-72.090836,42.52066],[-72.091922,42.519711],[-72.091916,42.518659],[-72.090966,42.518093],[-72.0912,42.517059],[-72.088573,42.515741],[-72.086693,42.512916],[-72.08591,42.512693],[-72.08529,42.512065],[-72.084473,42.510487],[-72.084549,42.509526],[-72.084063,42.509259],[-72.083767,42.508571],[-72.083988,42.506618],[-72.085007,42.504945],[-72.083585,42.504412],[-72.083147,42.503765],[-72.082373,42.501578],[-72.08266,42.500304],[-72.08034,42.499263],[-72.080478,42.498988],[-72.081904,42.49886],[-72.081516,42.498197],[-72.082039,42.495631],[-72.099689,42.484532]]]}},{"type":"Feature","properties":{"area_id":"236","layer":"municipality","name":"Pittsfield","municipality_type":"city","county_id":"25003"},"geometry":{"type":"Polygon","coordinates":[[[-73.190976,42.452431],[-73.201875,42.413761],[-73.206361,42.398139],[-73.221948,42.400592],[-73.295333,42.411874],[-73.338909,42.418575],[-73.319545,42.493445],[-73.315104,42.49295],[-73.311745,42.504617],[-73.182199,42.48542],[-73.190976,42.452431]]]}},{"type":"Feature","properties":{"area_id":"237","layer":"municipality","name":"Plainfield","municipality_type":"town","county_id":"25015"},"geometry":{"type":"Polygon","coordinates":[[[-72.87666,42.531743],[-72.875463,42.525906],[-72.870322,42.525159],[-72.875162,42.50727],[-72.871137,42.48405],[-72.882246,42.480694],[-72.979283,42.497865],[-72.968584,42.54002],[-72.979037,42.541626],[-72.975411,42.556046],[-72.876851,42.541206],[-72.87666,42.531743]]]}},{"type":"Feature","properties":{"area_id":"238","layer":"municipality","name":"Plainville","municipality_type":"town","county_id":"25021"},"geometry":{"type":"Polygon","coordinates":[[[-71.364345,41.985301],[-71.381364,41.985092],[-71.381328,42.018945],[-71.289084,42.04505],[-71.288284,42.014464],[-71.364345,41.985301]]]}},{"type":"Feature","properties":{"area_id":"239","layer":"municipality","name":"Plymouth","municipality_type":"town","county_id":"25023"},"geometry":{"type":"MultiPolygon","coordinates":[[[[-70.565364,41.786677],[-70.60294,41.774705],[-70.632553,41.762915],[-70.632878,41.763868],[-70.634582,41.765394],[-70.634641,41.766271],[-70.635543,41.767062],[-70.635886,41.768538],[-70.636311,41.768967],[-70.635784,41.769976],[-70.633484,41.771055],[-70.633017,41.771758],[-70.633054,41.772456],[-70.630433,41.773797],[-70.630081,41.774494],[-70.630689,41.776703],[-70.629641,41.777416],[-70.629058,41.779406],[-70.629408,41.779978],[-70.630424,41.780282],[-70.630805,41.781163],[-70.630971,41.782044],[-70.630534,41.783119],[-70.630724,41.783891],[-70.629837,41.785131],[-70.630515,41.785875],[-70.630636,41.786888],[-70.630177,41.787179],[-70.628123,41.787057],[-70.627397,41.787337],[-70.616634,41.805419],[-70.631879,41.806339],[-70.717536,41.801519],[-70.717839,41.802145],[-70.71785,41.803577],[-70.716849,41.804326],[-70.717612,41.805424],[-70.717773,41.806533],[-70.717421,41.807855],[-70.716581,41.808495],[-70.717222,41.809896],[-70.715916,41.812235],[-70.715252,41.812874],[-70.715834,41.813895],[-70.715519,41.814465],[-70.715899,41.81504],[-70.714509,41.816534],[-70.715095,41.817406],[-70.713678,41.81897],[-70.713086,41.819084],[-70.712471,41.819881],[-70.712629,41.820178],[-70.711309,41.821577],[-70.708555,41.823934],[-70.708279,41.825273],[-70.707867,41.825793],[-70.708287,41.82684],[-70.707499,41.827366],[-70.70636,41.829073],[-70.705434,41.829422],[-70.700711,41.828722],[-70.699869,41.829012],[-70.699986,41.829525],[-70.699726,41.829731],[-70.697319,41.82949],[-70.697547,41.830334],[-70.697274,41.830917],[-70.696503,41.831309],[-70.695261,41.832633],[-70.694819,41.83451],[-70.693733,41.83627],[-70.692503,41.836715],[-70.690929,41.838074],[-70.689839,41.838227],[-70.689502,41.8401],[-70.683788,41.844811],[-70.682198,41.84556],[-70.680699,41.845596],[-70.750719,41.926028],[-70.753528,41.93325],[-70.721707,41.954253],[-70.692815,41.983741],[-70.690053,41.981823],[-70.689437,41.982239],[-70.687551,41.981387],[-70.686698,41.982232],[-70.686453,41.982097],[-70.687159,41.981351],[-70.686536,41.980935],[-70.682649,41.980019],[-70.679113,41.977908],[-70.677909,41.976503],[-70.675577,41.97222],[-70.670131,41.966293],[-70.669809,41.964845],[-70.666577,41.964114],[-70.667112,41.961699],[-70.666812,41.961008],[-70.664111,41.959612],[-70.662223,41.959909],[-70.661848,41.959302],[-70.661711,41.957999],[-70.660715,41.957529],[-70.661491,41.956247],[-70.659681,41.95633],[-70.656072,41.95536],[-70.654881,41.954266],[-70.654307,41.952749],[-70.649682,41.951307],[-70.649594,41.950696],[-70.650408,41.949844],[-70.648991,41.950199],[-70.643185,41.949394],[-70.639318,41.94975],[-70.636536,41.948142],[-70.631448,41.946695],[-70.630751,41.94691],[-70.630329,41.947709],[-70.631042,41.949138],[-70.632164,41.95013],[-70.63421,41.953062],[-70.635287,41.95343],[-70.635222,41.954018],[-70.635482,41.954243],[-70.636569,41.9542],[-70.637088,41.954565],[-70.636718,41.956338],[-70.637015,41.957159],[-70.638558,41.958446],[-70.638858,41.959533],[-70.640603,41.960695],[-70.640638,41.961449],[-70.641075,41.961728],[-70.641411,41.963177],[-70.642911,41.964436],[-70.644734,41.968691],[-70.646728,41.971981],[-70.648983,41.9748],[-70.650613,41.975343],[-70.653181,41.977509],[-70.653569,41.978559],[-70.653374,41.979856],[-70.65297,41.980442],[-70.652318,41.980676],[-70.650592,41.980288],[-70.649456,41.979234],[-70.648086,41.975844],[-70.645859,41.972692],[-70.640384,41.963075],[-70.632162,41.951864],[-70.62566,41.944731],[-70.622047,41.942296],[-70.616521,41.940471],[-70.612541,41.941229],[-70.608363,41.941097],[-70.606311,41.941866],[-70.603221,41.943781],[-70.59938,41.947552],[-70.597428,41.948668],[-70.592725,41.949854],[-70.584128,41.950381],[-70.581933,41.949107],[-70.579774,41.947218],[-70.578744,41.945735],[-70.577361,41.945439],[-70.57247,41.942989],[-70.569731,41.941205],[-70.56839,41.939889],[-70.567088,41.937237],[-70.565484,41.936011],[-70.56042,41.933921],[-70.553212,41.929731],[-70.545774,41.926674],[-70.543343,41.926422],[-70.54127,41.927092],[-70.539144,41.926581],[-70.539917,41.925517],[-70.539978,41.924914],[-70.539281,41.922243],[-70.537819,41.921003],[-70.539648,41.919621],[-70.544159,41.91914],[-70.545512,41.918342],[-70.546528,41.91641],[-70.547058,41.914584],[-70.54729,41.9122],[-70.547067,41.909975],[-70.545283,41.905865],[-70.542529,41.901684],[-70.532112,41.889853],[-70.532005,41.888754],[-70.53314,41.885515],[-70.531354,41.879607],[-70.531436,41.876979],[-70.532372,41.874558],[-70.531875,41.87192],[-70.532149,41.868127],[-70.53104,41.865662],[-70.526421,41.860653],[-70.525473,41.858346],[-70.526271,41.856498],[-70.528382,41.854895],[-70.528921,41.85405],[-70.529163,41.852958],[-70.528788,41.850917],[-70.530933,41.848408],[-70.530935,41.84413],[-70.532456,41.84161],[-70.532839,41.840419],[-70.53589,41.839093],[-70.536822,41.83728],[-70.536858,41.83464],[-70.541111,41.832425],[-70.542592,41.82941],[-70.543125,41.823981],[-70.542779,41.820417],[-70.540574,41.815187],[-70.537733,41.810516],[-70.565364,41.786677]]],[[[-70.635606,42.004797],[-70.637008,42.004497],[-70.63776,42.00337],[-70.639375,42.002563],[-70.640029,42.002872],[-70.640449,42.004227],[-70.639521,42.008464],[-70.637135,42.012072],[-70.635856,42.013062],[-70.634714,42.012447],[-70.634382,42.011221],[-70.634541,42.007221],[-70.635126,42.004605],[-70.635606,42.004797]]],[[[-70.608899,42.013208],[-70.603032,42.008011],[-70.59951,42.005855],[-70.59894,42.004775],[-70.599508,42.003374],[-70.600986,42.002693],[-70.602812,42.002777],[-70.604624,42.003436],[-70.606136,42.005008],[-70.608009,42.006002],[-70.608266,42.005745],[-70.608613,42.006179],[-70.612209,42.007206],[-70.61404,42.00707],[-70.618006,42.005781],[-70.623052,42.003025],[-70.627595,41.999144],[-70.629341,41.997025],[-70.629468,41.996348],[-70.632093,41.994345],[-70.633998,41.99393],[-70.636368,41.993952],[-70.638226,41.994841],[-70.638546,41.996573],[-70.637488,41.997758],[-70.635407,41.998115],[-70.633424,41.997264],[-70.63337,41.996655],[-70.632705,41.996565],[-70.631562,41.997648],[-70.631261,41.998251],[-70.631329,42.000165],[-70.632647,42.001457],[-70.632838,42.002546],[-70.630825,42.001609],[-70.630686,42.00121],[-70.629743,42.002282],[-70.628423,42.002943],[-70.626636,42.004506],[-70.621774,42.007443],[-70.615467,42.009282],[-70.614593,42.010705],[-70.61388,42.010696],[-70.613832,42.0111],[-70.613152,42.011269],[-70.612822,42.013219],[-70.608899,42.013208]]]]}},{"type":"Feature","properties":{"area_id":"240","layer":"municipality","name":"Plympton","municipality_type":"town","county_id":"25023"},"geometry":{"type":"Polygon","coordinates":[[[-70.77171,41.946157],[-70.829828,41.927708],[-70.845646,41.94273],[-70.860881,41.954995],[-70.863067,41.956811],[-70.822886,41.984512],[-70.818699,41.996733],[-70.806496,42.010341],[-70.807932,42.01168],[-70.80799,42.012135],[-70.807251,42.012878],[-70.799332,42.013612],[-70.795916,42.005503],[-70.790859,41.98841],[-70.787479,41.978369],[-70.765532,41.966995],[-70.758693,41.947516],[-70.77171,41.946157]]]}},{"type":"Feature","properties":{"area_id":"241","layer":"municipality","name":"Princeton","municipality_type":"town","county_id":"25027"},"geometry":{"type":"Polygon","coordinates":[[[-71.842327,42.512639],[-71.82229,42.504314],[-71.830021,42.492195],[-71.835601,42.483603],[-71.8278,42.47207],[-71.828227,42.469267],[-71.827615,42.468054],[-71.82787,42.466938],[-71.827219,42.465805],[-71.827268,42.46365],[-71.825569,42.463154],[-71.825367,42.462352],[-71.823906,42.461616],[-71.823677,42.460323],[-71.82396,42.45885],[-71.823346,42.457384],[-71.821639,42.455666],[-71.82157,42.455214],[-71.822008,42.454913],[-71.822012,42.454507],[-71.820738,42.45335],[-71.820083,42.452017],[-71.821026,42.450508],[-71.819104,42.449885],[-71.819012,42.449023],[-71.819418,42.448656],[-71.817887,42.446617],[-71.815321,42.445816],[-71.813871,42.445827],[-71.813101,42.445358],[-71.814562,42.444567],[-71.814232,42.444008],[-71.831746,42.431835],[-71.887762,42.394959],[-71.965443,42.446616],[-71.920256,42.474546],[-71.933192,42.482932],[-71.919836,42.491456],[-71.90965,42.484501],[-71.864533,42.516942],[-71.861041,42.516383],[-71.856838,42.519092],[-71.849399,42.517911],[-71.847371,42.514714],[-71.844955,42.514447],[-71.842005,42.514686],[-71.842327,42.512639]]]}},{"type":"Feature","properties":{"area_id":"242","layer":"municipality","name":"Provincetown","municipality_type":"town","county_id":"25001"},"geometry":{"type":"Polygon","coordinates":[[[-70.146545,42.065247],[-70.147359,42.06388],[-70.147422,42.061016],[-70.151692,42.062076],[-70.155851,42.062195],[-70.163499,42.061195],[-70.170552,42.059397],[-70.175254,42.057671],[-70.178917,42.055691],[-70.183274,42.052601],[-70.185292,42.050089],[-70.189005,42.047773],[-70.19013,42.046261],[-70.192361,42.041998],[-70.194753,42.039725],[-70.194832,42.038676],[-70.194185,42.037352],[-70.194489,42.03632],[-70.195648,42.036045],[-70.195887,42.036754],[-70.197771,42.03726],[-70.197824,42.0367],[-70.197136,42.03663],[-70.196895,42.036217],[-70.197672,42.035552],[-70.196561,42.034339],[-70.198279,42.033694],[-70.19753,42.032373],[-70.197909,42.031205],[-70.200319,42.030849],[-70.201359,42.031069],[-70.201138,42.030358],[-70.199915,42.03038],[-70.200037,42.029614],[-70.200737,42.029265],[-70.20246,42.029238],[-70.204444,42.030808],[-70.205263,42.03014],[-70.205269,42.029584],[-70.203845,42.029174],[-70.20269,42.027752],[-70.201725,42.027079],[-70.200777,42.026956],[-70.199804,42.025977],[-70.198157,42.026784],[-70.1966,42.025988],[-70.19626,42.025627],[-70.19653,42.024768],[-70.195767,42.024259],[-70.195264,42.02424],[-70.194746,42.024738],[-70.195,42.025738],[-70.193249,42.02623],[-70.192296,42.026119],[-70.191184,42.025081],[-70.190197,42.024832],[-70.189047,42.024042],[-70.187269,42.02396],[-70.185334,42.024331],[-70.185982,42.025514],[-70.185731,42.025784],[-70.185159,42.025634],[-70.184076,42.026119],[-70.183877,42.025606],[-70.182849,42.026216],[-70.180035,42.026416],[-70.175572,42.027693],[-70.171762,42.030588],[-70.169728,42.033215],[-70.169014,42.034625],[-70.167513,42.03493],[-70.166426,42.034174],[-70.167553,42.031751],[-70.171004,42.027401],[-70.174725,42.023924],[-70.178056,42.022087],[-70.183004,42.020104],[-70.185923,42.019341],[-70.188616,42.019178],[-70.191666,42.019614],[-70.195588,42.021164],[-70.209036,42.031264],[-70.212277,42.034772],[-70.214304,42.039664],[-70.21635,42.04266],[-70.219531,42.046301],[-70.221629,42.0479],[-70.222569,42.049288],[-70.225706,42.052205],[-70.236407,42.058127],[-70.240392,42.05953],[-70.244982,42.059701],[-70.246664,42.061088],[-70.247407,42.062961],[-70.246899,42.065047],[-70.244354,42.068645],[-70.236051,42.075547],[-70.232704,42.077048],[-70.226227,42.079182],[-70.215306,42.081571],[-70.204954,42.082444],[-70.194076,42.082391],[-70.168994,42.080307],[-70.154267,42.07711],[-70.146545,42.065247]]]}},{"type":"Feature","properties":{"area_id":"243","layer":"municipality","name":"Quincy","municipality_type":"city","county_id":"25021"},"geometry":{"type":"MultiPolygon","coordinates":[[[[-70.963471,42.245976],[-70.96215,42.246511],[-70.961642,42.24579],[-70.963471,42.245976]]],[[[-70.976671,42.238358],[-70.977501,42.23838],[-70.97839,42.237934],[-70.980405,42.235329],[-70.981106,42.235758],[-71.002171,42.232217],[-71.010768,42.228679],[-71.033001,42.227892],[-71.044939,42.215393],[-71.044883,42.206493],[-71.045595,42.206276],[-71.046979,42.206569],[-71.047858,42.206269],[-71.049491,42.206677],[-71.053056,42.2057],[-71.057307,42.205913],[-71.058126,42.206202],[-71.059423,42.205965],[-71.060389,42.206323],[-71.070324,42.204437],[-71.073958,42.204188],[-71.074733,42.204322],[-71.075143,42.204748],[-71.076997,42.204529],[-71.080748,42.204957],[-71.082245,42.204757],[-71.082728,42.2043],[-71.09319,42.213944],[-71.053022,42.229182],[-71.061082,42.242381],[-71.032205,42.258286],[-71.031425,42.259247],[-71.041673,42.266436],[-71.041631,42.268366],[-71.04276,42.276741],[-71.042119,42.276572],[-71.041377,42.276912],[-71.039525,42.278961],[-71.039136,42.280995],[-71.039511,42.281647],[-71.038498,42.283102],[-71.038221,42.28408],[-71.037718,42.283908],[-71.037704,42.284534],[-71.036408,42.284349],[-71.035777,42.28456],[-71.034615,42.286786],[-71.034214,42.287113],[-71.033145,42.287005],[-71.033038,42.287446],[-71.032492,42.28761],[-71.032056,42.288961],[-71.031342,42.289582],[-71.031462,42.291111],[-71.031917,42.290839],[-71.032557,42.289248],[-71.033883,42.289574],[-71.033884,42.291399],[-71.033576,42.291631],[-71.034564,42.291714],[-71.035794,42.295105],[-71.040051,42.300895],[-71.040469,42.302138],[-71.039842,42.301559],[-71.039788,42.300879],[-71.039269,42.301183],[-71.035805,42.301521],[-71.030572,42.300556],[-71.030702,42.299461],[-71.028805,42.299104],[-71.028444,42.30014],[-71.028056,42.300221],[-71.026141,42.299744],[-71.025828,42.300054],[-71.025236,42.299866],[-71.025228,42.299611],[-71.024796,42.300891],[-71.025283,42.301546],[-71.029333,42.302279],[-71.02505,42.301598],[-71.02472,42.300836],[-71.025064,42.299523],[-71.024868,42.299969],[-71.024003,42.299583],[-71.021861,42.299453],[-71.019303,42.298779],[-71.01854,42.297922],[-71.019264,42.297588],[-71.019786,42.298285],[-71.021376,42.298416],[-71.022279,42.297706],[-71.02286,42.297889],[-71.022704,42.296289],[-71.021432,42.295277],[-71.018602,42.296804],[-71.018842,42.297346],[-71.017156,42.298142],[-71.015593,42.299606],[-71.01577,42.300452],[-71.014467,42.300908],[-71.014013,42.302515],[-71.015529,42.302683],[-71.015581,42.30328],[-71.014392,42.303462],[-71.011664,42.304851],[-71.010275,42.304699],[-71.009939,42.304889],[-71.010417,42.305015],[-71.010256,42.305234],[-71.009251,42.305511],[-71.008347,42.304736],[-71.009918,42.303332],[-71.009371,42.30268],[-71.008402,42.302339],[-71.005406,42.30255],[-71.004317,42.303461],[-71.003149,42.303874],[-71.001988,42.303917],[-71.000838,42.303293],[-70.998573,42.303776],[-70.997102,42.30362],[-70.994806,42.304697],[-70.990752,42.307896],[-70.986604,42.30641],[-70.98685,42.305845],[-70.986677,42.305379],[-70.987413,42.304767],[-70.987509,42.304306],[-70.988794,42.303686],[-70.990258,42.303877],[-70.991353,42.303406],[-70.992393,42.303587],[-70.993123,42.30323],[-70.99404,42.303548],[-70.996625,42.302425],[-70.997368,42.30148],[-70.998019,42.301449],[-70.998517,42.301944],[-70.999278,42.302092],[-71.001401,42.301528],[-71.002904,42.301602],[-71.004261,42.301028],[-71.004518,42.300286],[-71.004176,42.299582],[-71.002751,42.299199],[-71.002339,42.298759],[-71.001085,42.299004],[-71.00247,42.29916],[-71.001451,42.29948],[-71.001037,42.300307],[-71.000335,42.300432],[-70.999893,42.301071],[-71.000399,42.301044],[-71.000284,42.301342],[-70.999258,42.301681],[-70.998414,42.301145],[-70.997382,42.301153],[-70.998674,42.300701],[-70.998549,42.300113],[-70.999321,42.299399],[-71.000041,42.299449],[-71.000227,42.298563],[-71.001367,42.298155],[-71.004301,42.298183],[-71.005534,42.297519],[-71.005522,42.296614],[-71.004487,42.295884],[-71.004454,42.295342],[-71.003422,42.295278],[-71.004081,42.295151],[-71.004217,42.294734],[-71.005897,42.294291],[-71.005503,42.294112],[-71.006847,42.29334],[-71.006833,42.292992],[-71.006419,42.292843],[-71.007241,42.291849],[-71.011151,42.291196],[-71.01262,42.290407],[-71.012877,42.28987],[-71.013785,42.289618],[-71.016017,42.290111],[-71.016994,42.289941],[-71.017736,42.290629],[-71.018353,42.29035],[-71.020253,42.290411],[-71.020217,42.290115],[-71.020653,42.289955],[-71.020727,42.288775],[-71.02279,42.288394],[-71.022543,42.28774],[-71.021861,42.287542],[-71.019977,42.285676],[-71.018407,42.285564],[-71.016233,42.28197],[-71.014949,42.280402],[-71.013606,42.279436],[-71.012027,42.27871],[-71.01042,42.278924],[-71.004636,42.276067],[-71.003263,42.275651],[-71.001364,42.275594],[-71.00142,42.275113],[-71.001018,42.274777],[-70.999937,42.27426],[-70.999006,42.274332],[-70.999287,42.27397],[-70.999086,42.273624],[-70.996896,42.272559],[-70.994834,42.272038],[-70.99333,42.272211],[-70.99417,42.271672],[-70.994501,42.270955],[-70.993624,42.269421],[-70.995008,42.267821],[-70.994243,42.267058],[-70.991872,42.267195],[-70.991327,42.266839],[-70.990503,42.266905],[-70.988377,42.265201],[-70.987121,42.264898],[-70.985403,42.265202],[-70.981041,42.266771],[-70.980383,42.266691],[-70.977244,42.265027],[-70.972438,42.265109],[-70.969443,42.266722],[-70.967842,42.267133],[-70.965993,42.268341],[-70.965942,42.268662],[-70.964932,42.269078],[-70.956073,42.271547],[-70.954768,42.272343],[-70.953662,42.273613],[-70.953469,42.27436],[-70.95422,42.27727],[-70.955001,42.27852],[-70.956341,42.279503],[-70.955774,42.280048],[-70.954251,42.280416],[-70.953987,42.281282],[-70.95409,42.28053],[-70.953367,42.279963],[-70.952035,42.276778],[-70.949505,42.275179],[-70.949195,42.273101],[-70.950333,42.269993],[-70.950003,42.268108],[-70.950493,42.265932],[-70.951369,42.264247],[-70.950927,42.262771],[-70.951143,42.261696],[-70.950535,42.2607],[-70.951426,42.260215],[-70.952219,42.260243],[-70.954841,42.261414],[-70.958035,42.26213],[-70.959672,42.262133],[-70.959686,42.26185],[-70.960083,42.262145],[-70.961998,42.260531],[-70.963563,42.260742],[-70.964367,42.260183],[-70.965423,42.260162],[-70.965345,42.259807],[-70.963795,42.258913],[-70.965403,42.258429],[-70.965927,42.257931],[-70.964784,42.257413],[-70.963466,42.257431],[-70.963054,42.257749],[-70.961857,42.2563],[-70.960817,42.25601],[-70.959255,42.256688],[-70.957911,42.256737],[-70.956532,42.255144],[-70.95678,42.254404],[-70.957712,42.253991],[-70.9573,42.25378],[-70.958876,42.253591],[-70.95988,42.252135],[-70.959677,42.250945],[-70.960121,42.250679],[-70.960272,42.24983],[-70.96066,42.249754],[-70.960721,42.249139],[-70.961934,42.248439],[-70.962602,42.248339],[-70.964543,42.249352],[-70.966042,42.249711],[-70.966604,42.249529],[-70.967068,42.250146],[-70.968489,42.250167],[-70.969847,42.25067],[-70.969961,42.251183],[-70.969373,42.252095],[-70.967674,42.252415],[-70.968159,42.253823],[-70.967992,42.255027],[-70.971949,42.256846],[-70.975658,42.256709],[-70.976539,42.25749],[-70.97877,42.258532],[-70.982227,42.25853],[-70.982996,42.257283],[-70.982726,42.256876],[-70.983405,42.256795],[-70.983114,42.255864],[-70.986213,42.25471],[-70.986341,42.254252],[-70.98804,42.254417],[-70.989017,42.255069],[-70.9904,42.255071],[-70.990354,42.254407],[-70.989231,42.253757],[-70.983156,42.253157],[-70.982228,42.252164],[-70.981263,42.252735],[-70.980974,42.252555],[-70.978232,42.25359],[-70.977039,42.253458],[-70.975674,42.252402],[-70.976012,42.251905],[-70.975746,42.251247],[-70.974114,42.249721],[-70.974035,42.249014],[-70.972655,42.24814],[-70.971318,42.248004],[-70.969194,42.247042],[-70.968102,42.247557],[-70.968008,42.247849],[-70.968364,42.248098],[-70.968145,42.248443],[-70.966025,42.24784],[-70.967743,42.246074],[-70.968321,42.244473],[-70.971214,42.244083],[-70.972845,42.24237],[-70.972846,42.242053],[-70.969515,42.242297],[-70.97062,42.239023],[-70.971473,42.239004],[-70.97153,42.238613],[-70.971919,42.238599],[-70.972065,42.237507],[-70.974944,42.237539],[-70.976671,42.238358]]]]}},{"type":"Feature","properties":{"area_id":"244","layer":"municipality","name":"Randolph","municipality_type":"town with city form of government","county_id":"25021"},"geometry":{"type":"Polygon","coordinates":[[[-71.047272,42.194601],[-71.029592,42.191539],[-71.019131,42.186861],[-71.019525,42.185995],[-71.019091,42.185363],[-71.019469,42.18466],[-71.019412,42.184268],[-71.018985,42.184069],[-71.019459,42.183797],[-71.019229,42.183519],[-71.019942,42.181905],[-71.019692,42.181267],[-71.020165,42.18098],[-71.019899,42.180303],[-71.020167,42.17963],[-71.019548,42.178799],[-71.019995,42.178523],[-71.019878,42.177947],[-71.020629,42.177579],[-71.020575,42.176574],[-71.021134,42.175907],[-71.020817,42.175023],[-71.021614,42.174108],[-71.021299,42.173419],[-71.022428,42.170555],[-71.021584,42.170323],[-71.021995,42.169014],[-71.027548,42.156333],[-71.035091,42.135646],[-71.040121,42.137203],[-71.056512,42.153824],[-71.066624,42.164066],[-71.102964,42.200714],[-71.100829,42.201484],[-71.098648,42.201332],[-71.096738,42.202128],[-71.094316,42.202441],[-71.08847,42.202269],[-71.087389,42.203483],[-71.087353,42.203963],[-71.086864,42.20418],[-71.084106,42.203934],[-71.082728,42.2043],[-71.082245,42.204757],[-71.080748,42.204957],[-71.076997,42.204529],[-71.075143,42.204748],[-71.074733,42.204322],[-71.073958,42.204188],[-71.070324,42.204437],[-71.060389,42.206323],[-71.059423,42.205965],[-71.058126,42.206202],[-71.057307,42.205913],[-71.053056,42.2057],[-71.049491,42.206677],[-71.047272,42.194601]]]}},{"type":"Feature","properties":{"area_id":"245","layer":"municipality","name":"Raynham","municipality_type":"town","county_id":"25005"},"geometry":{"type":"Polygon","coordinates":[[[-71.054184,41.982725],[-71.049485,41.963103],[-71.043909,41.960294],[-71.010567,41.940088],[-70.999776,41.929678],[-70.999862,41.928623],[-70.996806,41.927428],[-70.995628,41.925685],[-70.995727,41.924451],[-70.997223,41.92312],[-70.996815,41.921184],[-70.997397,41.918407],[-70.997133,41.916691],[-70.996348,41.915635],[-70.995083,41.914977],[-70.994423,41.915004],[-70.99431,41.916011],[-70.993667,41.916468],[-70.992508,41.916185],[-70.991978,41.91561],[-70.991032,41.909675],[-70.991926,41.907515],[-70.993152,41.906454],[-70.995367,41.903947],[-70.997738,41.899743],[-70.999933,41.896914],[-70.994453,41.897044],[-70.993631,41.894358],[-70.993726,41.891128],[-70.992115,41.889747],[-70.994984,41.885116],[-71.003598,41.883028],[-71.003355,41.885061],[-71.00552,41.884592],[-71.00862,41.890519],[-71.011876,41.890053],[-71.013104,41.892415],[-71.013475,41.892453],[-71.014854,41.892142],[-71.016086,41.890264],[-71.017044,41.889596],[-71.020923,41.889311],[-71.023948,41.886871],[-71.026071,41.886262],[-71.029261,41.885983],[-71.032887,41.886749],[-71.035205,41.885509],[-71.037333,41.88346],[-71.038066,41.883771],[-71.037706,41.885242],[-71.038306,41.885719],[-71.04085,41.885444],[-71.041822,41.884245],[-71.042682,41.883901],[-71.043167,41.884156],[-71.043249,41.884607],[-71.042455,41.885866],[-71.042547,41.886496],[-71.043225,41.886435],[-71.043983,41.885536],[-71.044927,41.885366],[-71.047682,41.88669],[-71.048633,41.888435],[-71.048681,41.889068],[-71.04749,41.889792],[-71.047091,41.89089],[-71.044731,41.89162],[-71.0457,41.892863],[-71.04699,41.893129],[-71.047242,41.893486],[-71.044168,41.895223],[-71.04363,41.895023],[-71.043467,41.894049],[-71.041629,41.894872],[-71.045254,41.89897],[-71.045449,41.89977],[-71.045079,41.901225],[-71.045308,41.901779],[-71.046446,41.902591],[-71.047682,41.904479],[-71.048591,41.904847],[-71.052573,41.90501],[-71.053824,41.904749],[-71.054358,41.904134],[-71.05469,41.902101],[-71.055438,41.90117],[-71.058522,41.902535],[-71.063347,41.903274],[-71.0927,41.939002],[-71.091942,41.939902],[-71.091875,41.94046],[-71.090206,41.941555],[-71.086276,41.94626],[-71.08559,41.949943],[-71.083532,41.954623],[-71.080524,41.959545],[-71.083765,41.965626],[-71.083107,41.968898],[-71.081084,41.972245],[-71.080328,41.975508],[-71.080661,41.977308],[-71.082438,41.9799],[-71.085332,41.982352],[-71.08715,41.99084],[-71.054718,41.985066],[-71.054184,41.982725]]]}},{"type":"Feature","properties":{"area_id":"246","layer":"municipality","name":"Reading","municipality_type":"town","county_id":"25017"},"geometry":{"type":"Polygon","coordinates":[[[-71.075146,42.531039],[-71.081085,42.525481],[-71.083508,42.525498],[-71.096771,42.511677],[-71.09741,42.510251],[-71.095427,42.508868],[-71.094116,42.507373],[-71.09429,42.507095],[-71.099646,42.50644],[-71.100729,42.502251],[-71.11976,42.500301],[-71.12196,42.504287],[-71.122397,42.504162],[-71.124177,42.507535],[-71.123866,42.507626],[-71.124227,42.508404],[-71.135455,42.53001],[-71.131296,42.531829],[-71.136479,42.552376],[-71.135671,42.552233],[-71.134381,42.552719],[-71.134232,42.552468],[-71.1335,42.552523],[-71.133015,42.552984],[-71.132408,42.55274],[-71.132466,42.553272],[-71.131975,42.553424],[-71.131227,42.552676],[-71.130709,42.553943],[-71.130111,42.553509],[-71.129473,42.553652],[-71.12939,42.553924],[-71.12974,42.554145],[-71.129235,42.554745],[-71.126926,42.554163],[-71.126988,42.554931],[-71.126346,42.55558],[-71.126364,42.555998],[-71.125708,42.556294],[-71.126301,42.556563],[-71.12609,42.556882],[-71.124394,42.556967],[-71.124462,42.557491],[-71.123946,42.55775],[-71.123885,42.558317],[-71.123227,42.558283],[-71.122162,42.559227],[-71.121798,42.559218],[-71.121679,42.559891],[-71.120958,42.560054],[-71.120691,42.560571],[-71.119377,42.560132],[-71.118673,42.560474],[-71.118481,42.561372],[-71.11695,42.561519],[-71.115978,42.561972],[-71.115141,42.561635],[-71.115215,42.561212],[-71.114273,42.561044],[-71.113655,42.561423],[-71.113172,42.560871],[-71.110162,42.56144],[-71.108606,42.562983],[-71.10853,42.564067],[-71.106037,42.56531],[-71.105637,42.565884],[-71.105089,42.565856],[-71.104713,42.566656],[-71.104016,42.56625],[-71.103712,42.564971],[-71.092783,42.559259],[-71.089891,42.558231],[-71.070979,42.555897],[-71.075146,42.531039]]]}},{"type":"Feature","properties":{"area_id":"247","layer":"municipality","name":"Rehoboth","municipality_type":"town","county_id":"25005"},"geometry":{"type":"Polygon","coordinates":[[[-71.193901,41.910774],[-71.186786,41.879351],[-71.203464,41.881852],[-71.193489,41.816539],[-71.187777,41.783165],[-71.283589,41.774811],[-71.292457,41.774889],[-71.30072,41.90367],[-71.222495,41.912252],[-71.208163,41.90886],[-71.193901,41.910774]]]}},{"type":"Feature","properties":{"area_id":"248","layer":"municipality","name":"Revere","municipality_type":"city","county_id":"25025"},"geometry":{"type":"Polygon","coordinates":[[[-70.981455,42.390854],[-70.982746,42.390802],[-70.983273,42.391124],[-70.983002,42.390079],[-70.983405,42.389345],[-70.985635,42.388458],[-70.986429,42.388979],[-70.986782,42.390176],[-70.987053,42.390256],[-70.986876,42.391332],[-70.986565,42.391529],[-70.98683,42.392308],[-70.987987,42.393236],[-70.990952,42.393451],[-70.992759,42.392945],[-70.994262,42.393305],[-70.995463,42.393939],[-70.996476,42.396317],[-70.998307,42.396938],[-71.001408,42.396749],[-71.005862,42.393901],[-71.008946,42.395201],[-71.011955,42.395776],[-71.009258,42.398721],[-71.00968,42.399247],[-71.008397,42.399861],[-71.007565,42.400858],[-71.007615,42.401408],[-71.008088,42.40131],[-71.008338,42.401712],[-71.009968,42.40199],[-71.010897,42.401785],[-71.010765,42.402187],[-71.011752,42.402743],[-71.01286,42.402815],[-71.012686,42.403075],[-71.013372,42.403256],[-71.016687,42.4027],[-71.01741,42.402814],[-71.017717,42.403388],[-71.018716,42.403718],[-71.020753,42.403504],[-71.021192,42.404242],[-71.020306,42.404838],[-71.020516,42.405159],[-71.022476,42.405497],[-71.022851,42.405133],[-71.023257,42.405548],[-71.023867,42.405337],[-71.024903,42.405909],[-71.026006,42.405803],[-71.026827,42.406442],[-71.027116,42.407791],[-71.029037,42.410363],[-71.033181,42.414219],[-71.028228,42.42421],[-71.020378,42.438259],[-71.025836,42.444718],[-71.018758,42.450126],[-71.011925,42.442173],[-71.009503,42.440973],[-71.012366,42.439749],[-71.011802,42.439006],[-71.011141,42.439072],[-71.010931,42.438606],[-71.010671,42.438748],[-71.0101,42.43831],[-71.010671,42.438175],[-71.01081,42.437772],[-71.010555,42.43756],[-71.011095,42.436905],[-71.011624,42.436845],[-71.011232,42.436478],[-71.011881,42.436035],[-71.01121,42.435789],[-71.010889,42.434899],[-71.010212,42.434391],[-71.007013,42.433657],[-71.005662,42.432725],[-71.004164,42.43275],[-71.00318,42.432185],[-71.002693,42.432369],[-71.00284,42.432587],[-71.00222,42.432495],[-71.001296,42.431941],[-71.001302,42.431636],[-71.00283,42.430529],[-71.002837,42.430215],[-71.002282,42.430004],[-71.001173,42.4309],[-71.001208,42.429052],[-71.000058,42.428103],[-70.999374,42.428724],[-71.000357,42.429809],[-71.000372,42.430447],[-71.000011,42.430895],[-70.997577,42.430857],[-70.997034,42.430368],[-70.995875,42.430554],[-70.993579,42.431759],[-70.991649,42.433831],[-70.989999,42.434319],[-70.989331,42.433794],[-70.987979,42.431406],[-70.985706,42.429591],[-70.984503,42.430881],[-70.986247,42.431087],[-70.986885,42.432025],[-70.984565,42.431049],[-70.98394,42.431324],[-70.98483,42.429813],[-70.981284,42.42937],[-70.979508,42.431221],[-70.978686,42.43183],[-70.978281,42.431669],[-70.977613,42.432034],[-70.975009,42.434215],[-70.974782,42.435282],[-70.974084,42.435709],[-70.971757,42.438416],[-70.971637,42.439444],[-70.970926,42.440275],[-70.971087,42.441388],[-70.971127,42.44105],[-70.971287,42.440888],[-70.971181,42.441545],[-70.970647,42.441764],[-70.970666,42.442228],[-70.968831,42.442044],[-70.967525,42.442566],[-70.966636,42.442216],[-70.966414,42.442551],[-70.963467,42.442609],[-70.960681,42.441996],[-70.9585,42.440758],[-70.957473,42.438695],[-70.957621,42.437362],[-70.958107,42.436651],[-70.962588,42.436142],[-70.969929,42.43394],[-70.973645,42.431576],[-70.975592,42.429912],[-70.97858,42.426595],[-70.980456,42.422984],[-70.982706,42.421401],[-70.985697,42.418218],[-70.988088,42.413574],[-70.989639,42.409407],[-70.989568,42.40703],[-70.987839,42.404102],[-70.986527,42.403575],[-70.986296,42.402902],[-70.983297,42.402659],[-70.984486,42.402328],[-70.983583,42.402121],[-70.984057,42.401558],[-70.984194,42.400304],[-70.983537,42.39686],[-70.984153,42.397086],[-70.982838,42.395802],[-70.981039,42.394724],[-70.981103,42.394374],[-70.980633,42.394423],[-70.980532,42.393899],[-70.981147,42.392952],[-70.980429,42.391747],[-70.981455,42.390854]]]}},{"type":"Feature","properties":{"area_id":"249","layer":"municipality","name":"Richmond","municipality_type":"town","county_id":"25003"},"geometry":{"type":"Polygon","coordinates":[[[-73.295333,42.411874],[-73.296517,42.404663],[-73.308394,42.406674],[-73.31111,42.392022],[-73.32318,42.391975],[-73.320838,42.378153],[-73.329474,42.37817],[-73.329308,42.369125],[-73.333627,42.368911],[-73.330772,42.351992],[-73.340958,42.351884],[-73.410858,42.351744],[-73.383665,42.425503],[-73.338909,42.418575],[-73.295333,42.411874]]]}},{"type":"Feature","properties":{"area_id":"250","layer":"municipality","name":"Rochester","municipality_type":"town","county_id":"25023"},"geometry":{"type":"Polygon","coordinates":[[[-70.78005,41.762802],[-70.786628,41.756871],[-70.787497,41.749821],[-70.785767,41.747408],[-70.793211,41.743191],[-70.793717,41.734711],[-70.791737,41.732594],[-70.793995,41.730465],[-70.79384,41.730077],[-70.795003,41.728614],[-70.796189,41.728369],[-70.799074,41.710118],[-70.843458,41.705353],[-70.844291,41.703084],[-70.844171,41.70259],[-70.843636,41.70242],[-70.843654,41.701927],[-70.843115,41.701633],[-70.865004,41.700172],[-70.88644,41.760241],[-70.904439,41.758008],[-70.907184,41.76355],[-70.921784,41.791253],[-70.8964,41.794329],[-70.771742,41.80893],[-70.771967,41.805167],[-70.772874,41.802028],[-70.774663,41.800172],[-70.776169,41.798006],[-70.777508,41.797068],[-70.77788,41.796255],[-70.777784,41.794554],[-70.778452,41.791758],[-70.778275,41.789828],[-70.77702,41.786834],[-70.776582,41.779902],[-70.775524,41.775826],[-70.775569,41.773065],[-70.774383,41.769891],[-70.776014,41.766052],[-70.77881,41.761322],[-70.78005,41.762802]]]}},{"type":"Feature","properties":{"area_id":"251","layer":"municipality","name":"Rockland","municipality_type":"town","county_id":"25023"},"geometry":{"type":"Polygon","coordinates":[[[-70.90012,42.151753],[-70.889467,42.11804],[-70.887554,42.087965],[-70.902401,42.085897],[-70.915909,42.100132],[-70.931488,42.116558],[-70.940764,42.151381],[-70.924878,42.157589],[-70.893517,42.169823],[-70.890292,42.171745],[-70.884312,42.153728],[-70.90012,42.151753]]]}},{"type":"Feature","properties":{"area_id":"252","layer":"municipality","name":"Rockport","municipality_type":"town","county_id":"25009"},"geometry":{"type":"Polygon","coordinates":[[[-70.64403,42.664616],[-70.640534,42.686392],[-70.640194,42.686572],[-70.640137,42.687122],[-70.638957,42.687891],[-70.63884,42.688418],[-70.63799,42.688463],[-70.637015,42.689658],[-70.635124,42.691129],[-70.630206,42.692846],[-70.627007,42.691713],[-70.626964,42.690789],[-70.626385,42.690297],[-70.626847,42.689705],[-70.626906,42.689032],[-70.626395,42.688902],[-70.625837,42.688017],[-70.623495,42.687317],[-70.622936,42.68748],[-70.623038,42.68787],[-70.62256,42.688136],[-70.620684,42.688302],[-70.619907,42.687834],[-70.619997,42.684849],[-70.620769,42.683734],[-70.623052,42.682239],[-70.623354,42.681653],[-70.623226,42.680816],[-70.622497,42.679577],[-70.62258,42.678912],[-70.620911,42.677227],[-70.620739,42.676763],[-70.621083,42.676684],[-70.620839,42.676323],[-70.62141,42.676333],[-70.621498,42.676938],[-70.622629,42.678106],[-70.623498,42.67759],[-70.623322,42.677253],[-70.623784,42.676775],[-70.623136,42.676395],[-70.622989,42.675736],[-70.621915,42.674624],[-70.622105,42.67449],[-70.621387,42.673219],[-70.62086,42.672916],[-70.622079,42.671857],[-70.621859,42.669569],[-70.623046,42.669646],[-70.623301,42.668825],[-70.620818,42.66691],[-70.620696,42.666457],[-70.622604,42.666701],[-70.623592,42.667539],[-70.62313,42.665976],[-70.623992,42.665385],[-70.623313,42.664784],[-70.622345,42.664802],[-70.621685,42.664341],[-70.622753,42.663731],[-70.622759,42.663],[-70.62381,42.662295],[-70.62277,42.660706],[-70.621276,42.660194],[-70.621572,42.659422],[-70.619234,42.658541],[-70.618094,42.658804],[-70.61806,42.659523],[-70.616353,42.660715],[-70.615407,42.660503],[-70.614432,42.66107],[-70.613457,42.661183],[-70.611814,42.660746],[-70.61385,42.660982],[-70.615054,42.660133],[-70.614563,42.659623],[-70.614728,42.65885],[-70.614429,42.65859],[-70.613736,42.658376],[-70.613065,42.658719],[-70.611993,42.659494],[-70.611877,42.660044],[-70.611588,42.659762],[-70.609977,42.660214],[-70.609989,42.659786],[-70.609395,42.659094],[-70.607032,42.658417],[-70.602452,42.658896],[-70.602033,42.659231],[-70.601863,42.660016],[-70.600815,42.660199],[-70.60066,42.660619],[-70.600397,42.659825],[-70.599696,42.659578],[-70.59822,42.659753],[-70.597401,42.660181],[-70.597364,42.660626],[-70.596465,42.660692],[-70.596528,42.661025],[-70.596001,42.661234],[-70.59531,42.660672],[-70.596286,42.659188],[-70.597044,42.659123],[-70.597709,42.658592],[-70.597668,42.6578],[-70.597254,42.657565],[-70.595461,42.657618],[-70.595004,42.657153],[-70.594917,42.656136],[-70.595565,42.655019],[-70.597197,42.653786],[-70.597178,42.653005],[-70.597601,42.652754],[-70.596698,42.65137],[-70.595303,42.65126],[-70.594946,42.650247],[-70.59255,42.649818],[-70.59176,42.648955],[-70.592139,42.647525],[-70.592703,42.647286],[-70.592787,42.646687],[-70.593468,42.646249],[-70.593552,42.645534],[-70.594176,42.644638],[-70.595272,42.643888],[-70.595636,42.642851],[-70.595437,42.641626],[-70.595644,42.641052],[-70.595289,42.640715],[-70.593335,42.64033],[-70.592482,42.641782],[-70.5919,42.640747],[-70.590949,42.640393],[-70.592055,42.63903],[-70.591846,42.637988],[-70.592154,42.636998],[-70.592698,42.63688],[-70.592912,42.636391],[-70.593615,42.636274],[-70.594068,42.634958],[-70.59571,42.634399],[-70.596224,42.634842],[-70.597075,42.634972],[-70.597656,42.635553],[-70.599635,42.635755],[-70.604291,42.634925],[-70.605078,42.635416],[-70.609768,42.633794],[-70.610996,42.633007],[-70.610872,42.632307],[-70.611168,42.632002],[-70.611845,42.631648],[-70.611957,42.632222],[-70.613027,42.632109],[-70.618113,42.628664],[-70.619206,42.627702],[-70.619294,42.626443],[-70.643082,42.634633],[-70.64403,42.664616]]]}},{"type":"Feature","properties":{"area_id":"253","layer":"municipality","name":"Rowe","municipality_type":"town","county_id":"25011"},"geometry":{"type":"Polygon","coordinates":[[[-72.854035,42.683215],[-72.859582,42.683085],[-72.857655,42.67398],[-72.913708,42.67247],[-72.914645,42.66939],[-72.929489,42.669081],[-72.929817,42.667941],[-72.93042,42.667379],[-72.933293,42.667161],[-72.934597,42.665613],[-72.936757,42.664862],[-72.937302,42.663999],[-72.955553,42.654515],[-72.955534,42.659382],[-72.954332,42.662933],[-72.954723,42.665634],[-72.955281,42.666036],[-72.957433,42.666981],[-72.96152,42.667287],[-72.962285,42.666868],[-72.963949,42.664302],[-72.966169,42.663974],[-72.968287,42.664285],[-72.970165,42.663954],[-72.972613,42.662911],[-72.974628,42.661051],[-72.975792,42.66085],[-72.980746,42.664541],[-72.985531,42.665947],[-72.988959,42.667623],[-72.993269,42.671055],[-72.99554,42.673164],[-72.995688,42.673658],[-72.994667,42.674331],[-72.989939,42.674118],[-72.98873,42.674545],[-72.988657,42.67584],[-72.989776,42.678132],[-72.98927,42.678581],[-72.983885,42.679394],[-72.977259,42.679059],[-72.975827,42.67943],[-72.975612,42.680434],[-72.976989,42.682802],[-72.97766,42.685669],[-72.973522,42.688817],[-72.971585,42.689063],[-72.963803,42.687501],[-72.961715,42.688078],[-72.958322,42.68987],[-72.953837,42.69049],[-72.952248,42.692199],[-72.951576,42.694726],[-72.952267,42.696635],[-72.953871,42.698395],[-72.951692,42.700519],[-72.95023,42.701173],[-72.949331,42.702287],[-72.948678,42.703849],[-72.949641,42.705119],[-72.950788,42.706619],[-72.95112,42.709728],[-72.950933,42.711895],[-72.953332,42.71677],[-72.952417,42.719714],[-72.951389,42.72025],[-72.947821,42.720674],[-72.946183,42.721317],[-72.941716,42.720101],[-72.939886,42.720876],[-72.939099,42.721797],[-72.937969,42.72469],[-72.937372,42.725111],[-72.934506,42.725736],[-72.933578,42.727678],[-72.931477,42.729263],[-72.931123,42.730313],[-72.928712,42.731345],[-72.9278,42.732212],[-72.927709,42.736738],[-72.927187,42.739121],[-72.864298,42.737745],[-72.854035,42.683215]]]}},{"type":"Feature","properties":{"area_id":"254","layer":"municipality","name":"Rowley","municipality_type":"town","county_id":"25009"},"geometry":{"type":"MultiPolygon","coordinates":[[[[-70.794873,42.753218],[-70.788366,42.738774],[-70.798276,42.733614],[-70.798988,42.733787],[-70.799467,42.735881],[-70.801155,42.738556],[-70.802275,42.73917],[-70.802921,42.740591],[-70.805105,42.741846],[-70.805821,42.742889],[-70.807894,42.744557],[-70.808149,42.745281],[-70.809409,42.746001],[-70.810411,42.747486],[-70.810608,42.74879],[-70.810148,42.750004],[-70.794873,42.753218]]],[[[-70.856522,42.722542],[-70.857278,42.722217],[-70.858669,42.722292],[-70.859428,42.721561],[-70.85932,42.721036],[-70.858165,42.719909],[-70.859101,42.718826],[-70.858775,42.71735],[-70.86064,42.716372],[-70.861047,42.715793],[-70.860697,42.71519],[-70.859892,42.714805],[-70.857817,42.714818],[-70.857876,42.713911],[-70.858745,42.713021],[-70.860059,42.713343],[-70.861616,42.712997],[-70.862575,42.713329],[-70.863551,42.712967],[-70.863785,42.712417],[-70.863295,42.711706],[-70.86482,42.710294],[-70.864407,42.709107],[-70.875484,42.712893],[-70.88077,42.706332],[-70.948595,42.680677],[-70.976373,42.694426],[-70.958892,42.706959],[-70.938392,42.726181],[-70.924124,42.736005],[-70.922321,42.735308],[-70.898968,42.742122],[-70.897793,42.743261],[-70.896937,42.743566],[-70.896612,42.74503],[-70.896172,42.745637],[-70.89628,42.746529],[-70.895421,42.747342],[-70.894811,42.747227],[-70.894485,42.745871],[-70.893768,42.745372],[-70.893784,42.744924],[-70.894476,42.744285],[-70.892737,42.74411],[-70.892699,42.7452],[-70.891234,42.744721],[-70.889883,42.746224],[-70.89026,42.746439],[-70.891373,42.745588],[-70.891968,42.745602],[-70.892212,42.745875],[-70.89206,42.746889],[-70.89312,42.747519],[-70.893006,42.748088],[-70.891355,42.748103],[-70.888949,42.747003],[-70.888618,42.747326],[-70.88873,42.747875],[-70.890428,42.749074],[-70.88913,42.749607],[-70.887328,42.748547],[-70.885955,42.748457],[-70.885029,42.747565],[-70.884512,42.7475],[-70.884194,42.747763],[-70.884328,42.748853],[-70.882729,42.749724],[-70.882542,42.750885],[-70.881876,42.751362],[-70.880956,42.751153],[-70.879821,42.747803],[-70.879055,42.747527],[-70.878627,42.747638],[-70.878005,42.74886],[-70.877641,42.749002],[-70.877189,42.748846],[-70.876575,42.747766],[-70.875986,42.747621],[-70.875055,42.749339],[-70.873158,42.749757],[-70.872507,42.750248],[-70.869591,42.748772],[-70.861099,42.749041],[-70.854703,42.750233],[-70.850618,42.753017],[-70.848464,42.752978],[-70.848376,42.751838],[-70.846301,42.749634],[-70.845525,42.749564],[-70.844036,42.750269],[-70.842067,42.750256],[-70.840774,42.751704],[-70.840087,42.75204],[-70.838206,42.750417],[-70.837575,42.750558],[-70.836748,42.751776],[-70.834805,42.75191],[-70.833743,42.752661],[-70.832884,42.753775],[-70.832075,42.754083],[-70.831689,42.753814],[-70.831689,42.752952],[-70.83256,42.751633],[-70.832485,42.750858],[-70.831038,42.750088],[-70.829844,42.749858],[-70.828397,42.750393],[-70.826032,42.750514],[-70.823428,42.751119],[-70.823313,42.749235],[-70.822943,42.748859],[-70.823145,42.748642],[-70.822032,42.747791],[-70.821955,42.746434],[-70.82153,42.746036],[-70.821778,42.744951],[-70.821144,42.744389],[-70.820428,42.742327],[-70.819933,42.741931],[-70.820086,42.741571],[-70.819541,42.741577],[-70.81782,42.739838],[-70.817728,42.738536],[-70.816718,42.736331],[-70.816504,42.734979],[-70.814637,42.731766],[-70.81466,42.729933],[-70.814138,42.729205],[-70.81478,42.726927],[-70.815532,42.726921],[-70.815864,42.728076],[-70.819678,42.731208],[-70.820402,42.731322],[-70.822218,42.7324],[-70.826808,42.733551],[-70.828857,42.733703],[-70.829487,42.733307],[-70.835746,42.732373],[-70.837201,42.732577],[-70.840407,42.73236],[-70.841026,42.731819],[-70.841195,42.730784],[-70.842393,42.729644],[-70.844684,42.729416],[-70.846552,42.72886],[-70.848164,42.727801],[-70.848678,42.726727],[-70.849105,42.726482],[-70.851044,42.727181],[-70.852941,42.727025],[-70.855135,42.725508],[-70.855134,42.725225],[-70.856914,42.724583],[-70.857339,42.724007],[-70.856522,42.722542]]]]}},{"type":"Feature","properties":{"area_id":"255","layer":"municipality","name":"Royalston","municipality_type":"town","county_id":"25027"},"geometry":{"type":"Polygon","coordinates":[[[-72.116632,42.626616],[-72.138953,42.623955],[-72.142141,42.623655],[-72.154374,42.623847],[-72.15665,42.623608],[-72.158347,42.63322],[-72.164367,42.63262],[-72.167467,42.64652],[-72.224933,42.638945],[-72.229468,42.662676],[-72.24211,42.661651],[-72.243496,42.669256],[-72.257326,42.667948],[-72.258548,42.675429],[-72.271885,42.674426],[-72.271952,42.67466],[-72.28304,42.721599],[-72.111081,42.717241],[-72.116632,42.626616]]]}},{"type":"Feature","properties":{"area_id":"256","layer":"municipality","name":"Russell","municipality_type":"town","county_id":"25013"},"geometry":{"type":"Polygon","coordinates":[[[-72.828937,42.136995],[-72.830491,42.138107],[-72.831302,42.138274],[-72.835519,42.137452],[-72.836331,42.136814],[-72.835912,42.134771],[-72.836803,42.133825],[-72.839217,42.133385],[-72.84082,42.132214],[-72.843425,42.132491],[-72.843937,42.132272],[-72.844252,42.131378],[-72.844167,42.129964],[-72.842747,42.127146],[-72.842793,42.12672],[-72.843842,42.126066],[-72.847019,42.126422],[-72.849441,42.124911],[-72.850568,42.125115],[-72.851294,42.124668],[-72.853896,42.11501],[-72.895664,42.123926],[-72.872184,42.216453],[-72.868469,42.223666],[-72.864477,42.222079],[-72.86011,42.222176],[-72.857567,42.220257],[-72.857591,42.219458],[-72.859505,42.217576],[-72.859723,42.216858],[-72.858172,42.215393],[-72.857389,42.212413],[-72.855252,42.209562],[-72.854123,42.207445],[-72.854361,42.206081],[-72.856024,42.204432],[-72.856517,42.203374],[-72.847196,42.201707],[-72.810911,42.163825],[-72.812876,42.155857],[-72.828937,42.136995]]]}},{"type":"Feature","properties":{"area_id":"257","layer":"municipality","name":"Rutland","municipality_type":"town","county_id":"25027"},"geometry":{"type":"Polygon","coordinates":[[[-71.928861,42.368212],[-71.918769,42.347992],[-71.920625,42.347587],[-71.954056,42.33347],[-71.971657,42.329149],[-71.993788,42.319369],[-72.035082,42.403925],[-72.007386,42.421039],[-71.965443,42.446616],[-71.887762,42.394959],[-71.928861,42.368212]]]}},{"type":"Feature","properties":{"area_id":"258","layer":"municipality","name":"Salem","municipality_type":"city","county_id":"25009"},"geometry":{"type":"Polygon","coordinates":[[[-70.885499,42.497323],[-70.886452,42.495306],[-70.887885,42.494703],[-70.888247,42.49408],[-70.888678,42.494297],[-70.888808,42.493484],[-70.889992,42.49357],[-70.890313,42.493377],[-70.88999,42.493086],[-70.890841,42.492886],[-70.88995,42.49015],[-70.890625,42.488753],[-70.894247,42.485958],[-70.899034,42.48468],[-70.90178,42.485368],[-70.905091,42.484847],[-70.90654,42.484272],[-70.934112,42.490842],[-70.949945,42.494762],[-70.919786,42.520594],[-70.918858,42.522889],[-70.917725,42.522641],[-70.917093,42.524274],[-70.917985,42.524242],[-70.918316,42.52498],[-70.916483,42.526864],[-70.917033,42.527114],[-70.915563,42.528769],[-70.912594,42.528027],[-70.913071,42.530931],[-70.912802,42.532302],[-70.913252,42.532497],[-70.913505,42.541483],[-70.911247,42.541071],[-70.909583,42.540883],[-70.909363,42.540227],[-70.908835,42.539955],[-70.907505,42.54067],[-70.907306,42.541842],[-70.908951,42.542577],[-70.909423,42.543107],[-70.90823,42.544891],[-70.906717,42.545967],[-70.903836,42.543642],[-70.903567,42.543114],[-70.900793,42.542979],[-70.901073,42.542052],[-70.898977,42.541445],[-70.89889,42.540739],[-70.898325,42.540627],[-70.898606,42.540419],[-70.898523,42.539836],[-70.899395,42.539418],[-70.897465,42.539004],[-70.897577,42.538504],[-70.898331,42.538223],[-70.898013,42.537405],[-70.895318,42.537087],[-70.89509,42.537437],[-70.89452,42.536698],[-70.893272,42.536538],[-70.895264,42.536127],[-70.895309,42.535187],[-70.895883,42.534921],[-70.894977,42.534264],[-70.893884,42.53267],[-70.894904,42.532692],[-70.895359,42.53189],[-70.896151,42.531576],[-70.896908,42.531899],[-70.897266,42.531639],[-70.896714,42.530615],[-70.897613,42.529982],[-70.897718,42.52954],[-70.89682,42.526559],[-70.897187,42.526067],[-70.899021,42.525142],[-70.898448,42.524713],[-70.896984,42.524971],[-70.895679,42.52572],[-70.894108,42.528009],[-70.893057,42.528877],[-70.890863,42.532081],[-70.891814,42.533779],[-70.890415,42.534492],[-70.890249,42.534992],[-70.88956,42.535112],[-70.888638,42.537725],[-70.88916,42.53539],[-70.886993,42.536756],[-70.887014,42.537553],[-70.886743,42.5376],[-70.886186,42.535627],[-70.885207,42.534601],[-70.883405,42.534599],[-70.882126,42.535343],[-70.881729,42.534986],[-70.882749,42.533799],[-70.883155,42.532604],[-70.88388,42.532264],[-70.883856,42.531798],[-70.88526,42.531528],[-70.88611,42.530616],[-70.886857,42.528941],[-70.88761,42.528995],[-70.887873,42.52869],[-70.887867,42.528145],[-70.887489,42.527775],[-70.884683,42.526674],[-70.884081,42.526685],[-70.882451,42.528141],[-70.881257,42.529983],[-70.879898,42.530486],[-70.880182,42.531014],[-70.879916,42.53111],[-70.879298,42.530479],[-70.877918,42.531185],[-70.877854,42.531575],[-70.878532,42.53153],[-70.878702,42.531834],[-70.878286,42.5325],[-70.876521,42.53359],[-70.875465,42.533338],[-70.874256,42.533536],[-70.873408,42.534032],[-70.873397,42.534601],[-70.87289,42.53496],[-70.870762,42.535413],[-70.869375,42.536882],[-70.868463,42.536663],[-70.866835,42.536931],[-70.868088,42.536642],[-70.868079,42.536147],[-70.867281,42.53571],[-70.866682,42.536048],[-70.865872,42.534039],[-70.864532,42.533692],[-70.866301,42.532416],[-70.868364,42.532822],[-70.869249,42.533498],[-70.870006,42.533312],[-70.870266,42.532904],[-70.870157,42.532049],[-70.870716,42.531837],[-70.870068,42.531282],[-70.867951,42.531723],[-70.867077,42.531012],[-70.866286,42.530873],[-70.866306,42.530411],[-70.867361,42.529817],[-70.867717,42.529051],[-70.867521,42.527712],[-70.866386,42.527216],[-70.866611,42.526731],[-70.867518,42.526732],[-70.868118,42.525875],[-70.868556,42.525768],[-70.869631,42.526354],[-70.870437,42.526255],[-70.870884,42.525862],[-70.871583,42.526029],[-70.8713,42.527883],[-70.870564,42.528313],[-70.869511,42.53068],[-70.86989,42.530972],[-70.871622,42.53099],[-70.871919,42.530784],[-70.871999,42.529311],[-70.872994,42.529364],[-70.873943,42.528752],[-70.874038,42.52766],[-70.876129,42.524318],[-70.875749,42.523181],[-70.874489,42.522493],[-70.87611,42.523044],[-70.876435,42.524297],[-70.875874,42.525518],[-70.8767,42.524167],[-70.876552,42.523156],[-70.877077,42.523385],[-70.878602,42.521856],[-70.879033,42.522041],[-70.88059,42.521678],[-70.881941,42.522635],[-70.882717,42.521608],[-70.886289,42.520396],[-70.88396,42.51683],[-70.88343,42.516557],[-70.884355,42.516934],[-70.887078,42.521088],[-70.88735,42.520831],[-70.886432,42.519056],[-70.88745,42.520337],[-70.887776,42.520201],[-70.88733,42.519627],[-70.887343,42.519123],[-70.888862,42.519344],[-70.888946,42.519627],[-70.889595,42.519563],[-70.889562,42.51934],[-70.890314,42.519541],[-70.892622,42.519304],[-70.89259,42.51899],[-70.88954,42.519214],[-70.889368,42.518903],[-70.886229,42.518692],[-70.885565,42.517704],[-70.884694,42.515136],[-70.884731,42.514771],[-70.885451,42.514247],[-70.888045,42.514197],[-70.888125,42.513739],[-70.88734,42.512465],[-70.88617,42.511707],[-70.886025,42.5113],[-70.886385,42.510996],[-70.887607,42.510916],[-70.887967,42.509989],[-70.887339,42.509757],[-70.887305,42.509246],[-70.887678,42.509048],[-70.887145,42.508587],[-70.884615,42.508371],[-70.884864,42.508182],[-70.884552,42.507742],[-70.881897,42.505812],[-70.882721,42.505548],[-70.88274,42.504847],[-70.884033,42.504158],[-70.886393,42.504475],[-70.88667,42.502496],[-70.887626,42.501911],[-70.887372,42.501253],[-70.888155,42.500069],[-70.88777,42.499489],[-70.888468,42.498615],[-70.887027,42.497472],[-70.885802,42.497809],[-70.885499,42.497323]]]}},{"type":"Feature","properties":{"area_id":"259","layer":"municipality","name":"Salisbury","municipality_type":"town","county_id":"25009"},"geometry":{"type":"Polygon","coordinates":[[[-70.879971,42.822882],[-70.882046,42.82396],[-70.889143,42.826488],[-70.890716,42.827679],[-70.892819,42.830282],[-70.894653,42.831751],[-70.897937,42.833154],[-70.90426,42.833902],[-70.899833,42.847395],[-70.914631,42.886656],[-70.903534,42.886787],[-70.885603,42.882843],[-70.847719,42.860876],[-70.836726,42.864689],[-70.829701,42.868728],[-70.82024,42.871796],[-70.814546,42.872024],[-70.814355,42.871459],[-70.815089,42.870395],[-70.814843,42.868517],[-70.815393,42.867447],[-70.814956,42.866154],[-70.815478,42.86382],[-70.815098,42.861899],[-70.815121,42.858909],[-70.81607,42.857103],[-70.815598,42.855904],[-70.815948,42.854355],[-70.815469,42.851613],[-70.815511,42.845927],[-70.814877,42.842849],[-70.813614,42.832213],[-70.811739,42.824781],[-70.810962,42.823276],[-70.810206,42.822754],[-70.810261,42.822179],[-70.811114,42.821702],[-70.810149,42.820294],[-70.812958,42.822099],[-70.815092,42.822433],[-70.816881,42.822231],[-70.817678,42.822939],[-70.820238,42.82235],[-70.821368,42.821258],[-70.82266,42.821879],[-70.8241,42.821748],[-70.825377,42.820495],[-70.825957,42.820353],[-70.826913,42.820531],[-70.827128,42.821375],[-70.828645,42.822289],[-70.832066,42.822787],[-70.835318,42.822849],[-70.838983,42.822438],[-70.848119,42.820154],[-70.853962,42.817966],[-70.856617,42.817523],[-70.856822,42.816613],[-70.857928,42.816407],[-70.858077,42.815816],[-70.864342,42.814732],[-70.866232,42.815544],[-70.869525,42.81614],[-70.872384,42.817538],[-70.874484,42.81709],[-70.879971,42.822882]]]}},{"type":"Feature","properties":{"area_id":"260","layer":"municipality","name":"Sandisfield","municipality_type":"town","county_id":"25003"},"geometry":{"type":"Polygon","coordinates":[[[-73.068898,42.138596],[-73.068942,42.137755],[-73.068466,42.136334],[-73.068501,42.135507],[-73.069443,42.134995],[-73.069817,42.133425],[-73.069286,42.130877],[-73.067798,42.127864],[-73.067207,42.12736],[-73.066211,42.124196],[-73.064261,42.122784],[-73.061604,42.119709],[-73.061124,42.118463],[-73.061824,42.117194],[-73.063199,42.11595],[-73.065677,42.114802],[-73.069228,42.113935],[-73.070981,42.113136],[-73.072532,42.111857],[-73.073093,42.110792],[-73.071828,42.109354],[-73.071784,42.108361],[-73.072653,42.107186],[-73.074911,42.10614],[-73.075088,42.105374],[-73.074169,42.101876],[-73.073083,42.094193],[-73.061806,42.070646],[-73.060879,42.069967],[-73.06007,42.068643],[-73.058557,42.067718],[-73.058237,42.067138],[-73.058345,42.066279],[-73.060503,42.063773],[-73.061703,42.061748],[-73.058572,42.059751],[-73.055624,42.058583],[-73.0549,42.057948],[-73.054205,42.056654],[-73.053997,42.054598],[-73.055397,42.050286],[-73.056454,42.048331],[-73.05655,42.047428],[-73.055808,42.045056],[-73.05326,42.039824],[-73.17212,42.0434],[-73.186309,42.153568],[-73.18672,42.155832],[-73.166172,42.157354],[-73.166792,42.162867],[-73.161972,42.178678],[-73.086991,42.186997],[-73.080099,42.139128],[-73.077926,42.138812],[-73.074201,42.1398],[-73.070507,42.140173],[-73.068898,42.138596]]]}},{"type":"Feature","properties":{"area_id":"261","layer":"municipality","name":"Sandwich","municipality_type":"town","county_id":"25001"},"geometry":{"type":"MultiPolygon","coordinates":[[[[-70.458737,41.66405],[-70.471207,41.665978],[-70.471786,41.664391],[-70.47546,41.659783],[-70.480555,41.661033],[-70.482171,41.665983],[-70.475879,41.676758],[-70.475076,41.676802],[-70.474926,41.678465],[-70.475554,41.68243],[-70.478059,41.685138],[-70.497201,41.683491],[-70.496771,41.678097],[-70.493853,41.676839],[-70.493907,41.674635],[-70.493549,41.673643],[-70.494019,41.672292],[-70.494739,41.672062],[-70.49524,41.671494],[-70.497393,41.671419],[-70.497175,41.670658],[-70.511318,41.676085],[-70.513504,41.673621],[-70.515497,41.668815],[-70.516459,41.663954],[-70.519251,41.656944],[-70.520806,41.655007],[-70.523175,41.650448],[-70.529658,41.645014],[-70.533009,41.642668],[-70.535902,41.641361],[-70.539686,41.637287],[-70.567904,41.645556],[-70.567776,41.647199],[-70.568752,41.647938],[-70.568905,41.648473],[-70.567491,41.649149],[-70.566305,41.651602],[-70.566884,41.654099],[-70.566663,41.656384],[-70.550178,41.671615],[-70.546762,41.676655],[-70.544587,41.683859],[-70.54195,41.687976],[-70.540977,41.690624],[-70.541104,41.691447],[-70.540642,41.692358],[-70.540378,41.69526],[-70.541723,41.698743],[-70.541929,41.701153],[-70.53776,41.710421],[-70.537912,41.712991],[-70.53857,41.714738],[-70.53831,41.716361],[-70.537561,41.718218],[-70.537136,41.720577],[-70.523248,41.768321],[-70.520662,41.771355],[-70.520371,41.772551],[-70.517111,41.772263],[-70.515233,41.771223],[-70.512437,41.7711],[-70.509995,41.771998],[-70.505366,41.772288],[-70.499884,41.773756],[-70.495149,41.77548],[-70.494396,41.773927],[-70.493417,41.773444],[-70.491369,41.773114],[-70.488623,41.773304],[-70.487701,41.772359],[-70.486423,41.769845],[-70.485671,41.769081],[-70.481815,41.767272],[-70.475416,41.765391],[-70.47425,41.764474],[-70.473176,41.762641],[-70.472286,41.762051],[-70.467749,41.761056],[-70.460792,41.758489],[-70.447323,41.75494],[-70.446674,41.754598],[-70.446268,41.753745],[-70.429829,41.749746],[-70.426508,41.749769],[-70.425424,41.747835],[-70.424798,41.747329],[-70.421003,41.746403],[-70.416043,41.745799],[-70.412387,41.744496],[-70.402008,41.74291],[-70.398526,41.742758],[-70.395321,41.741425],[-70.389216,41.740549],[-70.383283,41.740096],[-70.458737,41.66405]]],[[[-70.519413,41.79276],[-70.516366,41.789981],[-70.513934,41.78841],[-70.508272,41.785722],[-70.500374,41.781199],[-70.494225,41.778308],[-70.500188,41.775777],[-70.503301,41.775767],[-70.509624,41.774849],[-70.512098,41.773898],[-70.520274,41.774435],[-70.519413,41.79276]]]]}},{"type":"Feature","properties":{"area_id":"262","layer":"municipality","name":"Saugus","municipality_type":"town","county_id":"25009"},"geometry":{"type":"Polygon","coordinates":[[[-71.003081,42.496415],[-70.989145,42.459741],[-70.98857,42.458717],[-70.98785,42.458444],[-70.987384,42.458506],[-70.986596,42.459475],[-70.985882,42.459441],[-70.987645,42.457591],[-70.988086,42.455797],[-70.987955,42.454851],[-70.986983,42.454383],[-70.986314,42.454516],[-70.985811,42.45534],[-70.985524,42.457191],[-70.984446,42.458143],[-70.983534,42.458206],[-70.981425,42.456364],[-70.980441,42.456193],[-70.980196,42.455873],[-70.982782,42.455419],[-70.983581,42.454901],[-70.984151,42.454398],[-70.984722,42.452492],[-70.982494,42.450616],[-70.980165,42.450233],[-70.979403,42.450668],[-70.979747,42.450069],[-70.978675,42.449063],[-70.977998,42.449015],[-70.975595,42.447111],[-70.974744,42.446894],[-70.973563,42.445469],[-70.972827,42.446358],[-70.972561,42.446296],[-70.973247,42.444543],[-70.972867,42.443766],[-70.972385,42.443957],[-70.972285,42.443663],[-70.972668,42.443407],[-70.972257,42.443108],[-70.97307,42.443261],[-70.974604,42.441694],[-70.975136,42.440503],[-70.975403,42.438244],[-70.976716,42.437592],[-70.978422,42.435832],[-70.979224,42.435581],[-70.978897,42.435472],[-70.979132,42.435125],[-70.980695,42.433629],[-70.983444,42.431856],[-70.983624,42.432032],[-70.982588,42.433344],[-70.982832,42.433453],[-70.983817,42.432512],[-70.986047,42.434074],[-70.98813,42.435061],[-70.991044,42.435595],[-70.992227,42.435557],[-70.993627,42.435045],[-70.99396,42.434136],[-70.994823,42.433733],[-70.995581,42.432163],[-70.997149,42.431049],[-70.997467,42.431244],[-70.99655,42.432591],[-70.997303,42.431799],[-71.000036,42.432348],[-71.000809,42.43207],[-71.002262,42.432858],[-71.004598,42.433386],[-71.005704,42.433223],[-71.006617,42.433958],[-71.008447,42.434669],[-71.009258,42.434496],[-71.010296,42.434743],[-71.01144,42.436233],[-71.010995,42.436551],[-71.011443,42.436702],[-71.010639,42.437205],[-71.010612,42.438136],[-71.0101,42.43831],[-71.010671,42.438748],[-71.010931,42.438606],[-71.011141,42.439072],[-71.011802,42.439006],[-71.012371,42.439709],[-71.009503,42.440973],[-71.011925,42.442173],[-71.018758,42.450126],[-71.025836,42.444718],[-71.053365,42.475934],[-71.054215,42.476911],[-71.052621,42.486111],[-71.050253,42.486542],[-71.04521,42.488728],[-71.039855,42.496064],[-71.041086,42.497493],[-71.040939,42.49774],[-71.042033,42.498163],[-71.042504,42.49939],[-71.043672,42.500065],[-71.04376,42.501261],[-71.0425,42.502005],[-71.04222,42.502615],[-71.040605,42.502606],[-71.039751,42.503042],[-71.038623,42.502736],[-71.038182,42.50296],[-71.038267,42.50327],[-71.037353,42.503334],[-71.03622,42.504209],[-71.03584,42.505201],[-71.011623,42.501657],[-71.003081,42.496415]]]}},{"type":"Feature","properties":{"area_id":"263","layer":"municipality","name":"Savoy","municipality_type":"town","county_id":"25003"},"geometry":{"type":"Polygon","coordinates":[[[-72.954602,42.628664],[-72.975411,42.556046],[-72.979037,42.541626],[-73.085426,42.55951],[-73.095554,42.561249],[-73.080501,42.573626],[-73.084303,42.594768],[-73.067522,42.594051],[-73.063644,42.649807],[-73.011578,42.64723],[-73.011648,42.645665],[-73.009986,42.64573],[-73.008975,42.645215],[-73.008757,42.644794],[-73.008824,42.644111],[-73.009656,42.643406],[-73.009161,42.642909],[-73.008749,42.641134],[-73.006128,42.640584],[-73.003599,42.638498],[-73.000587,42.638126],[-73.000094,42.637322],[-73.000728,42.636712],[-73.001177,42.635662],[-73.001024,42.635172],[-72.998815,42.634955],[-72.997663,42.63376],[-72.995758,42.633392],[-72.990841,42.634045],[-72.98863,42.634792],[-72.987879,42.634372],[-72.986635,42.634535],[-72.986424,42.635109],[-72.987429,42.636277],[-72.987359,42.63662],[-72.985706,42.637096],[-72.985345,42.638366],[-72.984636,42.638615],[-72.981151,42.637578],[-72.975457,42.632449],[-72.974404,42.632592],[-72.974097,42.633302],[-72.974172,42.634382],[-72.973385,42.634877],[-72.971054,42.634096],[-72.970075,42.632757],[-72.968427,42.632736],[-72.966967,42.633258],[-72.966462,42.634069],[-72.966315,42.634869],[-72.966942,42.63612],[-72.966942,42.63752],[-72.964699,42.639078],[-72.9629,42.64149],[-72.961921,42.641736],[-72.960125,42.641314],[-72.954222,42.64147],[-72.95104,42.641014],[-72.954602,42.628664]]]}},{"type":"Feature","properties":{"area_id":"264","layer":"municipality","name":"Scituate","municipality_type":"town","county_id":"25023"},"geometry":{"type":"MultiPolygon","coordinates":[[[[-70.699509,42.144445],[-70.700181,42.145224],[-70.700089,42.146282],[-70.699043,42.147328],[-70.698182,42.147045],[-70.697064,42.145042],[-70.697686,42.14364],[-70.699509,42.144445]]],[[[-70.705776,42.154137],[-70.705516,42.15429],[-70.705853,42.154676],[-70.705171,42.154569],[-70.705436,42.15431],[-70.705399,42.153105],[-70.708348,42.153224],[-70.709636,42.154],[-70.709167,42.154152],[-70.708641,42.154931],[-70.709402,42.155849],[-70.709162,42.156408],[-70.707336,42.155658],[-70.705776,42.154137]]],[[[-70.682948,42.12526],[-70.683124,42.126549],[-70.684677,42.128674],[-70.685935,42.129464],[-70.687411,42.131351],[-70.687865,42.131529],[-70.687327,42.132963],[-70.69063,42.13474],[-70.690975,42.134675],[-70.692208,42.135591],[-70.692339,42.1369],[-70.692834,42.137064],[-70.692442,42.137599],[-70.692817,42.137942],[-70.692858,42.138839],[-70.69488,42.140729],[-70.694297,42.141299],[-70.695292,42.141267],[-70.696394,42.142429],[-70.696748,42.143809],[-70.696471,42.144964],[-70.696689,42.145943],[-70.698769,42.149286],[-70.698835,42.15043],[-70.700785,42.153131],[-70.701852,42.153531],[-70.701949,42.153926],[-70.702636,42.154029],[-70.703389,42.155268],[-70.705453,42.156204],[-70.705992,42.156893],[-70.707928,42.157348],[-70.707118,42.15757],[-70.707776,42.157977],[-70.707649,42.15831],[-70.70864,42.15721],[-70.709628,42.157219],[-70.710359,42.156867],[-70.711159,42.156989],[-70.711799,42.157579],[-70.711905,42.158148],[-70.711365,42.158696],[-70.709729,42.159244],[-70.709285,42.159864],[-70.707711,42.160619],[-70.707226,42.162462],[-70.706203,42.162657],[-70.705279,42.162025],[-70.703933,42.159367],[-70.701239,42.155362],[-70.693688,42.145537],[-70.688893,42.138057],[-70.683931,42.131075],[-70.68005,42.126351],[-70.682948,42.12526]]],[[[-70.827,42.200801],[-70.788342,42.223279],[-70.788605,42.225452],[-70.787134,42.225435],[-70.786345,42.224485],[-70.785837,42.224381],[-70.785181,42.22484],[-70.785011,42.225451],[-70.785565,42.227371],[-70.785029,42.228347],[-70.785397,42.229728],[-70.787784,42.22962],[-70.788287,42.230722],[-70.787931,42.231116],[-70.787951,42.232375],[-70.7872,42.232869],[-70.786452,42.234114],[-70.784514,42.234701],[-70.782018,42.236369],[-70.781901,42.236953],[-70.782426,42.236632],[-70.782828,42.237207],[-70.783764,42.237574],[-70.783272,42.237892],[-70.783641,42.238223],[-70.782868,42.239425],[-70.783208,42.239867],[-70.782908,42.240629],[-70.783334,42.241011],[-70.786607,42.239927],[-70.788508,42.239844],[-70.785435,42.242235],[-70.785328,42.242677],[-70.785846,42.243614],[-70.784973,42.242632],[-70.782834,42.242814],[-70.782419,42.243294],[-70.782846,42.24242],[-70.781789,42.242349],[-70.781986,42.242852],[-70.781601,42.243058],[-70.780864,42.242804],[-70.781074,42.243183],[-70.780568,42.243318],[-70.779698,42.242353],[-70.777475,42.242688],[-70.777198,42.242852],[-70.777242,42.243566],[-70.775864,42.243775],[-70.775323,42.243178],[-70.775482,42.242784],[-70.774631,42.242718],[-70.773717,42.242006],[-70.773231,42.243637],[-70.773954,42.244334],[-70.774365,42.245602],[-70.775531,42.247262],[-70.775153,42.247452],[-70.77475,42.247058],[-70.773978,42.246986],[-70.773276,42.247347],[-70.773192,42.246978],[-70.772538,42.247012],[-70.771676,42.249373],[-70.771952,42.250165],[-70.771405,42.250692],[-70.772915,42.251256],[-70.774001,42.252015],[-70.771385,42.250911],[-70.771649,42.252206],[-70.772636,42.252776],[-70.772485,42.253495],[-70.771726,42.253464],[-70.770824,42.252928],[-70.768614,42.254095],[-70.767483,42.25406],[-70.76706,42.253386],[-70.768257,42.252063],[-70.768081,42.250977],[-70.766963,42.250605],[-70.76384,42.25097],[-70.763844,42.250526],[-70.763448,42.250431],[-70.763964,42.249057],[-70.763695,42.249139],[-70.764337,42.248597],[-70.764141,42.248266],[-70.765439,42.247385],[-70.764907,42.246964],[-70.765617,42.246464],[-70.765107,42.246079],[-70.765536,42.244634],[-70.765333,42.243722],[-70.763139,42.242002],[-70.76185,42.241954],[-70.761336,42.241172],[-70.760489,42.240724],[-70.760399,42.237974],[-70.759813,42.235787],[-70.756548,42.229867],[-70.7481,42.221512],[-70.746364,42.220256],[-70.74494,42.219916],[-70.744048,42.220546],[-70.742631,42.219666],[-70.7408,42.219317],[-70.738348,42.217913],[-70.736318,42.214978],[-70.734992,42.214265],[-70.733219,42.212565],[-70.731635,42.211721],[-70.72481,42.209502],[-70.721673,42.207875],[-70.720418,42.207872],[-70.719937,42.208848],[-70.719134,42.209234],[-70.718327,42.209092],[-70.717469,42.208695],[-70.716832,42.20761],[-70.716056,42.207202],[-70.715038,42.204093],[-70.71608,42.203841],[-70.716282,42.204335],[-70.719539,42.206864],[-70.722084,42.207071],[-70.72378,42.205239],[-70.723474,42.204521],[-70.723674,42.204125],[-70.722952,42.203271],[-70.723117,42.202488],[-70.724231,42.202496],[-70.725434,42.201799],[-70.726664,42.200875],[-70.726725,42.199892],[-70.725454,42.198015],[-70.72457,42.197983],[-70.724534,42.197748],[-70.725093,42.197636],[-70.725008,42.197409],[-70.723503,42.196878],[-70.723366,42.196577],[-70.723715,42.196332],[-70.723917,42.195164],[-70.723101,42.194944],[-70.723039,42.194227],[-70.723536,42.193565],[-70.723107,42.19296],[-70.721925,42.193472],[-70.720949,42.193064],[-70.718974,42.194225],[-70.718022,42.195179],[-70.718387,42.196559],[-70.720759,42.195759],[-70.721541,42.196735],[-70.723087,42.197534],[-70.723138,42.198042],[-70.721729,42.19856],[-70.72042,42.198471],[-70.719456,42.19895],[-70.718876,42.199579],[-70.716334,42.200995],[-70.716355,42.201607],[-70.715946,42.200791],[-70.714304,42.200046],[-70.713779,42.197917],[-70.714467,42.197581],[-70.714455,42.197281],[-70.715828,42.196899],[-70.716115,42.19604],[-70.716208,42.193616],[-70.715253,42.190304],[-70.716231,42.189224],[-70.717769,42.189524],[-70.718639,42.188607],[-70.719133,42.187358],[-70.719204,42.185474],[-70.718234,42.18316],[-70.715594,42.179585],[-70.714231,42.173978],[-70.715016,42.173342],[-70.715115,42.172736],[-70.71458,42.170811],[-70.713653,42.170278],[-70.712418,42.16781],[-70.712646,42.167225],[-70.713699,42.166289],[-70.713958,42.166336],[-70.713736,42.166943],[-70.714791,42.166577],[-70.714581,42.165634],[-70.713836,42.165425],[-70.713415,42.164438],[-70.7151,42.16414],[-70.715367,42.163583],[-70.715133,42.163061],[-70.71554,42.163035],[-70.715474,42.162544],[-70.715871,42.162385],[-70.713873,42.162015],[-70.713184,42.162182],[-70.712748,42.161383],[-70.714135,42.161254],[-70.716443,42.162073],[-70.719815,42.16444],[-70.71987,42.164762],[-70.718328,42.165673],[-70.71828,42.166217],[-70.718618,42.166567],[-70.723424,42.167287],[-70.729007,42.166742],[-70.729174,42.166284],[-70.729619,42.166155],[-70.729477,42.16591],[-70.730091,42.165932],[-70.731528,42.165201],[-70.731631,42.164624],[-70.732455,42.164033],[-70.732681,42.163359],[-70.733364,42.163141],[-70.732977,42.163025],[-70.732969,42.162636],[-70.733779,42.161763],[-70.732946,42.161001],[-70.733025,42.160671],[-70.736005,42.163915],[-70.7385,42.163742],[-70.738374,42.163385],[-70.738732,42.163583],[-70.739972,42.163126],[-70.741429,42.161664],[-70.742216,42.161331],[-70.745532,42.16196],[-70.746946,42.164179],[-70.748197,42.165335],[-70.750341,42.165385],[-70.752674,42.164201],[-70.777865,42.183863],[-70.813503,42.195381],[-70.838865,42.194815],[-70.827,42.200801]]]]}},{"type":"Feature","properties":{"area_id":"265","layer":"municipality","name":"Seekonk","municipality_type":"town","county_id":"25005"},"geometry":{"type":"Polygon","coordinates":[[[-71.316366,41.775567],[-71.328472,41.780703],[-71.328967,41.782566],[-71.32935,41.782663],[-71.32942,41.781868],[-71.330031,41.782377],[-71.329673,41.782911],[-71.330064,41.78352],[-71.33033,41.785262],[-71.329463,41.788394],[-71.330513,41.788533],[-71.330247,41.788832],[-71.33106,41.789109],[-71.331035,41.789572],[-71.331535,41.789328],[-71.331604,41.789632],[-71.332744,41.790168],[-71.332812,41.79059],[-71.332205,41.791008],[-71.333156,41.792581],[-71.333112,41.793053],[-71.333917,41.793577],[-71.333679,41.793792],[-71.334154,41.793947],[-71.334113,41.794397],[-71.334645,41.794844],[-71.336464,41.795739],[-71.337888,41.795581],[-71.340098,41.796641],[-71.340104,41.797104],[-71.340482,41.797042],[-71.34036,41.797567],[-71.339843,41.797757],[-71.340044,41.798225],[-71.340777,41.798409],[-71.341202,41.799782],[-71.340636,41.800535],[-71.340746,41.801682],[-71.340339,41.802393],[-71.340597,41.802615],[-71.340511,41.803234],[-71.339089,41.805791],[-71.339676,41.806348],[-71.339221,41.807678],[-71.339332,41.808535],[-71.347547,41.823255],[-71.345199,41.827685],[-71.335417,41.835654],[-71.342551,41.844665],[-71.334041,41.862613],[-71.340891,41.881812],[-71.338788,41.898601],[-71.30072,41.90367],[-71.292457,41.774889],[-71.316366,41.775567]]]}},{"type":"Feature","properties":{"area_id":"266","layer":"municipality","name":"Sharon","municipality_type":"town","county_id":"25021"},"geometry":{"type":"Polygon","coordinates":[[[-71.175763,42.155607],[-71.176369,42.155368],[-71.171994,42.151532],[-71.162199,42.14529],[-71.163543,42.141466],[-71.149164,42.13862],[-71.150166,42.135862],[-71.149768,42.133668],[-71.148543,42.13117],[-71.148224,42.128157],[-71.147156,42.126496],[-71.145907,42.125282],[-71.139103,42.120244],[-71.135788,42.11352],[-71.133583,42.111189],[-71.13173,42.10654],[-71.131754,42.104378],[-71.131194,42.101866],[-71.131468,42.100433],[-71.132419,42.099047],[-71.133013,42.097117],[-71.134204,42.095045],[-71.135954,42.090703],[-71.137717,42.088711],[-71.139509,42.084875],[-71.138793,42.083507],[-71.139673,42.081133],[-71.139502,42.078283],[-71.139105,42.077236],[-71.138466,42.076589],[-71.139064,42.075039],[-71.138642,42.07277],[-71.168682,42.06117],[-71.178458,42.057371],[-71.196333,42.082483],[-71.205922,42.074117],[-71.23888,42.104215],[-71.238805,42.106409],[-71.238918,42.112229],[-71.237993,42.112904],[-71.238432,42.114286],[-71.239417,42.115514],[-71.238542,42.11775],[-71.238848,42.118744],[-71.238572,42.119145],[-71.239116,42.120282],[-71.237956,42.121624],[-71.233294,42.123421],[-71.233169,42.12301],[-71.231099,42.123307],[-71.232996,42.125463],[-71.233336,42.126303],[-71.233446,42.128662],[-71.232222,42.130508],[-71.231874,42.131642],[-71.23102,42.131899],[-71.229713,42.133015],[-71.228069,42.133314],[-71.22599,42.135418],[-71.194456,42.149925],[-71.186881,42.153277],[-71.188692,42.161135],[-71.188277,42.161383],[-71.187731,42.162898],[-71.188023,42.164195],[-71.186847,42.16619],[-71.180343,42.165421],[-71.17856,42.165867],[-71.175763,42.155607]]]}},{"type":"Feature","properties":{"area_id":"267","layer":"municipality","name":"Sheffield","municipality_type":"town","county_id":"25003"},"geometry":{"type":"Polygon","coordinates":[[[-73.291267,42.120748],[-73.304359,42.106715],[-73.296328,42.047019],[-73.340012,42.048353],[-73.436779,42.050519],[-73.434692,42.054477],[-73.428194,42.081799],[-73.419953,42.103854],[-73.42875,42.121271],[-73.434852,42.132371],[-73.404318,42.132009],[-73.40674,42.148404],[-73.393064,42.152639],[-73.393439,42.155125],[-73.388311,42.155176],[-73.389014,42.160159],[-73.297075,42.159211],[-73.291267,42.120748]]]}},{"type":"Feature","properties":{"area_id":"268","layer":"municipality","name":"Shelburne","municipality_type":"town","county_id":"25011"},"geometry":{"type":"Polygon","coordinates":[[[-72.63888,42.570027],[-72.651975,42.568639],[-72.655345,42.555244],[-72.675453,42.553026],[-72.675937,42.553087],[-72.67877,42.555852],[-72.679404,42.557048],[-72.679769,42.5597],[-72.679448,42.561644],[-72.68011,42.562691],[-72.681641,42.562992],[-72.686712,42.562634],[-72.691058,42.563949],[-72.693495,42.564284],[-72.700461,42.563451],[-72.70365,42.564378],[-72.704919,42.565273],[-72.706605,42.567495],[-72.707182,42.569364],[-72.70743,42.573746],[-72.706837,42.576478],[-72.707248,42.577306],[-72.709011,42.578184],[-72.711237,42.578624],[-72.713836,42.58004],[-72.715296,42.580418],[-72.716868,42.581878],[-72.718496,42.58502],[-72.719335,42.585495],[-72.718763,42.585544],[-72.71991,42.586239],[-72.723982,42.587475],[-72.727029,42.590605],[-72.730353,42.591629],[-72.730907,42.59284],[-72.731366,42.595846],[-72.732712,42.598479],[-72.733348,42.60061],[-72.7345,42.601925],[-72.736257,42.602766],[-72.73728,42.602762],[-72.738661,42.602243],[-72.739751,42.602268],[-72.740472,42.6027],[-72.740384,42.604385],[-72.738332,42.607955],[-72.737061,42.61338],[-72.735388,42.616389],[-72.735438,42.617983],[-72.736125,42.618801],[-72.736998,42.619204],[-72.737291,42.619902],[-72.737125,42.621729],[-72.735333,42.625898],[-72.735595,42.626438],[-72.736891,42.627031],[-72.737047,42.628858],[-72.736384,42.631233],[-72.735119,42.633112],[-72.633033,42.645358],[-72.649931,42.576883],[-72.636822,42.577994],[-72.63888,42.570027]]]}},{"type":"Feature","properties":{"area_id":"269","layer":"municipality","name":"Sherborn","municipality_type":"town","county_id":"25017"},"geometry":{"type":"Polygon","coordinates":[[[-71.329378,42.245156],[-71.329773,42.242602],[-71.330525,42.241935],[-71.330778,42.24106],[-71.331186,42.237595],[-71.330882,42.236247],[-71.329632,42.234162],[-71.329688,42.233376],[-71.331481,42.231632],[-71.334197,42.229953],[-71.336544,42.227651],[-71.337771,42.227071],[-71.34069,42.224859],[-71.341658,42.221931],[-71.342737,42.221507],[-71.343165,42.22078],[-71.343015,42.220064],[-71.342203,42.219648],[-71.341168,42.218271],[-71.338624,42.216903],[-71.338353,42.215984],[-71.338506,42.215239],[-71.339955,42.213881],[-71.347036,42.215548],[-71.349983,42.21396],[-71.351481,42.211555],[-71.35167,42.208453],[-71.35218,42.207498],[-71.351967,42.20702],[-71.350701,42.205792],[-71.349219,42.204964],[-71.346542,42.20465],[-71.346839,42.203746],[-71.346385,42.202819],[-71.345481,42.201911],[-71.344185,42.201344],[-71.344134,42.20071],[-71.361993,42.19577],[-71.378444,42.193473],[-71.38475,42.192026],[-71.380182,42.201767],[-71.388207,42.204312],[-71.38849,42.208014],[-71.391707,42.209751],[-71.393924,42.207098],[-71.397342,42.207898],[-71.397028,42.208576],[-71.397311,42.208752],[-71.39753,42.210311],[-71.398796,42.211323],[-71.400231,42.211813],[-71.400913,42.212764],[-71.402228,42.21314],[-71.403589,42.214301],[-71.403709,42.21487],[-71.401954,42.215428],[-71.40734,42.218175],[-71.407962,42.217664],[-71.408257,42.218453],[-71.410022,42.218757],[-71.410072,42.21986],[-71.408615,42.221123],[-71.408954,42.222967],[-71.409681,42.224023],[-71.409049,42.224584],[-71.410075,42.226567],[-71.411305,42.227074],[-71.412538,42.22818],[-71.413046,42.229648],[-71.412664,42.231023],[-71.413391,42.232574],[-71.413363,42.234566],[-71.416491,42.236687],[-71.41726,42.237897],[-71.420076,42.238133],[-71.418303,42.246513],[-71.419299,42.25729],[-71.397771,42.261537],[-71.390366,42.271926],[-71.376834,42.269498],[-71.356909,42.263504],[-71.356489,42.26282],[-71.356599,42.262215],[-71.357142,42.261891],[-71.357099,42.261444],[-71.356487,42.261025],[-71.356687,42.259993],[-71.356232,42.259233],[-71.354444,42.258635],[-71.3544,42.257694],[-71.353682,42.256802],[-71.353372,42.256883],[-71.351776,42.255824],[-71.350829,42.255905],[-71.34841,42.254713],[-71.344933,42.253849],[-71.341778,42.253546],[-71.342458,42.250469],[-71.332429,42.247733],[-71.329378,42.245156]]]}},{"type":"Feature","properties":{"area_id":"270","layer":"municipality","name":"Shirley","municipality_type":"town","county_id":"25017"},"geometry":{"type":"Polygon","coordinates":[[[-71.609944,42.579788],[-71.60949,42.578393],[-71.609792,42.577931],[-71.612925,42.577031],[-71.613612,42.576474],[-71.613919,42.575235],[-71.61564,42.575119],[-71.61611,42.574704],[-71.615741,42.573933],[-71.61456,42.573277],[-71.614126,42.572124],[-71.612734,42.571949],[-71.611826,42.571304],[-71.611912,42.570288],[-71.611258,42.568387],[-71.606608,42.56652],[-71.606782,42.566167],[-71.608707,42.56537],[-71.609033,42.563974],[-71.611112,42.562147],[-71.612492,42.559197],[-71.61192,42.556587],[-71.610885,42.554535],[-71.61129,42.553977],[-71.612004,42.553698],[-71.615549,42.553654],[-71.619928,42.552511],[-71.62521,42.550075],[-71.628189,42.548241],[-71.629913,42.546142],[-71.631807,42.5448],[-71.633707,42.541088],[-71.635886,42.54001],[-71.636468,42.536308],[-71.636367,42.53351],[-71.639207,42.530966],[-71.638758,42.528348],[-71.63674,42.525841],[-71.63587,42.524033],[-71.678975,42.53044],[-71.677625,42.539879],[-71.664602,42.611607],[-71.660474,42.635097],[-71.659188,42.634075],[-71.658034,42.634499],[-71.657687,42.63329],[-71.653086,42.630564],[-71.651762,42.630328],[-71.650998,42.629855],[-71.649475,42.627569],[-71.65009,42.627203],[-71.650188,42.626791],[-71.649215,42.626427],[-71.64921,42.625831],[-71.647936,42.624913],[-71.646976,42.625141],[-71.646975,42.626037],[-71.64732,42.626313],[-71.647141,42.626584],[-71.645808,42.625649],[-71.645734,42.625349],[-71.64632,42.625073],[-71.646151,42.624395],[-71.64503,42.624244],[-71.646038,42.623498],[-71.645145,42.622723],[-71.644403,42.622774],[-71.644192,42.622469],[-71.645197,42.6216],[-71.644274,42.62155],[-71.643675,42.620921],[-71.643731,42.619626],[-71.64467,42.618112],[-71.644264,42.617366],[-71.643301,42.617225],[-71.643304,42.616884],[-71.64402,42.616491],[-71.642323,42.614619],[-71.640658,42.613965],[-71.637686,42.613411],[-71.635715,42.612418],[-71.633845,42.612526],[-71.634201,42.611417],[-71.635376,42.61076],[-71.635365,42.61029],[-71.634607,42.60907],[-71.632482,42.607694],[-71.63069,42.607521],[-71.630088,42.607146],[-71.630382,42.606446],[-71.629874,42.60524],[-71.630302,42.603581],[-71.628928,42.602303],[-71.628418,42.602628],[-71.628367,42.603033],[-71.627583,42.60323],[-71.628381,42.600361],[-71.627235,42.599764],[-71.626191,42.598413],[-71.626038,42.596014],[-71.626677,42.594636],[-71.626039,42.593579],[-71.623309,42.592842],[-71.623499,42.592068],[-71.623232,42.59165],[-71.624139,42.590964],[-71.623036,42.589686],[-71.621471,42.588772],[-71.620368,42.587585],[-71.618913,42.587634],[-71.619119,42.587174],[-71.618694,42.586916],[-71.619393,42.586048],[-71.619304,42.58553],[-71.61883,42.58556],[-71.617899,42.586359],[-71.616724,42.585926],[-71.615595,42.586245],[-71.614534,42.586002],[-71.613798,42.585186],[-71.614896,42.584066],[-71.614481,42.5838],[-71.614465,42.583366],[-71.613298,42.582948],[-71.613623,42.581624],[-71.610828,42.5826],[-71.609945,42.582248],[-71.610885,42.581408],[-71.610727,42.581015],[-71.609193,42.581224],[-71.609944,42.579788]]]}},{"type":"Feature","properties":{"area_id":"271","layer":"municipality","name":"Shrewsbury","municipality_type":"town","county_id":"25027"},"geometry":{"type":"Polygon","coordinates":[[[-71.689714,42.318835],[-71.684364,42.31138],[-71.680422,42.30518],[-71.676967,42.286125],[-71.670116,42.278772],[-71.659175,42.266841],[-71.670619,42.261078],[-71.676442,42.254181],[-71.674456,42.252366],[-71.704648,42.248375],[-71.710962,42.245153],[-71.717987,42.245067],[-71.731238,42.241295],[-71.74608,42.243847],[-71.75128,42.254503],[-71.758543,42.29623],[-71.768268,42.311269],[-71.76724,42.311452],[-71.767193,42.313249],[-71.764442,42.312871],[-71.756531,42.312138],[-71.74142,42.317327],[-71.741795,42.315727],[-71.731825,42.317935],[-71.730214,42.321146],[-71.698674,42.332415],[-71.695466,42.330279],[-71.697644,42.329188],[-71.697597,42.32756],[-71.690966,42.328968],[-71.691141,42.326893],[-71.689538,42.325982],[-71.68788,42.32551],[-71.689714,42.318835]]]}},{"type":"Feature","properties":{"area_id":"272","layer":"municipality","name":"Shutesbury","municipality_type":"town","county_id":"25011"},"geometry":{"type":"Polygon","coordinates":[[[-72.368593,42.464494],[-72.38479,42.464639],[-72.382355,42.463695],[-72.38212,42.463249],[-72.382925,42.46204],[-72.381713,42.460624],[-72.380861,42.460244],[-72.38148,42.458907],[-72.382423,42.458073],[-72.38187,42.45496],[-72.382659,42.453207],[-72.381536,42.451887],[-72.381341,42.451141],[-72.379313,42.449311],[-72.379389,42.447666],[-72.378036,42.446426],[-72.37849,42.445429],[-72.379525,42.444973],[-72.379713,42.444432],[-72.37982,42.443713],[-72.379113,42.440964],[-72.379511,42.439824],[-72.380209,42.439536],[-72.38057,42.439001],[-72.379532,42.437915],[-72.378549,42.438092],[-72.375642,42.436389],[-72.375966,42.432887],[-72.376349,42.431763],[-72.376243,42.430871],[-72.375094,42.430018],[-72.374573,42.427592],[-72.376176,42.425761],[-72.376636,42.424621],[-72.376161,42.422915],[-72.375014,42.42083],[-72.483688,42.40749],[-72.489892,42.433825],[-72.452971,42.438616],[-72.440884,42.510385],[-72.36847,42.5025],[-72.368593,42.464494]]]}},{"type":"Feature","properties":{"area_id":"273","layer":"municipality","name":"Somerset","municipality_type":"town","county_id":"25005"},"geometry":{"type":"Polygon","coordinates":[[[-71.190659,41.744823],[-71.19039,41.74498],[-71.156305,41.739479],[-71.153165,41.789561],[-71.125372,41.790372],[-71.125396,41.790799],[-71.124267,41.790941],[-71.124292,41.789382],[-71.124817,41.788674],[-71.124772,41.7881],[-71.123821,41.787037],[-71.124275,41.786735],[-71.123737,41.78608],[-71.123631,41.785237],[-71.122898,41.784573],[-71.122082,41.782318],[-71.120991,41.781367],[-71.121576,41.780789],[-71.121279,41.778471],[-71.119235,41.776165],[-71.119074,41.775549],[-71.119526,41.774106],[-71.120238,41.773316],[-71.120293,41.771843],[-71.120642,41.771838],[-71.121124,41.772545],[-71.121267,41.773939],[-71.122625,41.773915],[-71.123324,41.772669],[-71.123159,41.772027],[-71.123627,41.772002],[-71.123721,41.771277],[-71.124777,41.770779],[-71.124426,41.770086],[-71.124497,41.769448],[-71.125386,41.767788],[-71.125755,41.767967],[-71.1256,41.767624],[-71.126045,41.767724],[-71.126657,41.767368],[-71.126695,41.767031],[-71.126215,41.766841],[-71.12649,41.766484],[-71.126059,41.766013],[-71.127297,41.764921],[-71.127424,41.764377],[-71.128467,41.763783],[-71.129724,41.76432],[-71.131071,41.764396],[-71.134216,41.764237],[-71.134714,41.763859],[-71.134915,41.762956],[-71.134417,41.762008],[-71.134455,41.76083],[-71.134226,41.760094],[-71.133844,41.759999],[-71.134134,41.759697],[-71.133926,41.75826],[-71.134288,41.757683],[-71.133811,41.75717],[-71.134581,41.756001],[-71.13438,41.755379],[-71.134651,41.754327],[-71.135436,41.75328],[-71.135019,41.752755],[-71.135352,41.752291],[-71.134959,41.751416],[-71.135107,41.750929],[-71.135587,41.751016],[-71.135715,41.750233],[-71.136355,41.749513],[-71.135813,41.748623],[-71.136397,41.747412],[-71.137559,41.747234],[-71.137921,41.746699],[-71.138397,41.746601],[-71.139032,41.745563],[-71.138723,41.745347],[-71.139416,41.745066],[-71.138966,41.744781],[-71.139513,41.744864],[-71.139347,41.744466],[-71.140014,41.744519],[-71.140607,41.743913],[-71.140905,41.742631],[-71.142704,41.742525],[-71.142584,41.741872],[-71.142014,41.74158],[-71.142172,41.740805],[-71.14371,41.73949],[-71.144039,41.738539],[-71.14563,41.736946],[-71.146808,41.735087],[-71.149606,41.734286],[-71.1521,41.734589],[-71.152671,41.733673],[-71.152237,41.733052],[-71.152532,41.731215],[-71.153857,41.727904],[-71.15357,41.727204],[-71.154252,41.727029],[-71.1547,41.726424],[-71.15616,41.725582],[-71.156257,41.725083],[-71.156774,41.725186],[-71.156487,41.724859],[-71.156633,41.724607],[-71.157991,41.724559],[-71.158226,41.723889],[-71.159614,41.722879],[-71.159765,41.722284],[-71.16061,41.722124],[-71.164903,41.719197],[-71.165683,41.718246],[-71.165532,41.718043],[-71.1662,41.718097],[-71.165919,41.717742],[-71.166022,41.717008],[-71.166492,41.716904],[-71.167686,41.715175],[-71.169534,41.714593],[-71.170859,41.713743],[-71.172808,41.713412],[-71.173865,41.712743],[-71.174292,41.71209],[-71.178527,41.709951],[-71.178904,41.709505],[-71.181951,41.710203],[-71.185499,41.711869],[-71.187834,41.712035],[-71.189259,41.71147],[-71.190063,41.71187],[-71.190634,41.711344],[-71.187693,41.708584],[-71.188662,41.707959],[-71.192074,41.708357],[-71.193515,41.707054],[-71.19434,41.706777],[-71.194954,41.707212],[-71.195024,41.707753],[-71.195756,41.707252],[-71.195021,41.708243],[-71.195488,41.710634],[-71.195203,41.712041],[-71.194545,41.712992],[-71.193151,41.713769],[-71.191663,41.713145],[-71.19339,41.714054],[-71.195256,41.712639],[-71.195857,41.711021],[-71.195389,41.708279],[-71.195905,41.707272],[-71.196029,41.707592],[-71.195573,41.708468],[-71.196008,41.710179],[-71.195796,41.712027],[-71.195184,41.713063],[-71.193155,41.714653],[-71.193051,41.715279],[-71.194768,41.717509],[-71.194763,41.718684],[-71.194081,41.71998],[-71.195664,41.720943],[-71.195304,41.721116],[-71.193894,41.720624],[-71.192654,41.720949],[-71.192372,41.7218],[-71.193346,41.722498],[-71.192703,41.722775],[-71.191576,41.722506],[-71.191095,41.721788],[-71.189886,41.721883],[-71.189835,41.721126],[-71.18922,41.72138],[-71.189925,41.722983],[-71.190596,41.723597],[-71.190147,41.725155],[-71.190224,41.725508],[-71.190888,41.725754],[-71.190983,41.727581],[-71.191778,41.72796],[-71.191286,41.728112],[-71.190865,41.729284],[-71.191672,41.730173],[-71.191614,41.730629],[-71.191351,41.73097],[-71.190239,41.730779],[-71.190548,41.731232],[-71.190092,41.731405],[-71.190163,41.733117],[-71.188314,41.734526],[-71.188266,41.734993],[-71.187487,41.73586],[-71.186668,41.73541],[-71.186468,41.734477],[-71.186199,41.734567],[-71.186101,41.735401],[-71.186434,41.735981],[-71.185933,41.736725],[-71.185418,41.736783],[-71.185724,41.737305],[-71.185273,41.737661],[-71.18548,41.737939],[-71.185249,41.738797],[-71.185997,41.739098],[-71.186775,41.74035],[-71.186201,41.740381],[-71.186389,41.74074],[-71.185904,41.741374],[-71.186627,41.741871],[-71.187391,41.743398],[-71.187001,41.744032],[-71.187271,41.744231],[-71.18819,41.74373],[-71.189569,41.744246],[-71.189859,41.744703],[-71.190524,41.744557],[-71.190659,41.744823]]]}},{"type":"Feature","properties":{"area_id":"274","layer":"municipality","name":"Somerville","municipality_type":"city","county_id":"25017"},"geometry":{"type":"Polygon","coordinates":[[[-71.090927,42.398368],[-71.08682,42.399483],[-71.08468,42.398679],[-71.083986,42.398931],[-71.083668,42.398768],[-71.083427,42.397787],[-71.082696,42.397332],[-71.077858,42.395751],[-71.077791,42.39601],[-71.076893,42.395748],[-71.076272,42.394635],[-71.075642,42.394985],[-71.075718,42.395314],[-71.075087,42.394133],[-71.075444,42.394483],[-71.076155,42.394315],[-71.074264,42.390574],[-71.079713,42.382929],[-71.080972,42.382332],[-71.080702,42.381049],[-71.075658,42.380204],[-71.072689,42.37323],[-71.074203,42.372535],[-71.075983,42.374039],[-71.077547,42.373573],[-71.078988,42.374182],[-71.079957,42.373817],[-71.080365,42.374127],[-71.081198,42.374065],[-71.082414,42.373419],[-71.084412,42.37331],[-71.085444,42.374054],[-71.086089,42.373068],[-71.089784,42.373957],[-71.093634,42.374257],[-71.103142,42.374337],[-71.108458,42.379121],[-71.10785,42.379379],[-71.1107,42.381696],[-71.111692,42.381776],[-71.115489,42.385046],[-71.118194,42.388018],[-71.117442,42.388385],[-71.117989,42.389088],[-71.117064,42.389574],[-71.120975,42.393716],[-71.122839,42.392252],[-71.131301,42.401589],[-71.134636,42.404268],[-71.134287,42.406413],[-71.132224,42.409532],[-71.132887,42.411981],[-71.132436,42.415228],[-71.131614,42.41552],[-71.131414,42.416985],[-71.129987,42.417575],[-71.12714,42.418046],[-71.126842,42.416813],[-71.129923,42.413336],[-71.126981,42.412317],[-71.12804,42.410719],[-71.12617,42.409294],[-71.125704,42.409997],[-71.123295,42.409178],[-71.123884,42.408236],[-71.121559,42.407444],[-71.121753,42.407125],[-71.115459,42.405128],[-71.11549,42.402914],[-71.113937,42.401025],[-71.112376,42.400236],[-71.100395,42.396233],[-71.096689,42.400463],[-71.092433,42.399095],[-71.090927,42.398368]]]}},{"type":"Feature","properties":{"area_id":"275","layer":"municipality","name":"South Hadley","municipality_type":"town","county_id":"25015"},"geometry":{"type":"Polygon","coordinates":[[[-72.531213,42.303634],[-72.527969,42.301464],[-72.527891,42.299847],[-72.531241,42.297945],[-72.533642,42.297299],[-72.535083,42.295551],[-72.537639,42.294653],[-72.539686,42.293075],[-72.540165,42.292364],[-72.539991,42.289819],[-72.540714,42.287625],[-72.541487,42.286559],[-72.543337,42.285863],[-72.546927,42.285151],[-72.55861,42.280659],[-72.555127,42.245054],[-72.546334,42.216475],[-72.59345,42.211566],[-72.596134,42.211783],[-72.600527,42.212754],[-72.603804,42.213876],[-72.60704,42.215605],[-72.61008,42.218198],[-72.61075,42.219429],[-72.61196,42.22362],[-72.613565,42.225591],[-72.615128,42.226818],[-72.622465,42.230221],[-72.623658,42.231665],[-72.623985,42.235934],[-72.61801,42.248379],[-72.611249,42.257259],[-72.607783,42.260589],[-72.60028,42.26532],[-72.599075,42.267727],[-72.598841,42.270676],[-72.599365,42.275345],[-72.600377,42.277401],[-72.60121,42.281268],[-72.605057,42.28441],[-72.60995,42.285233],[-72.602149,42.288031],[-72.595327,42.29444],[-72.587963,42.300367],[-72.57729,42.302989],[-72.569307,42.304498],[-72.564952,42.303842],[-72.544659,42.305692],[-72.539904,42.304136],[-72.535152,42.304261],[-72.531213,42.303634]]]}},{"type":"Feature","properties":{"area_id":"276","layer":"municipality","name":"Southampton","municipality_type":"town","county_id":"25015"},"geometry":{"type":"Polygon","coordinates":[[[-72.670034,42.216513],[-72.690516,42.213085],[-72.686267,42.189056],[-72.686862,42.183399],[-72.78104,42.199758],[-72.782112,42.21728],[-72.791988,42.21731],[-72.793415,42.236863],[-72.812578,42.234963],[-72.813419,42.245007],[-72.814406,42.256809],[-72.73576,42.266534],[-72.736301,42.276547],[-72.725021,42.278097],[-72.724714,42.277732],[-72.721239,42.276353],[-72.717053,42.276637],[-72.714543,42.276025],[-72.712754,42.275994],[-72.7112,42.274096],[-72.710498,42.273672],[-72.709827,42.271659],[-72.7089,42.270237],[-72.707765,42.269337],[-72.70736,42.269278],[-72.706944,42.269943],[-72.705501,42.269838],[-72.705208,42.269449],[-72.703301,42.269416],[-72.702484,42.269026],[-72.701471,42.269283],[-72.700779,42.268937],[-72.699747,42.269192],[-72.69939,42.269658],[-72.6985,42.269385],[-72.697933,42.268059],[-72.698155,42.267149],[-72.697082,42.267225],[-72.695469,42.265596],[-72.696639,42.263906],[-72.697299,42.263874],[-72.696949,42.263451],[-72.697088,42.263177],[-72.698365,42.262737],[-72.697912,42.262439],[-72.698488,42.262061],[-72.698698,42.260726],[-72.69853,42.260145],[-72.697987,42.259795],[-72.698522,42.25905],[-72.698775,42.259541],[-72.699156,42.259402],[-72.699157,42.258976],[-72.699887,42.258922],[-72.699442,42.258534],[-72.698796,42.258688],[-72.698676,42.258474],[-72.699176,42.258046],[-72.700618,42.258028],[-72.700373,42.257536],[-72.701459,42.257101],[-72.682647,42.244156],[-72.684483,42.242381],[-72.68728,42.23802],[-72.687191,42.236758],[-72.685998,42.234057],[-72.685838,42.23164],[-72.686678,42.225845],[-72.687644,42.223254],[-72.667771,42.225465],[-72.670034,42.216513]]]}},{"type":"Feature","properties":{"area_id":"277","layer":"municipality","name":"Southborough","municipality_type":"town","county_id":"25027"},"geometry":{"type":"Polygon","coordinates":[[[-71.48511,42.323172],[-71.485948,42.311236],[-71.497046,42.289837],[-71.505883,42.272946],[-71.506092,42.264401],[-71.507472,42.264109],[-71.508985,42.264495],[-71.510194,42.265395],[-71.510217,42.266165],[-71.511375,42.266012],[-71.51327,42.267379],[-71.514794,42.267751],[-71.518954,42.267721],[-71.520643,42.266606],[-71.522178,42.266463],[-71.524702,42.265889],[-71.527996,42.266533],[-71.532145,42.266156],[-71.534855,42.264986],[-71.538132,42.264522],[-71.539633,42.262802],[-71.540971,42.263211],[-71.541753,42.264004],[-71.543668,42.263939],[-71.544307,42.26445],[-71.543983,42.26457],[-71.544198,42.264831],[-71.544771,42.264762],[-71.544688,42.264452],[-71.545831,42.26471],[-71.545862,42.265238],[-71.546909,42.26527],[-71.54729,42.265652],[-71.547958,42.265548],[-71.548046,42.266022],[-71.550116,42.266032],[-71.542938,42.267189],[-71.542739,42.269751],[-71.580033,42.3059],[-71.585208,42.310958],[-71.569085,42.320382],[-71.551126,42.326404],[-71.516528,42.330345],[-71.508217,42.327937],[-71.486797,42.330198],[-71.48511,42.323172]]]}},{"type":"Feature","properties":{"area_id":"278","layer":"municipality","name":"Southbridge","municipality_type":"town with city form of government","county_id":"25027"},"geometry":{"type":"Polygon","coordinates":[[[-71.993332,42.065388],[-71.991572,42.057828],[-71.989748,42.05666],[-71.988744,42.055638],[-71.988246,42.05452],[-71.989045,42.044594],[-71.994698,42.031033],[-71.993126,42.026944],[-72.07177,42.027641],[-72.099754,42.028778],[-72.074436,42.058469],[-72.066433,42.072073],[-72.063384,42.072779],[-72.061001,42.071672],[-72.059964,42.072606],[-72.059412,42.07397],[-72.059456,42.074884],[-72.060797,42.077398],[-72.060759,42.079235],[-72.059274,42.08101],[-72.059158,42.082278],[-72.058716,42.082761],[-72.057165,42.083175],[-72.0551,42.083104],[-72.053403,42.082502],[-72.052097,42.088427],[-72.046763,42.103449],[-72.040518,42.104197],[-72.042019,42.111675],[-72.039617,42.112312],[-72.039077,42.109067],[-72.036191,42.109492],[-72.036288,42.108161],[-72.030846,42.109807],[-72.031761,42.114397],[-72.029052,42.115124],[-72.027604,42.107415],[-72.02549,42.107938],[-72.027288,42.105036],[-72.002994,42.096598],[-71.998138,42.097875],[-71.99608,42.087287],[-71.99388,42.087529],[-71.994882,42.085356],[-71.993372,42.0857],[-71.992664,42.083154],[-71.996588,42.082131],[-71.995747,42.077459],[-71.992502,42.078196],[-71.992844,42.072571],[-71.993332,42.065388]]]}},{"type":"Feature","properties":{"area_id":"279","layer":"municipality","name":"Southwick","municipality_type":"town","county_id":"25013"},"geometry":{"type":"Polygon","coordinates":[[[-72.706731,42.0738],[-72.70615,42.073476],[-72.708079,42.064493],[-72.707632,42.059254],[-72.708076,42.055551],[-72.711618,42.04808],[-72.71262,42.043949],[-72.712462,42.041233],[-72.713121,42.038916],[-72.714562,42.036919],[-72.714557,42.036561],[-72.755895,42.036358],[-72.756047,42.034952],[-72.756804,42.034394],[-72.757302,42.03339],[-72.754642,42.032604],[-72.752554,42.031257],[-72.751945,42.030139],[-72.752063,42.029034],[-72.752968,42.027824],[-72.753843,42.027267],[-72.754537,42.025769],[-72.755781,42.02474],[-72.756653,42.022935],[-72.756592,42.021886],[-72.757342,42.020987],[-72.758361,42.020838],[-72.759233,42.021086],[-72.759435,42.022171],[-72.760568,42.022658],[-72.761412,42.022721],[-72.763488,42.021192],[-72.763813,42.021253],[-72.763953,42.021926],[-72.765253,42.022374],[-72.765304,42.021901],[-72.764588,42.021522],[-72.764478,42.020881],[-72.76537,42.020354],[-72.765807,42.019576],[-72.764631,42.019962],[-72.762948,42.019692],[-72.762019,42.017705],[-72.760736,42.017108],[-72.76007,42.017323],[-72.759827,42.016952],[-72.76,42.016364],[-72.759403,42.01625],[-72.758951,42.015478],[-72.759697,42.015119],[-72.760625,42.015699],[-72.761005,42.014712],[-72.762978,42.013474],[-72.763068,42.011991],[-72.761919,42.010159],[-72.761393,42.009885],[-72.761502,42.00931],[-72.762978,42.008553],[-72.764875,42.008379],[-72.766254,42.007879],[-72.766734,42.003274],[-72.817054,41.997694],[-72.813785,42.036752],[-72.834969,42.037088],[-72.834129,42.058337],[-72.836557,42.062329],[-72.838944,42.069273],[-72.835732,42.074517],[-72.832407,42.084181],[-72.833441,42.094339],[-72.837213,42.102227],[-72.70599,42.080806],[-72.706731,42.0738]]]}},{"type":"Feature","properties":{"area_id":"280","layer":"municipality","name":"Spencer","municipality_type":"town","county_id":"25027"},"geometry":{"type":"Polygon","coordinates":[[[-71.939358,42.189247],[-72.019888,42.183771],[-72.030359,42.245209],[-72.041169,42.308706],[-71.989407,42.310196],[-71.967296,42.310707],[-71.960535,42.281435],[-71.939358,42.189247]]]}},{"type":"Feature","properties":{"area_id":"281","layer":"municipality","name":"Springfield","municipality_type":"city","county_id":"25013"},"geometry":{"type":"Polygon","coordinates":[[[-72.471088,42.08973],[-72.539685,42.081192],[-72.536641,42.063745],[-72.589384,42.072199],[-72.587003,42.07514],[-72.583615,42.078092],[-72.582673,42.079527],[-72.582581,42.080367],[-72.584114,42.087006],[-72.584913,42.088852],[-72.58562,42.090029],[-72.588523,42.093244],[-72.592637,42.097447],[-72.596766,42.100353],[-72.601078,42.102475],[-72.610398,42.106285],[-72.615211,42.109488],[-72.620947,42.11639],[-72.622158,42.120671],[-72.621491,42.12378],[-72.540817,42.157558],[-72.540317,42.155346],[-72.539562,42.154892],[-72.537976,42.154817],[-72.537223,42.155316],[-72.536464,42.156973],[-72.535802,42.157487],[-72.533378,42.157374],[-72.528737,42.158313],[-72.524737,42.160269],[-72.52176,42.16119],[-72.520144,42.161291],[-72.515979,42.160826],[-72.513415,42.160915],[-72.510755,42.160492],[-72.505276,42.162217],[-72.493811,42.161231],[-72.491718,42.161395],[-72.489252,42.162094],[-72.488927,42.161574],[-72.489888,42.159693],[-72.489721,42.159219],[-72.488899,42.159073],[-72.487633,42.159948],[-72.48679,42.159852],[-72.486663,42.159359],[-72.487823,42.15876],[-72.488098,42.157961],[-72.487186,42.157305],[-72.484558,42.156524],[-72.471088,42.08973]]]}},{"type":"Feature","properties":{"area_id":"282","layer":"municipality","name":"Sterling","municipality_type":"town","county_id":"25027"},"geometry":{"type":"Polygon","coordinates":[[[-71.71868,42.473381],[-71.718363,42.410229],[-71.72158,42.409248],[-71.725981,42.390298],[-71.74192,42.386859],[-71.741917,42.392782],[-71.763306,42.400376],[-71.777737,42.400418],[-71.786554,42.398988],[-71.817768,42.403963],[-71.831746,42.431835],[-71.814232,42.444008],[-71.814562,42.444567],[-71.813101,42.445358],[-71.813871,42.445827],[-71.815321,42.445816],[-71.817887,42.446617],[-71.819418,42.448656],[-71.819012,42.449023],[-71.819104,42.449885],[-71.821026,42.450508],[-71.820083,42.452017],[-71.820738,42.45335],[-71.822012,42.454507],[-71.822008,42.454913],[-71.82157,42.455214],[-71.821639,42.455666],[-71.823346,42.457384],[-71.82396,42.45885],[-71.823677,42.460323],[-71.823906,42.461616],[-71.825367,42.462352],[-71.825569,42.463154],[-71.827268,42.46365],[-71.827219,42.465805],[-71.82787,42.466938],[-71.827615,42.468054],[-71.828227,42.469267],[-71.8278,42.47207],[-71.835601,42.483603],[-71.830021,42.492195],[-71.728406,42.475142],[-71.71868,42.473381]]]}},{"type":"Feature","properties":{"area_id":"283","layer":"municipality","name":"Stockbridge","municipality_type":"town","county_id":"25003"},"geometry":{"type":"Polygon","coordinates":[[[-73.28814,42.352344],[-73.288281,42.323545],[-73.289195,42.257505],[-73.364466,42.258515],[-73.364488,42.259057],[-73.365927,42.259154],[-73.364734,42.319043],[-73.352298,42.320118],[-73.3505,42.339459],[-73.340958,42.351884],[-73.330772,42.351992],[-73.28814,42.352344]]]}},{"type":"Feature","properties":{"area_id":"284","layer":"municipality","name":"Stoneham","municipality_type":"town","county_id":"25017"},"geometry":{"type":"Polygon","coordinates":[[[-71.079191,42.461657],[-71.082117,42.443949],[-71.085639,42.444696],[-71.104868,42.448888],[-71.119403,42.453454],[-71.109522,42.473904],[-71.112053,42.473815],[-71.116796,42.494648],[-71.121738,42.498746],[-71.11976,42.500301],[-71.100729,42.502251],[-71.090116,42.50127],[-71.085503,42.492267],[-71.075242,42.488017],[-71.0766,42.477501],[-71.077708,42.477401],[-71.078153,42.474029],[-71.079191,42.461657]]]}},{"type":"Feature","properties":{"area_id":"285","layer":"municipality","name":"Stoughton","municipality_type":"town","county_id":"25021"},"geometry":{"type":"Polygon","coordinates":[[[-71.080484,42.095548],[-71.138642,42.07277],[-71.139064,42.075039],[-71.138466,42.076589],[-71.139105,42.077236],[-71.139502,42.078283],[-71.139673,42.081133],[-71.138793,42.083507],[-71.139509,42.084875],[-71.137717,42.088711],[-71.135954,42.090703],[-71.134204,42.095045],[-71.133013,42.097117],[-71.132419,42.099047],[-71.131468,42.100433],[-71.131194,42.101866],[-71.131754,42.104378],[-71.13173,42.10654],[-71.133583,42.111189],[-71.135788,42.11352],[-71.139103,42.120244],[-71.145907,42.125282],[-71.147156,42.126496],[-71.148224,42.128157],[-71.148543,42.13117],[-71.149768,42.133668],[-71.150166,42.135862],[-71.149164,42.13862],[-71.144549,42.137706],[-71.14078,42.138069],[-71.139916,42.13988],[-71.138649,42.139971],[-71.138651,42.141016],[-71.138393,42.141214],[-71.13879,42.141508],[-71.13856,42.141909],[-71.137743,42.142135],[-71.137614,42.142501],[-71.135333,42.141908],[-71.134689,42.143748],[-71.131228,42.143051],[-71.131019,42.142498],[-71.131854,42.139316],[-71.095625,42.147915],[-71.066624,42.164066],[-71.056512,42.153824],[-71.063847,42.140483],[-71.065039,42.138731],[-71.070974,42.132154],[-71.060336,42.106972],[-71.061314,42.10318],[-71.080484,42.095548]]]}},{"type":"Feature","properties":{"area_id":"286","layer":"municipality","name":"Stow","municipality_type":"town","county_id":"25017"},"geometry":{"type":"Polygon","coordinates":[[[-71.464329,42.450329],[-71.478383,42.437112],[-71.469444,42.402602],[-71.472672,42.390027],[-71.486117,42.39328],[-71.487739,42.394977],[-71.48695,42.396033],[-71.48992,42.396341],[-71.490886,42.395238],[-71.491434,42.395302],[-71.492978,42.396408],[-71.500453,42.39543],[-71.502448,42.396216],[-71.50247,42.397233],[-71.503528,42.397488],[-71.510806,42.397533],[-71.517925,42.398163],[-71.526823,42.396075],[-71.528051,42.401533],[-71.559101,42.411952],[-71.548904,42.447317],[-71.543394,42.466461],[-71.498548,42.463784],[-71.464329,42.450329]]]}},{"type":"Feature","properties":{"area_id":"287","layer":"municipality","name":"Sturbridge","municipality_type":"town","county_id":"25027"},"geometry":{"type":"Polygon","coordinates":[[[-72.040518,42.104197],[-72.046763,42.103449],[-72.052097,42.088427],[-72.053403,42.082502],[-72.0551,42.083104],[-72.057165,42.083175],[-72.058716,42.082761],[-72.059158,42.082278],[-72.059274,42.08101],[-72.060759,42.079235],[-72.060797,42.077398],[-72.059456,42.074884],[-72.059412,42.07397],[-72.059964,42.072606],[-72.061001,42.071672],[-72.063384,42.072779],[-72.066433,42.072073],[-72.074436,42.058469],[-72.099754,42.028778],[-72.135716,42.030231],[-72.135113,42.090674],[-72.135012,42.161792],[-72.11152,42.164464],[-72.108681,42.151597],[-72.086753,42.154444],[-72.089416,42.167147],[-72.07245,42.169287],[-72.029441,42.174433],[-72.024016,42.141795],[-72.046817,42.134934],[-72.042019,42.111675],[-72.040518,42.104197]]]}},{"type":"Feature","properties":{"area_id":"288","layer":"municipality","name":"Sudbury","municipality_type":"town","county_id":"25017"},"geometry":{"type":"MultiPolygon","coordinates":[[[[-71.391799,42.361846],[-71.39081,42.355246],[-71.390113,42.354821],[-71.388962,42.350032],[-71.38794,42.348645],[-71.387683,42.344702],[-71.391695,42.345216],[-71.393248,42.344181],[-71.397945,42.343217],[-71.39805,42.342759],[-71.396718,42.341054],[-71.483299,42.35314],[-71.475506,42.380641],[-71.472672,42.390027],[-71.469444,42.402602],[-71.442621,42.406965],[-71.430395,42.436948],[-71.366353,42.412723],[-71.367428,42.412149],[-71.367499,42.41072],[-71.374089,42.408323],[-71.37463,42.407847],[-71.374743,42.407162],[-71.373773,42.405652],[-71.370371,42.405086],[-71.368146,42.404038],[-71.368613,42.402856],[-71.370077,42.400881],[-71.369469,42.400658],[-71.368291,42.401001],[-71.367225,42.400212],[-71.369932,42.398658],[-71.369917,42.398299],[-71.368691,42.397559],[-71.366488,42.397189],[-71.365055,42.396499],[-71.362006,42.39619],[-71.361673,42.395283],[-71.362358,42.39352],[-71.361834,42.392261],[-71.362656,42.391792],[-71.364027,42.39239],[-71.364837,42.392181],[-71.365314,42.391241],[-71.364439,42.390031],[-71.365607,42.389424],[-71.367839,42.390069],[-71.368701,42.389975],[-71.370397,42.388508],[-71.372443,42.389348],[-71.372519,42.387581],[-71.373005,42.387134],[-71.373748,42.387219],[-71.375004,42.388735],[-71.375577,42.388636],[-71.376398,42.387853],[-71.377436,42.387709],[-71.377257,42.386714],[-71.378466,42.385973],[-71.378577,42.384619],[-71.381365,42.383429],[-71.383774,42.380758],[-71.383987,42.379783],[-71.382974,42.378221],[-71.383485,42.376621],[-71.384468,42.376598],[-71.387828,42.375282],[-71.3867,42.373062],[-71.387689,42.372729],[-71.388783,42.37149],[-71.38742,42.369962],[-71.390086,42.367957],[-71.390238,42.365393],[-71.390032,42.36524],[-71.391799,42.361846]]],[[[-71.388968,42.364915],[-71.387211,42.365459],[-71.384189,42.365834],[-71.383397,42.36279],[-71.386039,42.361293],[-71.38666,42.36141],[-71.389041,42.36466],[-71.390032,42.36524],[-71.388968,42.364915]]],[[[-71.388799,42.366335],[-71.389941,42.365343],[-71.390038,42.367476],[-71.388799,42.366335]]]]}},{"type":"Feature","properties":{"area_id":"289","layer":"municipality","name":"Sunderland","municipality_type":"town","county_id":"25011"},"geometry":{"type":"Polygon","coordinates":[[[-72.544201,42.427159],[-72.581103,42.422584],[-72.58306,42.427665],[-72.589361,42.448617],[-72.589557,42.452521],[-72.589113,42.456423],[-72.587478,42.462363],[-72.585457,42.466843],[-72.581901,42.472151],[-72.575842,42.478069],[-72.573244,42.47954],[-72.571205,42.48187],[-72.570714,42.483748],[-72.570848,42.48823],[-72.569331,42.491225],[-72.568234,42.496631],[-72.567768,42.497539],[-72.565315,42.499958],[-72.561644,42.502464],[-72.556781,42.506491],[-72.52093,42.510232],[-72.524335,42.476516],[-72.534659,42.458483],[-72.53428,42.442221],[-72.53097,42.428862],[-72.544201,42.427159]]]}},{"type":"Feature","properties":{"area_id":"290","layer":"municipality","name":"Sutton","municipality_type":"town","county_id":"25027"},"geometry":{"type":"Polygon","coordinates":[[[-71.693689,42.161228],[-71.691408,42.149242],[-71.693714,42.136167],[-71.704659,42.12527],[-71.692012,42.120301],[-71.707806,42.09993],[-71.685542,42.107274],[-71.679972,42.103404],[-71.679989,42.100163],[-71.696606,42.097188],[-71.696667,42.095336],[-71.768088,42.081779],[-71.77463,42.100343],[-71.792395,42.100735],[-71.797178,42.09918],[-71.817954,42.133274],[-71.829531,42.129399],[-71.831943,42.143784],[-71.829588,42.144876],[-71.74415,42.182443],[-71.740534,42.179215],[-71.733773,42.183513],[-71.73397,42.186758],[-71.723536,42.191493],[-71.718625,42.172962],[-71.695205,42.175797],[-71.691419,42.163117],[-71.693689,42.161228]]]}},{"type":"Feature","properties":{"area_id":"291","layer":"municipality","name":"Swampscott","municipality_type":"town","county_id":"25009"},"geometry":{"type":"Polygon","coordinates":[[[-70.879478,42.478745],[-70.881784,42.476625],[-70.883543,42.473514],[-70.887666,42.468419],[-70.887825,42.466948],[-70.886851,42.466533],[-70.886821,42.465809],[-70.886014,42.465082],[-70.886663,42.465237],[-70.888369,42.464368],[-70.888337,42.464741],[-70.8892,42.464672],[-70.889308,42.464106],[-70.890179,42.463925],[-70.889907,42.463794],[-70.890084,42.463593],[-70.891265,42.463087],[-70.891485,42.463398],[-70.892124,42.463264],[-70.893256,42.461409],[-70.893793,42.46166],[-70.894489,42.461378],[-70.8947,42.460936],[-70.894327,42.460391],[-70.89559,42.460373],[-70.895665,42.460725],[-70.896306,42.460848],[-70.89677,42.460694],[-70.897082,42.461549],[-70.899955,42.462381],[-70.900253,42.463199],[-70.901534,42.463642],[-70.905412,42.46346],[-70.906127,42.462875],[-70.90634,42.463062],[-70.906604,42.462707],[-70.906968,42.462885],[-70.906939,42.462658],[-70.907366,42.462608],[-70.907889,42.462911],[-70.907999,42.463353],[-70.907163,42.464232],[-70.907456,42.464304],[-70.90768,42.463944],[-70.908042,42.464591],[-70.906798,42.465273],[-70.907475,42.466149],[-70.90937,42.466962],[-70.911039,42.467116],[-70.912474,42.466845],[-70.912829,42.467084],[-70.913356,42.466588],[-70.915111,42.466593],[-70.916842,42.46677],[-70.917865,42.46743],[-70.921416,42.465747],[-70.934112,42.490842],[-70.90654,42.484272],[-70.905091,42.484847],[-70.90178,42.485368],[-70.899034,42.48468],[-70.879478,42.478745]]]}},{"type":"Feature","properties":{"area_id":"292","layer":"municipality","name":"Swansea","municipality_type":"town","county_id":"25005"},"geometry":{"type":"Polygon","coordinates":[[[-71.156305,41.739479],[-71.19039,41.74498],[-71.190659,41.744823],[-71.190524,41.744557],[-71.190517,41.743513],[-71.189172,41.743289],[-71.188191,41.742695],[-71.187142,41.741379],[-71.186802,41.740429],[-71.187378,41.740333],[-71.188183,41.739122],[-71.187996,41.738275],[-71.188854,41.737663],[-71.189338,41.736339],[-71.190321,41.735825],[-71.190765,41.737404],[-71.190424,41.738463],[-71.191005,41.739024],[-71.190137,41.740618],[-71.190529,41.740928],[-71.191658,41.740454],[-71.191909,41.73978],[-71.191574,41.738608],[-71.192051,41.737314],[-71.19175,41.736668],[-71.192133,41.735597],[-71.191264,41.73437],[-71.191751,41.733502],[-71.191604,41.733239],[-71.193157,41.732093],[-71.192531,41.731512],[-71.191898,41.731389],[-71.191822,41.730516],[-71.192369,41.730279],[-71.193335,41.73065],[-71.194401,41.729109],[-71.191935,41.728188],[-71.193983,41.728572],[-71.193406,41.727253],[-71.194168,41.726072],[-71.194139,41.725162],[-71.195024,41.724814],[-71.195086,41.724384],[-71.196026,41.723789],[-71.195992,41.72311],[-71.19552,41.722499],[-71.196216,41.721806],[-71.196082,41.721072],[-71.196899,41.719424],[-71.196631,41.719035],[-71.197561,41.718813],[-71.198687,41.716831],[-71.200061,41.715818],[-71.200816,41.714802],[-71.201111,41.713667],[-71.201873,41.712891],[-71.202018,41.712335],[-71.201764,41.712095],[-71.20223,41.711876],[-71.202287,41.711115],[-71.203367,41.710803],[-71.203764,41.709976],[-71.205853,41.709406],[-71.206187,41.708976],[-71.208987,41.708372],[-71.21039,41.709149],[-71.210031,41.709234],[-71.209997,41.709574],[-71.210635,41.710223],[-71.214395,41.711039],[-71.216331,41.71216],[-71.216615,41.713038],[-71.216049,41.713871],[-71.215689,41.713642],[-71.216217,41.713268],[-71.215898,41.713102],[-71.216054,41.712578],[-71.215219,41.712256],[-71.214083,41.712863],[-71.213396,41.713848],[-71.213415,41.714415],[-71.214702,41.714938],[-71.215137,41.714753],[-71.215455,41.713896],[-71.215786,41.714217],[-71.215273,41.715084],[-71.212711,41.71486],[-71.211317,41.716219],[-71.210912,41.717262],[-71.208275,41.717877],[-71.207009,41.718986],[-71.206224,41.721672],[-71.20677,41.722139],[-71.206547,41.722669],[-71.207192,41.722772],[-71.207456,41.722469],[-71.207137,41.721683],[-71.207763,41.72039],[-71.207561,41.719705],[-71.210586,41.722384],[-71.215415,41.724131],[-71.216032,41.724646],[-71.220714,41.725408],[-71.22201,41.726184],[-71.223783,41.726668],[-71.222657,41.726736],[-71.222666,41.728021],[-71.222206,41.728657],[-71.221828,41.727709],[-71.222003,41.726797],[-71.221338,41.726295],[-71.220126,41.725995],[-71.219579,41.726537],[-71.218269,41.726149],[-71.2158,41.726699],[-71.215579,41.725898],[-71.214402,41.725045],[-71.213202,41.725389],[-71.211578,41.726671],[-71.209822,41.727171],[-71.210087,41.727396],[-71.210701,41.727103],[-71.212974,41.727674],[-71.21321,41.72827],[-71.214243,41.728555],[-71.215404,41.729772],[-71.215419,41.730174],[-71.214801,41.730405],[-71.21452,41.730906],[-71.215345,41.732502],[-71.21532,41.733364],[-71.215094,41.733652],[-71.214227,41.73338],[-71.213337,41.734281],[-71.210703,41.735384],[-71.209847,41.736079],[-71.206205,41.734431],[-71.204329,41.735378],[-71.202673,41.73495],[-71.202636,41.735462],[-71.203249,41.735933],[-71.20255,41.736323],[-71.201291,41.735968],[-71.201532,41.736513],[-71.200706,41.737231],[-71.200647,41.738092],[-71.200062,41.739019],[-71.20065,41.73973],[-71.200352,41.740809],[-71.200766,41.741613],[-71.200414,41.74185],[-71.200965,41.741958],[-71.202072,41.742906],[-71.201984,41.743354],[-71.202494,41.743704],[-71.203077,41.743506],[-71.203311,41.742823],[-71.202713,41.74261],[-71.202634,41.742028],[-71.201977,41.741745],[-71.201666,41.740556],[-71.202027,41.740062],[-71.201927,41.739526],[-71.202566,41.739091],[-71.202463,41.738514],[-71.203173,41.738119],[-71.203334,41.737427],[-71.202788,41.736561],[-71.203169,41.736244],[-71.203972,41.736146],[-71.204819,41.736917],[-71.205849,41.737257],[-71.207201,41.736955],[-71.20754,41.737262],[-71.207253,41.73773],[-71.207838,41.738186],[-71.208233,41.737817],[-71.210159,41.73806],[-71.210228,41.738858],[-71.211455,41.73919],[-71.211104,41.738523],[-71.21183,41.737347],[-71.21191,41.736473],[-71.212867,41.735662],[-71.213992,41.735382],[-71.215812,41.73424],[-71.215945,41.733919],[-71.215576,41.733759],[-71.215755,41.733465],[-71.216365,41.733707],[-71.217074,41.733432],[-71.216793,41.732088],[-71.219513,41.730867],[-71.220391,41.731241],[-71.22108,41.731077],[-71.221762,41.730372],[-71.223193,41.730707],[-71.22457,41.73063],[-71.224327,41.731379],[-71.225269,41.731144],[-71.22543,41.730782],[-71.225896,41.730857],[-71.226331,41.730045],[-71.226124,41.728836],[-71.226563,41.727679],[-71.224475,41.726843],[-71.226751,41.727256],[-71.22788,41.726943],[-71.226077,41.726379],[-71.225244,41.726535],[-71.225905,41.726271],[-71.226087,41.725844],[-71.226253,41.723719],[-71.225352,41.720372],[-71.225291,41.718338],[-71.224368,41.717743],[-71.224964,41.717772],[-71.225436,41.717337],[-71.225247,41.715629],[-71.225978,41.71453],[-71.225947,41.713684],[-71.226404,41.712641],[-71.261068,41.752091],[-71.279977,41.76013],[-71.279509,41.760447],[-71.279454,41.761091],[-71.278935,41.761129],[-71.279231,41.761734],[-71.277875,41.76184],[-71.278132,41.762159],[-71.277749,41.762246],[-71.278347,41.762676],[-71.27792,41.762987],[-71.278194,41.763183],[-71.277482,41.763485],[-71.277918,41.764279],[-71.277242,41.76454],[-71.277148,41.764871],[-71.278235,41.764688],[-71.280383,41.764981],[-71.28071,41.76437],[-71.282306,41.763176],[-71.282359,41.762668],[-71.283158,41.762146],[-71.283245,41.761584],[-71.283572,41.761648],[-71.2834,41.762331],[-71.282525,41.762658],[-71.282845,41.763043],[-71.282125,41.763584],[-71.282629,41.764053],[-71.282229,41.764606],[-71.282595,41.765066],[-71.281527,41.765983],[-71.282215,41.766367],[-71.282346,41.76693],[-71.281091,41.768191],[-71.281479,41.769115],[-71.281037,41.769822],[-71.281267,41.770164],[-71.281013,41.770855],[-71.282027,41.772214],[-71.283273,41.772122],[-71.281912,41.770387],[-71.28207,41.769516],[-71.282454,41.768976],[-71.283842,41.769684],[-71.284549,41.769225],[-71.283821,41.767973],[-71.284475,41.766235],[-71.285597,41.764972],[-71.286222,41.763386],[-71.286749,41.762998],[-71.316366,41.775567],[-71.292457,41.774889],[-71.283589,41.774811],[-71.187777,41.783165],[-71.193489,41.816539],[-71.17623,41.815913],[-71.171053,41.789378],[-71.153165,41.789561],[-71.156305,41.739479]]]}},{"type":"Feature","properties":{"area_id":"293","layer":"municipality","name":"Taunton","municipality_type":"city","county_id":"25005"},"geometry":{"type":"Polygon","coordinates":[[[-71.085332,41.982352],[-71.082438,41.9799],[-71.080661,41.977308],[-71.080328,41.975508],[-71.081084,41.972245],[-71.083107,41.968898],[-71.083765,41.965626],[-71.080524,41.959545],[-71.083532,41.954623],[-71.08559,41.949943],[-71.086276,41.94626],[-71.090206,41.941555],[-71.091875,41.94046],[-71.091942,41.939902],[-71.0927,41.939002],[-71.063347,41.903274],[-71.058522,41.902535],[-71.055438,41.90117],[-71.05469,41.902101],[-71.054358,41.904134],[-71.053824,41.904749],[-71.052573,41.90501],[-71.048591,41.904847],[-71.047682,41.904479],[-71.046446,41.902591],[-71.045308,41.901779],[-71.045079,41.901225],[-71.045449,41.89977],[-71.045254,41.89897],[-71.041629,41.894872],[-71.043467,41.894049],[-71.04363,41.895023],[-71.044168,41.895223],[-71.047242,41.893486],[-71.04699,41.893129],[-71.0457,41.892863],[-71.044731,41.89162],[-71.047091,41.89089],[-71.04749,41.889792],[-71.048681,41.889068],[-71.048633,41.888435],[-71.047682,41.88669],[-71.044927,41.885366],[-71.043983,41.885536],[-71.043225,41.886435],[-71.042547,41.886496],[-71.042455,41.885866],[-71.043249,41.884607],[-71.043167,41.884156],[-71.042682,41.883901],[-71.041822,41.884245],[-71.04085,41.885444],[-71.038306,41.885719],[-71.037706,41.885242],[-71.038066,41.883771],[-71.037333,41.88346],[-71.035205,41.885509],[-71.032887,41.886749],[-71.029261,41.885983],[-71.026071,41.886262],[-71.023948,41.886871],[-71.020923,41.889311],[-71.017044,41.889596],[-71.016086,41.890264],[-71.014854,41.892142],[-71.013475,41.892453],[-71.013104,41.892415],[-71.011876,41.890053],[-71.00862,41.890519],[-71.00552,41.884592],[-71.003355,41.885061],[-71.003598,41.883028],[-70.994984,41.885116],[-70.992115,41.889747],[-70.993726,41.891128],[-70.993631,41.894358],[-70.994453,41.897044],[-70.999933,41.896914],[-70.997738,41.899743],[-70.995367,41.903947],[-70.993152,41.906454],[-70.99185,41.90609],[-70.99134,41.906562],[-70.990592,41.906698],[-70.98968,41.906502],[-70.988902,41.905813],[-70.987256,41.905816],[-70.977543,41.876194],[-70.973718,41.860888],[-70.978309,41.857255],[-70.986084,41.853907],[-70.988636,41.85123],[-70.995473,41.84726],[-71.007443,41.838502],[-71.033355,41.850052],[-71.072755,41.870004],[-71.076446,41.872979],[-71.094201,41.872599],[-71.093265,41.872689],[-71.09287,41.873227],[-71.093187,41.874308],[-71.093992,41.875267],[-71.094642,41.875083],[-71.09358,41.873785],[-71.093539,41.873298],[-71.093898,41.873006],[-71.099693,41.87269],[-71.10301,41.871776],[-71.103649,41.871069],[-71.103646,41.869318],[-71.104861,41.868451],[-71.10458,41.868032],[-71.104608,41.865983],[-71.105147,41.864067],[-71.104554,41.860876],[-71.106859,41.860214],[-71.1078,41.8591],[-71.10772,41.857541],[-71.108665,41.856152],[-71.108923,41.854295],[-71.11065,41.855174],[-71.112605,41.855651],[-71.113836,41.855831],[-71.115323,41.855398],[-71.11694,41.857042],[-71.119788,41.857364],[-71.121186,41.858794],[-71.122427,41.861942],[-71.122615,41.863801],[-71.122323,41.8644],[-71.121483,41.864338],[-71.121279,41.86459],[-71.122682,41.86635],[-71.123799,41.866858],[-71.124672,41.866518],[-71.125886,41.8678],[-71.129032,41.867878],[-71.130419,41.868365],[-71.130738,41.869014],[-71.130638,41.870289],[-71.186786,41.879351],[-71.193901,41.910774],[-71.15567,41.938007],[-71.125751,41.967],[-71.100851,41.993187],[-71.08715,41.99084],[-71.085332,41.982352]]]}},{"type":"Feature","properties":{"area_id":"294","layer":"municipality","name":"Templeton","municipality_type":"town","county_id":"25027"},"geometry":{"type":"Polygon","coordinates":[[[-72.035984,42.593866],[-72.041812,42.591985],[-72.04221,42.589373],[-72.039718,42.587706],[-72.039445,42.586858],[-72.038803,42.58649],[-72.039316,42.585572],[-72.04161,42.584784],[-72.04232,42.583895],[-72.041515,42.582903],[-72.042039,42.582145],[-72.041547,42.580877],[-72.042218,42.580016],[-72.040387,42.578623],[-72.037849,42.578417],[-72.037511,42.577874],[-72.038234,42.577333],[-72.037966,42.57708],[-72.037055,42.577418],[-72.036324,42.578206],[-72.035495,42.580113],[-72.0346,42.580001],[-72.031725,42.578336],[-72.032927,42.576333],[-72.032432,42.575892],[-72.031115,42.575956],[-72.031219,42.57422],[-72.030725,42.573982],[-72.02946,42.574264],[-72.027442,42.573939],[-72.026699,42.573274],[-72.023802,42.573534],[-72.023245,42.573857],[-72.023033,42.574453],[-72.020022,42.575509],[-72.019596,42.575922],[-72.019494,42.576663],[-72.01789,42.576474],[-72.01703,42.575543],[-72.016871,42.574408],[-72.016328,42.574222],[-72.016,42.573664],[-72.01705,42.572272],[-72.019243,42.571231],[-72.019455,42.570786],[-72.018783,42.570346],[-72.016578,42.569891],[-72.015,42.567952],[-72.027012,42.56325],[-72.001378,42.546619],[-72.082039,42.495631],[-72.081516,42.498197],[-72.081904,42.49886],[-72.080478,42.498988],[-72.08034,42.499263],[-72.08266,42.500304],[-72.082373,42.501578],[-72.083147,42.503765],[-72.083585,42.504412],[-72.085007,42.504945],[-72.083988,42.506618],[-72.083767,42.508571],[-72.084063,42.509259],[-72.084549,42.509526],[-72.084473,42.510487],[-72.08529,42.512065],[-72.08591,42.512693],[-72.086693,42.512916],[-72.088573,42.515741],[-72.0912,42.517059],[-72.090966,42.518093],[-72.091916,42.518659],[-72.091922,42.519711],[-72.090836,42.52066],[-72.092178,42.52135],[-72.091324,42.521906],[-72.091551,42.522633],[-72.090665,42.523988],[-72.095392,42.535515],[-72.126936,42.575297],[-72.121597,42.578452],[-72.124788,42.610088],[-72.124647,42.610748],[-72.125222,42.611713],[-72.126422,42.611606],[-72.128943,42.61222],[-72.129742,42.612851],[-72.129652,42.613308],[-72.130813,42.614669],[-72.131837,42.614765],[-72.131414,42.615014],[-72.131937,42.615055],[-72.131475,42.615448],[-72.132181,42.615984],[-72.132086,42.616549],[-72.1326,42.616916],[-72.133202,42.616497],[-72.134432,42.617158],[-72.134264,42.617921],[-72.13471,42.618011],[-72.134636,42.618457],[-72.135481,42.61858],[-72.136229,42.619165],[-72.136179,42.619773],[-72.135641,42.620462],[-72.136236,42.620793],[-72.136136,42.62115],[-72.136742,42.621064],[-72.136508,42.621454],[-72.137154,42.621937],[-72.136988,42.622595],[-72.138171,42.622864],[-72.138953,42.623955],[-72.116632,42.626616],[-72.075751,42.625245],[-72.046095,42.60186],[-72.035984,42.593866]]]}},{"type":"Feature","properties":{"area_id":"295","layer":"municipality","name":"Tewksbury","municipality_type":"town","county_id":"25017"},"geometry":{"type":"Polygon","coordinates":[[[-71.171757,42.616554],[-71.172207,42.616287],[-71.172216,42.615573],[-71.172692,42.615154],[-71.176117,42.61462],[-71.176926,42.614116],[-71.176854,42.613185],[-71.177954,42.613193],[-71.177184,42.612487],[-71.177501,42.611651],[-71.177202,42.611391],[-71.178072,42.61135],[-71.178426,42.610974],[-71.177404,42.61064],[-71.177266,42.610063],[-71.178036,42.609649],[-71.177496,42.608967],[-71.178524,42.608687],[-71.178211,42.609286],[-71.179477,42.609441],[-71.179199,42.608754],[-71.180456,42.609344],[-71.179978,42.608965],[-71.180249,42.608531],[-71.180684,42.608555],[-71.180455,42.60884],[-71.182047,42.608455],[-71.18135,42.608382],[-71.164879,42.59803],[-71.175196,42.592274],[-71.192531,42.564547],[-71.211128,42.573321],[-71.296321,42.612675],[-71.283429,42.615309],[-71.277792,42.620856],[-71.274723,42.6288],[-71.271189,42.64425],[-71.272019,42.649226],[-71.275155,42.656225],[-71.264331,42.657678],[-71.258483,42.656932],[-71.256189,42.657154],[-71.171757,42.616554]]]}},{"type":"Feature","properties":{"area_id":"296","layer":"municipality","name":"Tisbury","municipality_type":"town","county_id":"25007"},"geometry":{"type":"Polygon","coordinates":[[[-70.601577,41.428207],[-70.603185,41.427802],[-70.603216,41.426568],[-70.621338,41.445242],[-70.615102,41.413641],[-70.656256,41.46101],[-70.654916,41.461338],[-70.652475,41.460835],[-70.648456,41.461154],[-70.645156,41.461823],[-70.642774,41.463066],[-70.639649,41.463628],[-70.63754,41.464406],[-70.634843,41.46617],[-70.633345,41.467705],[-70.631809,41.466515],[-70.631603,41.465987],[-70.632002,41.465615],[-70.631802,41.465294],[-70.632618,41.46524],[-70.632522,41.464665],[-70.633439,41.464573],[-70.633327,41.465301],[-70.633789,41.465375],[-70.633552,41.465204],[-70.6342,41.463926],[-70.635246,41.464291],[-70.635329,41.464026],[-70.634872,41.46376],[-70.635056,41.463486],[-70.635453,41.463629],[-70.635912,41.462881],[-70.636983,41.462632],[-70.637143,41.462119],[-70.635678,41.461329],[-70.634598,41.46122],[-70.634487,41.461705],[-70.633869,41.46219],[-70.633884,41.463137],[-70.632851,41.463302],[-70.631872,41.462123],[-70.629558,41.460523],[-70.626404,41.45957],[-70.625509,41.458573],[-70.626074,41.458192],[-70.62574,41.457234],[-70.62624,41.456353],[-70.625731,41.455348],[-70.626126,41.454974],[-70.62714,41.455191],[-70.627583,41.454901],[-70.627194,41.453068],[-70.626401,41.452187],[-70.624912,41.451628],[-70.624796,41.450336],[-70.623787,41.449302],[-70.623486,41.448301],[-70.622859,41.448251],[-70.622138,41.448594],[-70.621751,41.449371],[-70.623447,41.450514],[-70.623532,41.451257],[-70.622919,41.451535],[-70.622929,41.452715],[-70.621048,41.453338],[-70.621294,41.454328],[-70.62111,41.455535],[-70.621587,41.456222],[-70.621246,41.457277],[-70.622533,41.459428],[-70.622402,41.459933],[-70.623865,41.461389],[-70.624451,41.462423],[-70.62437,41.463438],[-70.62497,41.464207],[-70.624892,41.465068],[-70.62413,41.465512],[-70.624178,41.465948],[-70.624623,41.466223],[-70.623693,41.466433],[-70.623593,41.467399],[-70.624336,41.467375],[-70.624873,41.468745],[-70.626118,41.468159],[-70.626035,41.469263],[-70.62744,41.469555],[-70.628548,41.469186],[-70.628678,41.468595],[-70.628322,41.468863],[-70.62831,41.468349],[-70.629333,41.467869],[-70.630237,41.466592],[-70.63181,41.466894],[-70.632382,41.467379],[-70.632654,41.467857],[-70.632321,41.46752],[-70.631691,41.467695],[-70.628022,41.470774],[-70.627308,41.470668],[-70.623911,41.472128],[-70.619893,41.475],[-70.617512,41.475574],[-70.609822,41.479634],[-70.605741,41.481217],[-70.604395,41.482357],[-70.603545,41.482582],[-70.603364,41.482977],[-70.599221,41.481634],[-70.597094,41.479962],[-70.597551,41.479276],[-70.596714,41.478088],[-70.596457,41.476841],[-70.596888,41.476121],[-70.596094,41.471987],[-70.595952,41.469441],[-70.596353,41.468183],[-70.59723,41.467396],[-70.598041,41.465576],[-70.598661,41.465165],[-70.598642,41.464655],[-70.599474,41.463481],[-70.599372,41.462928],[-70.599949,41.462371],[-70.600171,41.461598],[-70.599433,41.460363],[-70.599705,41.459848],[-70.599447,41.459423],[-70.601285,41.458041],[-70.60141,41.457055],[-70.601,41.455916],[-70.60051,41.455767],[-70.600178,41.454838],[-70.599033,41.453758],[-70.597887,41.453155],[-70.597336,41.453186],[-70.594772,41.455315],[-70.594962,41.455587],[-70.593179,41.455492],[-70.587348,41.458293],[-70.586881,41.45809],[-70.589799,41.456688],[-70.589463,41.45613],[-70.592467,41.455425],[-70.592011,41.454943],[-70.59268,41.455264],[-70.593345,41.455008],[-70.594027,41.453983],[-70.595844,41.453207],[-70.5964,41.452491],[-70.597291,41.452477],[-70.598072,41.451708],[-70.598181,41.451052],[-70.598699,41.451289],[-70.59909,41.450512],[-70.601607,41.451243],[-70.600017,41.450412],[-70.599203,41.450203],[-70.598916,41.450431],[-70.598455,41.449686],[-70.598267,41.450809],[-70.59799,41.450923],[-70.598177,41.45049],[-70.597743,41.450126],[-70.598051,41.449959],[-70.597111,41.449749],[-70.598194,41.449932],[-70.598194,41.449414],[-70.596603,41.448223],[-70.596647,41.447732],[-70.59613,41.447581],[-70.593755,41.448561],[-70.593372,41.450078],[-70.593514,41.45098],[-70.591255,41.453119],[-70.590531,41.453185],[-70.589387,41.452583],[-70.590374,41.452341],[-70.59252,41.448092],[-70.59175,41.447434],[-70.592552,41.447549],[-70.593516,41.447224],[-70.600759,41.441185],[-70.6004,41.439168],[-70.601156,41.437427],[-70.601858,41.437068],[-70.602397,41.436237],[-70.603287,41.433636],[-70.603513,41.431434],[-70.602785,41.430739],[-70.601198,41.430353],[-70.60027,41.429685],[-70.601577,41.428207]]]}},{"type":"Feature","properties":{"area_id":"297","layer":"municipality","name":"Tolland","municipality_type":"town","county_id":"25013"},"geometry":{"type":"Polygon","coordinates":[[[-72.981908,42.136703],[-72.970255,42.078633],[-72.979039,42.038246],[-73.05326,42.039824],[-73.055808,42.045056],[-73.05655,42.047428],[-73.056454,42.048331],[-73.055397,42.050286],[-73.053997,42.054598],[-73.054205,42.056654],[-73.0549,42.057948],[-73.055624,42.058583],[-73.058572,42.059751],[-73.061703,42.061748],[-73.060503,42.063773],[-73.058345,42.066279],[-73.058237,42.067138],[-73.058557,42.067718],[-73.06007,42.068643],[-73.060879,42.069967],[-73.061806,42.070646],[-73.073083,42.094193],[-73.074169,42.101876],[-73.075088,42.105374],[-73.074911,42.10614],[-73.072653,42.107186],[-73.071784,42.108361],[-73.071828,42.109354],[-73.073093,42.110792],[-73.072532,42.111857],[-73.070981,42.113136],[-73.069228,42.113935],[-73.065677,42.114802],[-73.063199,42.11595],[-73.061824,42.117194],[-73.061124,42.118463],[-73.061604,42.119709],[-73.064261,42.122784],[-73.066211,42.124196],[-73.067207,42.12736],[-73.067798,42.127864],[-73.069286,42.130877],[-73.069817,42.133425],[-73.069443,42.134995],[-73.068501,42.135507],[-73.068466,42.136334],[-73.068942,42.137755],[-73.068898,42.138596],[-73.070507,42.140173],[-73.072131,42.143557],[-73.07026,42.145039],[-73.070565,42.145815],[-73.07027,42.146268],[-73.070406,42.146965],[-73.071119,42.148213],[-73.034922,42.143661],[-72.981908,42.136703]]]}},{"type":"Feature","properties":{"area_id":"298","layer":"municipality","name":"Topsfield","municipality_type":"town","county_id":"25009"},"geometry":{"type":"Polygon","coordinates":[[[-70.936028,42.663496],[-70.920526,42.670088],[-70.916342,42.660763],[-70.904962,42.661996],[-70.903581,42.660288],[-70.903621,42.659518],[-70.904993,42.659243],[-70.905623,42.658715],[-70.905023,42.652079],[-70.901773,42.652849],[-70.898312,42.648104],[-70.900242,42.647549],[-70.897934,42.644693],[-70.896276,42.643749],[-70.896387,42.641829],[-70.896023,42.641393],[-70.895976,42.639382],[-70.904648,42.638174],[-70.907157,42.635329],[-70.907212,42.634901],[-70.906164,42.634235],[-70.905209,42.633069],[-70.904361,42.633149],[-70.903873,42.632682],[-70.905238,42.63193],[-70.906165,42.630558],[-70.907432,42.630672],[-70.907597,42.630275],[-70.908824,42.629676],[-70.9104,42.629758],[-70.910873,42.629239],[-70.911387,42.629945],[-70.9121,42.630168],[-70.911877,42.62922],[-70.912536,42.629667],[-70.912552,42.628944],[-70.913765,42.62824],[-70.914816,42.628784],[-70.915084,42.628113],[-70.916078,42.628486],[-70.916818,42.628354],[-70.916902,42.627987],[-70.915969,42.627448],[-70.917762,42.627062],[-70.917412,42.626714],[-70.918551,42.626195],[-70.918811,42.62576],[-70.919633,42.625889],[-70.91984,42.624989],[-70.919175,42.624796],[-70.918806,42.624281],[-70.918268,42.624596],[-70.917893,42.624136],[-70.918472,42.622989],[-70.918928,42.622771],[-70.919149,42.62303],[-70.918554,42.623607],[-70.918918,42.623854],[-70.919379,42.623797],[-70.919961,42.623144],[-70.920837,42.623764],[-70.922773,42.623238],[-70.924286,42.623793],[-70.925715,42.622933],[-70.927465,42.617028],[-70.931109,42.612434],[-70.931651,42.612506],[-70.932423,42.613247],[-70.943862,42.609584],[-70.954726,42.605337],[-70.964807,42.599589],[-70.966238,42.601125],[-70.967859,42.600749],[-70.969004,42.601226],[-70.970542,42.602823],[-70.973282,42.603029],[-70.976057,42.605122],[-70.980815,42.606447],[-70.981801,42.6071],[-70.982277,42.607905],[-70.982145,42.609131],[-70.984664,42.611294],[-70.984736,42.611652],[-70.985193,42.61169],[-70.985316,42.61222],[-70.9837,42.613608],[-70.983361,42.614257],[-70.983536,42.61455],[-70.982922,42.61517],[-70.98233,42.616664],[-70.976068,42.62111],[-70.976228,42.622007],[-70.976684,42.622376],[-70.975962,42.622741],[-70.976611,42.622925],[-70.976402,42.62347],[-70.975374,42.623832],[-70.974029,42.623508],[-70.9731,42.624276],[-70.971673,42.624035],[-70.971964,42.624974],[-70.970346,42.625399],[-70.969591,42.625032],[-70.969054,42.625143],[-70.968871,42.626074],[-70.968236,42.626221],[-70.96811,42.626848],[-70.97006,42.627518],[-70.970952,42.628325],[-70.971715,42.628536],[-70.971782,42.628846],[-70.973334,42.629512],[-70.973541,42.63036],[-70.974081,42.630903],[-70.973419,42.631252],[-70.973352,42.631797],[-70.974431,42.632892],[-70.974492,42.633931],[-70.975263,42.633888],[-70.975231,42.63445],[-70.974786,42.634583],[-70.974963,42.635176],[-70.974701,42.635772],[-70.973336,42.636761],[-70.973875,42.638313],[-70.975316,42.639287],[-70.975456,42.639964],[-70.976167,42.640199],[-70.976368,42.64073],[-70.975521,42.642197],[-70.960365,42.6491],[-70.968983,42.673205],[-70.965342,42.671876],[-70.936028,42.663496]]]}},{"type":"Feature","properties":{"area_id":"299","layer":"municipality","name":"Townsend","municipality_type":"town","county_id":"25017"},"geometry":{"type":"Polygon","coordinates":[[[-71.650722,42.690929],[-71.657931,42.649953],[-71.660474,42.635097],[-71.664602,42.611607],[-71.775757,42.644229],[-71.772552,42.70814],[-71.701221,42.705969],[-71.651841,42.704834],[-71.650722,42.690929]]]}},{"type":"Feature","properties":{"area_id":"300","layer":"municipality","name":"Truro","municipality_type":"town","county_id":"25001"},"geometry":{"type":"Polygon","coordinates":[[[-70.038801,41.962878],[-70.077598,41.957813],[-70.076997,41.963972],[-70.077279,41.979571],[-70.078026,41.985436],[-70.080063,41.991449],[-70.079334,41.99546],[-70.079379,41.996963],[-70.081181,42.001633],[-70.085197,42.014647],[-70.088597,42.022123],[-70.091413,42.027003],[-70.095596,42.032284],[-70.100897,42.037551],[-70.106255,42.041837],[-70.113358,42.046538],[-70.11789,42.04916],[-70.122188,42.051174],[-70.129352,42.053892],[-70.142037,42.058107],[-70.145731,42.060367],[-70.147422,42.061016],[-70.147359,42.06388],[-70.146545,42.065247],[-70.154267,42.07711],[-70.145513,42.075583],[-70.129653,42.071695],[-70.116757,42.067941],[-70.103432,42.063459],[-70.094458,42.059844],[-70.083459,42.054296],[-70.076646,42.052406],[-70.068456,42.047978],[-70.061429,42.043508],[-70.054577,42.038261],[-70.046378,42.031101],[-70.040324,42.025318],[-70.033832,42.018494],[-70.031883,42.015377],[-70.026731,42.009366],[-70.01399,41.992762],[-70.005248,41.979884],[-69.997101,41.96677],[-70.038801,41.962878]]]}},{"type":"Feature","properties":{"area_id":"301","layer":"municipality","name":"Tyngsborough","municipality_type":"town","county_id":"25017"},"geometry":{"type":"Polygon","coordinates":[[[-71.374368,42.693274],[-71.374016,42.689379],[-71.378799,42.683101],[-71.376677,42.677963],[-71.373366,42.666132],[-71.37158,42.664154],[-71.369627,42.669343],[-71.366436,42.666688],[-71.368883,42.661763],[-71.378205,42.660696],[-71.382474,42.65278],[-71.382241,42.651886],[-71.380531,42.650867],[-71.380248,42.65037],[-71.380921,42.649017],[-71.385233,42.649608],[-71.392489,42.648486],[-71.394342,42.648483],[-71.396969,42.649646],[-71.398996,42.652476],[-71.402199,42.651588],[-71.401101,42.649124],[-71.398319,42.645502],[-71.398891,42.644958],[-71.402783,42.64678],[-71.404027,42.648416],[-71.40531,42.648147],[-71.409766,42.648794],[-71.41198,42.647983],[-71.41231,42.649419],[-71.417643,42.653783],[-71.493528,42.617412],[-71.498594,42.638801],[-71.497477,42.641673],[-71.496485,42.649812],[-71.492519,42.649109],[-71.48903,42.649206],[-71.482513,42.651039],[-71.479484,42.658803],[-71.474785,42.649898],[-71.457189,42.658378],[-71.458684,42.659764],[-71.454931,42.660114],[-71.455445,42.661244],[-71.449756,42.661836],[-71.446953,42.663161],[-71.447836,42.666619],[-71.448619,42.667744],[-71.451528,42.669766],[-71.451695,42.66938],[-71.45237,42.669394],[-71.452345,42.669753],[-71.44642,42.670419],[-71.447286,42.677505],[-71.448031,42.680922],[-71.450284,42.685305],[-71.451467,42.685369],[-71.452089,42.687163],[-71.456123,42.686361],[-71.457029,42.690666],[-71.45814,42.69105],[-71.459578,42.690477],[-71.461034,42.691977],[-71.456337,42.695858],[-71.457684,42.700469],[-71.36973,42.698419],[-71.374368,42.693274]]]}},{"type":"Feature","properties":{"area_id":"302","layer":"municipality","name":"Tyringham","municipality_type":"town","county_id":"25003"},"geometry":{"type":"Polygon","coordinates":[[[-73.162096,42.197],[-73.196797,42.213706],[-73.256787,42.24168],[-73.243994,42.257068],[-73.226153,42.278581],[-73.160886,42.286608],[-73.161562,42.247612],[-73.162096,42.197]]]}},{"type":"Feature","properties":{"area_id":"303","layer":"municipality","name":"Upton","municipality_type":"town","county_id":"25027"},"geometry":{"type":"Polygon","coordinates":[[[-71.602222,42.21811],[-71.582911,42.195568],[-71.571433,42.194669],[-71.572175,42.19273],[-71.556782,42.192459],[-71.556244,42.191829],[-71.555849,42.188863],[-71.556233,42.188672],[-71.556093,42.188332],[-71.556673,42.188106],[-71.556204,42.187879],[-71.556448,42.186622],[-71.557056,42.185782],[-71.556263,42.185955],[-71.555486,42.185414],[-71.555509,42.184788],[-71.555181,42.184943],[-71.555132,42.18424],[-71.555996,42.182691],[-71.555738,42.182512],[-71.555497,42.182351],[-71.555807,42.182088],[-71.553821,42.181833],[-71.553646,42.181414],[-71.552867,42.181107],[-71.55259,42.179993],[-71.552009,42.179783],[-71.551666,42.17858],[-71.552525,42.177417],[-71.55366,42.178252],[-71.554899,42.178121],[-71.555383,42.177337],[-71.555945,42.17726],[-71.557188,42.17835],[-71.557946,42.178321],[-71.558833,42.17885],[-71.560937,42.178984],[-71.562026,42.178605],[-71.561627,42.176747],[-71.56203,42.175946],[-71.561737,42.174724],[-71.561874,42.174313],[-71.562518,42.174106],[-71.562579,42.172705],[-71.563198,42.172376],[-71.56327,42.171979],[-71.562328,42.171458],[-71.560553,42.168747],[-71.561228,42.167795],[-71.560766,42.167654],[-71.560155,42.168036],[-71.559784,42.167632],[-71.559809,42.167117],[-71.56284,42.167848],[-71.564322,42.165925],[-71.564442,42.164213],[-71.563467,42.163294],[-71.563523,42.162392],[-71.563851,42.162183],[-71.563504,42.160693],[-71.562373,42.160003],[-71.561915,42.158971],[-71.560955,42.158323],[-71.571403,42.151854],[-71.571592,42.142376],[-71.570006,42.139193],[-71.573415,42.135798],[-71.592749,42.121657],[-71.595893,42.122315],[-71.596339,42.122712],[-71.598983,42.122687],[-71.600555,42.123604],[-71.600776,42.124573],[-71.601759,42.125514],[-71.603718,42.12544],[-71.605783,42.124865],[-71.642169,42.165671],[-71.646272,42.172879],[-71.640855,42.174689],[-71.649219,42.18171],[-71.637277,42.183248],[-71.644428,42.226636],[-71.621111,42.230877],[-71.599319,42.225968],[-71.602222,42.21811]]]}},{"type":"Feature","properties":{"area_id":"304","layer":"municipality","name":"Uxbridge","municipality_type":"town","county_id":"25027"},"geometry":{"type":"Polygon","coordinates":[[[-71.591104,42.013655],[-71.680867,42.011539],[-71.682452,42.043751],[-71.681658,42.056853],[-71.679966,42.070891],[-71.679242,42.074189],[-71.696281,42.071098],[-71.696667,42.095336],[-71.696606,42.097188],[-71.679989,42.100163],[-71.679972,42.103404],[-71.650871,42.095505],[-71.603532,42.112119],[-71.60282,42.111507],[-71.601525,42.111305],[-71.598649,42.111802],[-71.595947,42.112671],[-71.592624,42.114286],[-71.591958,42.063703],[-71.591104,42.013655]]]}},{"type":"Feature","properties":{"area_id":"305","layer":"municipality","name":"Wakefield","municipality_type":"town","county_id":"25017"},"geometry":{"type":"Polygon","coordinates":[[[-71.03622,42.504209],[-71.037353,42.503334],[-71.038267,42.50327],[-71.038182,42.50296],[-71.038623,42.502736],[-71.039751,42.503042],[-71.040605,42.502606],[-71.04222,42.502615],[-71.0425,42.502005],[-71.04376,42.501261],[-71.043672,42.500065],[-71.042504,42.49939],[-71.042033,42.498163],[-71.040939,42.49774],[-71.041086,42.497493],[-71.039855,42.496064],[-71.04521,42.488728],[-71.050253,42.486542],[-71.052621,42.486111],[-71.054215,42.476911],[-71.053365,42.475934],[-71.061323,42.474205],[-71.061357,42.472669],[-71.069306,42.471646],[-71.078153,42.474029],[-71.077708,42.477401],[-71.0766,42.477501],[-71.075242,42.488017],[-71.085503,42.492267],[-71.090116,42.50127],[-71.100729,42.502251],[-71.099646,42.50644],[-71.09429,42.507095],[-71.094116,42.507373],[-71.095427,42.508868],[-71.09741,42.510251],[-71.096771,42.511677],[-71.083508,42.525498],[-71.081085,42.525481],[-71.075146,42.531039],[-71.067568,42.524689],[-71.067123,42.525378],[-71.066354,42.52483],[-71.064241,42.524413],[-71.063277,42.524668],[-71.062027,42.524285],[-71.061478,42.525043],[-71.060744,42.525247],[-71.060069,42.524315],[-71.058447,42.523619],[-71.057662,42.524188],[-71.040984,42.526271],[-71.040005,42.525198],[-71.038906,42.52459],[-71.0386,42.523969],[-71.039884,42.52242],[-71.040914,42.521727],[-71.041081,42.520132],[-71.040128,42.518819],[-71.040262,42.51743],[-71.038888,42.516749],[-71.038908,42.516349],[-71.038296,42.516251],[-71.038275,42.515701],[-71.039468,42.514466],[-71.038384,42.514197],[-71.038298,42.513759],[-71.036556,42.512444],[-71.036497,42.510837],[-71.037049,42.510008],[-71.036458,42.509702],[-71.036305,42.50901],[-71.035553,42.508321],[-71.035633,42.507572],[-71.034898,42.507063],[-71.03584,42.505201],[-71.03622,42.504209]]]}},{"type":"Feature","properties":{"area_id":"306","layer":"municipality","name":"Wales","municipality_type":"town","county_id":"25013"},"geometry":{"type":"Polygon","coordinates":[[[-72.193051,42.088027],[-72.191891,42.084897],[-72.192776,42.081929],[-72.193753,42.081552],[-72.192751,42.077075],[-72.193746,42.068265],[-72.193658,42.066692],[-72.195357,42.065116],[-72.196541,42.063465],[-72.197376,42.060373],[-72.198831,42.057922],[-72.199256,42.056516],[-72.1993,42.054218],[-72.198579,42.052743],[-72.196345,42.050483],[-72.196545,42.048685],[-72.197221,42.047408],[-72.20119,42.044409],[-72.201806,42.041986],[-72.201655,42.039499],[-72.198396,42.035328],[-72.199331,42.032031],[-72.198749,42.031418],[-72.198829,42.03103],[-72.270658,42.031623],[-72.270097,42.092531],[-72.192675,42.091553],[-72.193051,42.088027]]]}},{"type":"Feature","properties":{"area_id":"307","layer":"municipality","name":"Walpole","municipality_type":"town","county_id":"25021"},"geometry":{"type":"Polygon","coordinates":[[[-71.248647,42.199325],[-71.246268,42.19745],[-71.245209,42.197272],[-71.244237,42.196651],[-71.242667,42.193319],[-71.241954,42.192646],[-71.241878,42.191846],[-71.24239,42.191043],[-71.241572,42.187824],[-71.240208,42.186841],[-71.240719,42.184599],[-71.239563,42.183446],[-71.238344,42.1828],[-71.237194,42.18241],[-71.236762,42.181422],[-71.23595,42.181489],[-71.235181,42.181081],[-71.233558,42.18133],[-71.225354,42.170858],[-71.221879,42.171105],[-71.220038,42.168414],[-71.213435,42.168711],[-71.212593,42.167783],[-71.212851,42.167422],[-71.211332,42.166975],[-71.20526,42.161128],[-71.204507,42.160905],[-71.203796,42.160119],[-71.202482,42.160072],[-71.194456,42.149925],[-71.22599,42.135418],[-71.228069,42.133314],[-71.229713,42.133015],[-71.23102,42.131899],[-71.231874,42.131642],[-71.232222,42.130508],[-71.233446,42.128662],[-71.233336,42.126303],[-71.232996,42.125463],[-71.231099,42.123307],[-71.233169,42.12301],[-71.233294,42.123421],[-71.237956,42.121624],[-71.239116,42.120282],[-71.238572,42.119145],[-71.238848,42.118744],[-71.238542,42.11775],[-71.239417,42.115514],[-71.238432,42.114286],[-71.237993,42.112904],[-71.238918,42.112229],[-71.238805,42.106409],[-71.253303,42.105353],[-71.255348,42.10414],[-71.271737,42.098454],[-71.280269,42.088501],[-71.295902,42.116623],[-71.297155,42.120518],[-71.300272,42.125999],[-71.298971,42.126602],[-71.30176,42.136643],[-71.302187,42.136879],[-71.301379,42.137203],[-71.301349,42.137782],[-71.300585,42.138091],[-71.300323,42.138666],[-71.299748,42.138504],[-71.299598,42.138826],[-71.299094,42.138871],[-71.299211,42.139868],[-71.298947,42.140429],[-71.299721,42.140863],[-71.299408,42.141805],[-71.300006,42.141996],[-71.300507,42.142883],[-71.299851,42.143771],[-71.300697,42.145077],[-71.300119,42.14574],[-71.300679,42.14626],[-71.300119,42.147184],[-71.300858,42.147486],[-71.300817,42.1481],[-71.301965,42.14817],[-71.302341,42.149035],[-71.303226,42.148447],[-71.303746,42.149505],[-71.275026,42.148632],[-71.275672,42.181676],[-71.26957,42.200508],[-71.267524,42.200948],[-71.263712,42.203337],[-71.261057,42.204105],[-71.258195,42.204081],[-71.254125,42.20281],[-71.251417,42.202622],[-71.248647,42.199325]]]}},{"type":"Feature","properties":{"area_id":"308","layer":"municipality","name":"Waltham","municipality_type":"city","county_id":"25017"},"geometry":{"type":"Polygon","coordinates":[[[-71.202629,42.403711],[-71.202544,42.403235],[-71.201703,42.402434],[-71.20158,42.400458],[-71.200238,42.399315],[-71.200065,42.3986],[-71.199556,42.39823],[-71.199431,42.397331],[-71.198191,42.396078],[-71.196627,42.395238],[-71.196331,42.394039],[-71.197964,42.392687],[-71.197029,42.391982],[-71.196817,42.389744],[-71.194876,42.388178],[-71.195532,42.387409],[-71.194171,42.386041],[-71.217062,42.366578],[-71.253147,42.355906],[-71.254034,42.354779],[-71.255731,42.353763],[-71.256356,42.35402],[-71.256466,42.354914],[-71.260359,42.353666],[-71.262889,42.354238],[-71.264923,42.35525],[-71.268918,42.359889],[-71.269309,42.362645],[-71.271276,42.363382],[-71.273423,42.365244],[-71.273567,42.365907],[-71.273143,42.366566],[-71.270773,42.367493],[-71.270233,42.368367],[-71.270684,42.369431],[-71.271877,42.370795],[-71.271756,42.371235],[-71.272377,42.371517],[-71.272149,42.371785],[-71.273039,42.372502],[-71.273624,42.373744],[-71.276518,42.374973],[-71.267762,42.39015],[-71.276173,42.392925],[-71.279584,42.398761],[-71.282823,42.399745],[-71.281206,42.4027],[-71.286032,42.404106],[-71.281417,42.412189],[-71.274422,42.409886],[-71.27086,42.416506],[-71.271766,42.416784],[-71.267232,42.424447],[-71.211262,42.406083],[-71.202629,42.403711]]]}},{"type":"Feature","properties":{"area_id":"309","layer":"municipality","name":"Ware","municipality_type":"town","county_id":"25015"},"geometry":{"type":"Polygon","coordinates":[[[-72.284217,42.352018],[-72.281373,42.336138],[-72.278492,42.336474],[-72.277081,42.329418],[-72.280006,42.32911],[-72.274659,42.301977],[-72.261917,42.305269],[-72.261545,42.303341],[-72.210797,42.31139],[-72.212144,42.310226],[-72.212855,42.307746],[-72.212611,42.306646],[-72.213068,42.303818],[-72.212298,42.302825],[-72.212422,42.301991],[-72.213402,42.301077],[-72.215561,42.300105],[-72.216306,42.299144],[-72.216779,42.296203],[-72.2165,42.295334],[-72.216746,42.294065],[-72.213974,42.294266],[-72.210799,42.294488],[-72.203282,42.291191],[-72.203957,42.288888],[-72.20711,42.285255],[-72.212044,42.28266],[-72.21278,42.269813],[-72.217819,42.270189],[-72.216091,42.256205],[-72.211102,42.255686],[-72.211458,42.252428],[-72.211077,42.251261],[-72.210461,42.247214],[-72.214586,42.24758],[-72.214822,42.24905],[-72.218069,42.248614],[-72.221231,42.245259],[-72.247014,42.242103],[-72.257611,42.229892],[-72.268231,42.22932],[-72.270549,42.237135],[-72.271588,42.236315],[-72.273773,42.235856],[-72.277671,42.233111],[-72.281296,42.235028],[-72.335969,42.220168],[-72.335449,42.222044],[-72.337076,42.223421],[-72.335433,42.226836],[-72.335761,42.227736],[-72.334017,42.229331],[-72.334011,42.230525],[-72.334473,42.232072],[-72.334182,42.233511],[-72.333158,42.234659],[-72.333321,42.23605],[-72.332949,42.237101],[-72.333784,42.240369],[-72.334788,42.241318],[-72.335208,42.244456],[-72.334872,42.245063],[-72.333543,42.245599],[-72.334869,42.247472],[-72.33476,42.251243],[-72.336238,42.255197],[-72.336739,42.257178],[-72.336408,42.257692],[-72.336682,42.258084],[-72.338501,42.258685],[-72.337993,42.259343],[-72.336713,42.259404],[-72.337764,42.260378],[-72.337384,42.261685],[-72.335894,42.262546],[-72.334279,42.262322],[-72.333781,42.262663],[-72.333659,42.264378],[-72.334399,42.265094],[-72.334514,42.266061],[-72.332891,42.26777],[-72.331731,42.270167],[-72.331584,42.271293],[-72.331976,42.272063],[-72.333256,42.272965],[-72.336457,42.273412],[-72.338259,42.274197],[-72.338852,42.275303],[-72.338293,42.27942],[-72.339451,42.280894],[-72.341148,42.281502],[-72.343267,42.281664],[-72.346365,42.283455],[-72.350118,42.284273],[-72.350681,42.284689],[-72.350751,42.285963],[-72.348852,42.2911],[-72.348632,42.294595],[-72.350027,42.294656],[-72.352648,42.295755],[-72.351964,42.297903],[-72.35077,42.298442],[-72.354492,42.298991],[-72.354893,42.299504],[-72.354725,42.300606],[-72.353647,42.302362],[-72.356019,42.303292],[-72.354212,42.305693],[-72.352201,42.306432],[-72.351739,42.306284],[-72.351592,42.30585],[-72.35156,42.30405],[-72.350674,42.304011],[-72.349795,42.304686],[-72.349557,42.30604],[-72.350182,42.306988],[-72.350961,42.307485],[-72.351993,42.307175],[-72.35278,42.30746],[-72.352279,42.307947],[-72.34989,42.308052],[-72.349597,42.308452],[-72.34979,42.308801],[-72.350939,42.30908],[-72.351456,42.309994],[-72.351171,42.310349],[-72.350161,42.310321],[-72.348657,42.309185],[-72.34626,42.309784],[-72.343602,42.311874],[-72.342316,42.314238],[-72.338246,42.314455],[-72.335247,42.315151],[-72.334916,42.315552],[-72.334716,42.317627],[-72.333075,42.319131],[-72.32949,42.319764],[-72.328835,42.319428],[-72.328873,42.318657],[-72.328118,42.318755],[-72.327548,42.319549],[-72.327209,42.320967],[-72.327371,42.323401],[-72.328266,42.325468],[-72.327997,42.326406],[-72.327342,42.326863],[-72.326763,42.326824],[-72.326216,42.325167],[-72.324874,42.325872],[-72.324536,42.326306],[-72.324674,42.326774],[-72.326086,42.328253],[-72.325223,42.330315],[-72.32456,42.330961],[-72.322725,42.331048],[-72.322348,42.332122],[-72.32315,42.333115],[-72.322827,42.334235],[-72.320337,42.336469],[-72.317632,42.339635],[-72.316622,42.339796],[-72.315465,42.339368],[-72.314887,42.339626],[-72.314625,42.340517],[-72.314879,42.343277],[-72.314255,42.343694],[-72.313383,42.343021],[-72.312173,42.34281],[-72.311494,42.343177],[-72.3108,42.34312],[-72.310152,42.343738],[-72.309404,42.343767],[-72.309481,42.344316],[-72.30881,42.344905],[-72.308355,42.344643],[-72.308857,42.344386],[-72.308826,42.344117],[-72.306805,42.34429],[-72.306412,42.344628],[-72.307114,42.345045],[-72.306242,42.345583],[-72.306342,42.346103],[-72.304731,42.34583],[-72.305301,42.345315],[-72.304653,42.345315],[-72.301738,42.347478],[-72.301129,42.348445],[-72.298746,42.349332],[-72.29671,42.349378],[-72.295391,42.350578],[-72.292622,42.351333],[-72.291982,42.351836],[-72.291334,42.351745],[-72.291265,42.351128],[-72.290717,42.35106],[-72.290301,42.351483],[-72.290517,42.352021],[-72.28856,42.352087],[-72.284217,42.352018]]]}},{"type":"Feature","properties":{"area_id":"310","layer":"municipality","name":"Wareham","municipality_type":"town","county_id":"25023"},"geometry":{"type":"Polygon","coordinates":[[[-70.631879,41.806339],[-70.616634,41.805419],[-70.627397,41.787337],[-70.628123,41.787057],[-70.630177,41.787179],[-70.630636,41.786888],[-70.630515,41.785875],[-70.629837,41.785131],[-70.630724,41.783891],[-70.630534,41.783119],[-70.630971,41.782044],[-70.630805,41.781163],[-70.630424,41.780282],[-70.629408,41.779978],[-70.629058,41.779406],[-70.629641,41.777416],[-70.630689,41.776703],[-70.630081,41.774494],[-70.630433,41.773797],[-70.633054,41.772456],[-70.633017,41.771758],[-70.633484,41.771055],[-70.635784,41.769976],[-70.636311,41.768967],[-70.635886,41.768538],[-70.635543,41.767062],[-70.634641,41.766271],[-70.634582,41.765394],[-70.632878,41.763868],[-70.632553,41.762915],[-70.632127,41.762542],[-70.631472,41.762719],[-70.631158,41.761863],[-70.63,41.761264],[-70.629691,41.76033],[-70.630084,41.760787],[-70.630305,41.760456],[-70.629238,41.757005],[-70.629563,41.756508],[-70.629875,41.756545],[-70.629444,41.756811],[-70.629667,41.75738],[-70.630456,41.756411],[-70.630564,41.753367],[-70.631293,41.753284],[-70.63133,41.752817],[-70.627996,41.752813],[-70.627333,41.753303],[-70.626789,41.753047],[-70.625804,41.751541],[-70.626233,41.750297],[-70.62548,41.74956],[-70.621502,41.747431],[-70.622131,41.746855],[-70.621892,41.746627],[-70.62209,41.746463],[-70.623256,41.746557],[-70.624557,41.747285],[-70.62816,41.747752],[-70.629687,41.748541],[-70.630787,41.748698],[-70.631697,41.748293],[-70.631802,41.747363],[-70.627993,41.745482],[-70.626744,41.74575],[-70.626427,41.74529],[-70.62671,41.744642],[-70.627645,41.744012],[-70.628318,41.743963],[-70.634254,41.74475],[-70.637052,41.743763],[-70.637215,41.743416],[-70.636789,41.743129],[-70.636743,41.742592],[-70.63782,41.740696],[-70.637442,41.740031],[-70.635898,41.739501],[-70.635594,41.739046],[-70.635786,41.738434],[-70.63692,41.737585],[-70.637151,41.736898],[-70.635062,41.734709],[-70.635268,41.734412],[-70.636703,41.73439],[-70.638789,41.735382],[-70.641193,41.735466],[-70.641376,41.735824],[-70.640516,41.73598],[-70.640311,41.736784],[-70.639454,41.736761],[-70.640255,41.737274],[-70.643107,41.737345],[-70.643803,41.736594],[-70.644103,41.736668],[-70.644546,41.737465],[-70.644298,41.737807],[-70.646102,41.739204],[-70.647295,41.739603],[-70.647397,41.740021],[-70.648868,41.740621],[-70.651746,41.740515],[-70.653787,41.740013],[-70.655039,41.740924],[-70.657315,41.741286],[-70.659609,41.741246],[-70.661472,41.740526],[-70.661647,41.739878],[-70.661068,41.738635],[-70.658598,41.737348],[-70.657713,41.735593],[-70.656352,41.734682],[-70.655011,41.732931],[-70.653431,41.732133],[-70.645177,41.729927],[-70.644546,41.72934],[-70.643686,41.729165],[-70.643681,41.72876],[-70.644359,41.728193],[-70.647164,41.727707],[-70.647308,41.726796],[-70.647107,41.726483],[-70.645482,41.726225],[-70.644669,41.725545],[-70.643154,41.725173],[-70.641966,41.724006],[-70.642967,41.72374],[-70.645897,41.724224],[-70.646558,41.725009],[-70.647813,41.725703],[-70.647421,41.726283],[-70.647815,41.726818],[-70.649429,41.727902],[-70.650834,41.728101],[-70.651898,41.72764],[-70.652085,41.727051],[-70.651722,41.726333],[-70.650857,41.725941],[-70.650861,41.72545],[-70.652053,41.725261],[-70.6534,41.725686],[-70.654616,41.725479],[-70.654653,41.724878],[-70.653766,41.724187],[-70.653704,41.723559],[-70.650966,41.721662],[-70.651518,41.721007],[-70.6515,41.719832],[-70.650742,41.719646],[-70.649074,41.718434],[-70.649046,41.717811],[-70.650513,41.716395],[-70.651362,41.714126],[-70.653761,41.712281],[-70.654176,41.7113],[-70.655522,41.709801],[-70.658024,41.707966],[-70.658917,41.706666],[-70.66004,41.705879],[-70.66052,41.70485],[-70.661577,41.704347],[-70.668155,41.697401],[-70.670424,41.695739],[-70.674117,41.692192],[-70.674676,41.692467],[-70.674485,41.69304],[-70.671964,41.69548],[-70.667366,41.699019],[-70.664743,41.702922],[-70.658236,41.708812],[-70.655355,41.712647],[-70.654632,41.714169],[-70.653836,41.714992],[-70.653852,41.715501],[-70.655828,41.716314],[-70.656591,41.715501],[-70.658475,41.714653],[-70.664106,41.716408],[-70.668533,41.71935],[-70.668742,41.720327],[-70.670542,41.721826],[-70.670453,41.722685],[-70.670913,41.723071],[-70.670769,41.723468],[-70.673102,41.724508],[-70.674158,41.725736],[-70.675001,41.725904],[-70.675188,41.726307],[-70.67617,41.726533],[-70.678164,41.727695],[-70.679668,41.727684],[-70.680836,41.726803],[-70.685253,41.727578],[-70.685818,41.726171],[-70.685466,41.725388],[-70.685886,41.724905],[-70.687262,41.72421],[-70.688515,41.724143],[-70.691036,41.725278],[-70.692364,41.726128],[-70.693259,41.727202],[-70.694786,41.727851],[-70.697879,41.728184],[-70.699226,41.728804],[-70.702193,41.729246],[-70.706115,41.728764],[-70.706953,41.729262],[-70.708083,41.731199],[-70.709852,41.732096],[-70.710201,41.732072],[-70.710543,41.731535],[-70.71191,41.731922],[-70.712842,41.731688],[-70.714627,41.732205],[-70.715076,41.732658],[-70.715598,41.732196],[-70.715603,41.732585],[-70.714922,41.732833],[-70.71132,41.732023],[-70.709184,41.732556],[-70.708704,41.733157],[-70.708631,41.734384],[-70.707032,41.734954],[-70.706828,41.736308],[-70.707674,41.737498],[-70.707295,41.737827],[-70.707282,41.738811],[-70.706716,41.739137],[-70.705653,41.739136],[-70.704097,41.740576],[-70.703573,41.740689],[-70.703742,41.741958],[-70.70476,41.74185],[-70.705433,41.743548],[-70.705112,41.744149],[-70.705676,41.744623],[-70.70796,41.745011],[-70.709261,41.744861],[-70.709604,41.744044],[-70.708516,41.742604],[-70.71319,41.741028],[-70.714783,41.740857],[-70.715769,41.740138],[-70.715809,41.739662],[-70.715257,41.739931],[-70.714956,41.739343],[-70.715699,41.738367],[-70.716693,41.738058],[-70.716952,41.737524],[-70.717666,41.737428],[-70.717893,41.737059],[-70.721241,41.736298],[-70.722166,41.735477],[-70.723094,41.735538],[-70.723378,41.735995],[-70.724061,41.736219],[-70.724924,41.737195],[-70.724892,41.738022],[-70.725486,41.737608],[-70.727308,41.737285],[-70.72772,41.737787],[-70.728413,41.737736],[-70.729013,41.737258],[-70.729071,41.736703],[-70.729503,41.737128],[-70.73017,41.736784],[-70.730365,41.73609],[-70.729784,41.735459],[-70.726405,41.733521],[-70.726247,41.733035],[-70.726766,41.732196],[-70.726369,41.731593],[-70.726606,41.731218],[-70.725763,41.729992],[-70.724167,41.729353],[-70.723077,41.729368],[-70.72108,41.728173],[-70.722003,41.727505],[-70.722405,41.726649],[-70.720733,41.723657],[-70.722449,41.723086],[-70.724928,41.724847],[-70.726849,41.727023],[-70.727969,41.72739],[-70.728861,41.728544],[-70.730046,41.728684],[-70.730963,41.72811],[-70.73119,41.729106],[-70.732439,41.728586],[-70.733091,41.728742],[-70.734097,41.729721],[-70.733616,41.730375],[-70.734574,41.730955],[-70.735604,41.730883],[-70.737155,41.732607],[-70.739736,41.733207],[-70.740486,41.733012],[-70.740472,41.732352],[-70.741074,41.731884],[-70.743588,41.732255],[-70.743829,41.732933],[-70.742384,41.733677],[-70.741567,41.735005],[-70.741578,41.735963],[-70.742264,41.736905],[-70.743754,41.738121],[-70.74522,41.73877],[-70.748728,41.738054],[-70.750025,41.738133],[-70.750185,41.738668],[-70.751558,41.739164],[-70.751579,41.739907],[-70.752347,41.740527],[-70.752596,41.741703],[-70.753638,41.742434],[-70.757217,41.742869],[-70.759504,41.742273],[-70.760611,41.741014],[-70.759542,41.739806],[-70.760511,41.739003],[-70.760048,41.738994],[-70.760616,41.738891],[-70.76173,41.739334],[-70.763544,41.738957],[-70.763834,41.738577],[-70.763625,41.738004],[-70.764614,41.737913],[-70.764675,41.737134],[-70.765146,41.736703],[-70.765576,41.736785],[-70.765368,41.735999],[-70.767111,41.735371],[-70.767656,41.734429],[-70.768461,41.73395],[-70.770221,41.733554],[-70.770486,41.733651],[-70.770346,41.734045],[-70.770762,41.733524],[-70.771806,41.733531],[-70.773126,41.734037],[-70.772108,41.734642],[-70.772616,41.735182],[-70.774923,41.734284],[-70.774237,41.739673],[-70.774851,41.740585],[-70.778273,41.743502],[-70.779032,41.744495],[-70.781639,41.750569],[-70.781646,41.75203],[-70.780714,41.754856],[-70.780266,41.758114],[-70.77881,41.761322],[-70.776014,41.766052],[-70.774383,41.769891],[-70.775569,41.773065],[-70.775524,41.775826],[-70.776582,41.779902],[-70.77702,41.786834],[-70.778275,41.789828],[-70.778452,41.791758],[-70.777784,41.794554],[-70.77788,41.796255],[-70.777508,41.797068],[-70.776169,41.798006],[-70.774663,41.800172],[-70.772874,41.802028],[-70.771967,41.805167],[-70.771742,41.80893],[-70.763178,41.809802],[-70.770261,41.825786],[-70.740871,41.800333],[-70.717536,41.801519],[-70.631879,41.806339]]]}},{"type":"Feature","properties":{"area_id":"311","layer":"municipality","name":"Warren","municipality_type":"town","county_id":"25027"},"geometry":{"type":"Polygon","coordinates":[[[-72.14189,42.161009],[-72.199349,42.153715],[-72.200627,42.161296],[-72.263925,42.183839],[-72.263591,42.187056],[-72.263751,42.188332],[-72.263133,42.190118],[-72.263248,42.192221],[-72.263369,42.192879],[-72.264399,42.193537],[-72.264692,42.196734],[-72.264109,42.199509],[-72.262491,42.203067],[-72.260623,42.205431],[-72.257542,42.207779],[-72.221231,42.245259],[-72.218069,42.248614],[-72.214822,42.24905],[-72.214586,42.24758],[-72.210461,42.247214],[-72.211077,42.251261],[-72.182507,42.251397],[-72.182163,42.24798],[-72.181127,42.246083],[-72.179404,42.24607],[-72.179738,42.245739],[-72.179421,42.245538],[-72.179723,42.244836],[-72.179259,42.244626],[-72.178175,42.239634],[-72.178461,42.239142],[-72.177586,42.23809],[-72.177656,42.237276],[-72.176755,42.236862],[-72.17581,42.237012],[-72.174508,42.236711],[-72.174083,42.235759],[-72.172976,42.234942],[-72.171305,42.234302],[-72.171194,42.233542],[-72.170099,42.232588],[-72.153903,42.207192],[-72.147211,42.181481],[-72.14189,42.161009]]]}},{"type":"Feature","properties":{"area_id":"312","layer":"municipality","name":"Warwick","municipality_type":"town","county_id":"25011"},"geometry":{"type":"Polygon","coordinates":[[[-72.271952,42.67466],[-72.285536,42.673391],[-72.283205,42.662466],[-72.295398,42.660806],[-72.293165,42.650589],[-72.303382,42.64885],[-72.301888,42.641436],[-72.312824,42.640811],[-72.311188,42.632845],[-72.321577,42.631481],[-72.318429,42.61491],[-72.364768,42.609435],[-72.377124,42.639291],[-72.41204,42.72537],[-72.28304,42.721599],[-72.271952,42.67466]]]}},{"type":"Feature","properties":{"area_id":"313","layer":"municipality","name":"Washington","municipality_type":"town","county_id":"25003"},"geometry":{"type":"Polygon","coordinates":[[[-73.135632,42.411959],[-73.14079,42.393118],[-73.091435,42.384792],[-73.06851,42.380728],[-73.064298,42.339737],[-73.159469,42.329746],[-73.159944,42.304216],[-73.18052,42.324563],[-73.19202,42.31853],[-73.236385,42.364554],[-73.238408,42.371415],[-73.228774,42.376629],[-73.221948,42.400592],[-73.206361,42.398139],[-73.201875,42.413761],[-73.16919,42.412762],[-73.135632,42.411959]]]}},{"type":"Feature","properties":{"area_id":"314","layer":"municipality","name":"Watertown","municipality_type":"town with city form of government","county_id":"25017"},"geometry":{"type":"Polygon","coordinates":[[[-71.150379,42.374622],[-71.15024,42.374386],[-71.145938,42.375204],[-71.143631,42.375286],[-71.143926,42.374083],[-71.139992,42.373577],[-71.140373,42.370647],[-71.141009,42.369344],[-71.14256,42.366913],[-71.14427,42.366463],[-71.143668,42.365089],[-71.144756,42.364627],[-71.146336,42.362484],[-71.148332,42.361128],[-71.152477,42.360686],[-71.155247,42.359904],[-71.159278,42.359911],[-71.163008,42.358478],[-71.164218,42.358639],[-71.166158,42.359916],[-71.167509,42.360092],[-71.169382,42.360145],[-71.172755,42.359339],[-71.175272,42.359281],[-71.178241,42.359575],[-71.182127,42.360691],[-71.183681,42.358838],[-71.196298,42.361811],[-71.192216,42.365433],[-71.194766,42.36688],[-71.195422,42.367834],[-71.196485,42.367033],[-71.197081,42.366948],[-71.198323,42.36741],[-71.202029,42.365828],[-71.205098,42.365758],[-71.206389,42.364599],[-71.207459,42.364108],[-71.208812,42.364586],[-71.209943,42.364141],[-71.21126,42.364293],[-71.213731,42.365133],[-71.21451,42.36569],[-71.216342,42.365857],[-71.217062,42.366578],[-71.194171,42.386041],[-71.189215,42.380707],[-71.186972,42.380359],[-71.179532,42.380182],[-71.170805,42.378328],[-71.16955,42.377695],[-71.160775,42.376637],[-71.154373,42.375103],[-71.150379,42.374622]]]}},{"type":"Feature","properties":{"area_id":"315","layer":"municipality","name":"Wayland","municipality_type":"town","county_id":"25017"},"geometry":{"type":"Polygon","coordinates":[[[-71.390086,42.367957],[-71.38742,42.369962],[-71.388783,42.37149],[-71.387689,42.372729],[-71.3867,42.373062],[-71.387828,42.375282],[-71.384468,42.376598],[-71.383485,42.376621],[-71.382974,42.378221],[-71.383987,42.379783],[-71.383774,42.380758],[-71.381365,42.383429],[-71.378577,42.384619],[-71.378466,42.385973],[-71.377257,42.386714],[-71.377436,42.387709],[-71.376398,42.387853],[-71.375577,42.388636],[-71.375004,42.388735],[-71.373748,42.387219],[-71.373005,42.387134],[-71.372519,42.387581],[-71.372443,42.389348],[-71.370397,42.388508],[-71.368701,42.389975],[-71.367839,42.390069],[-71.365607,42.389424],[-71.364439,42.390031],[-71.365314,42.391241],[-71.364837,42.392181],[-71.364027,42.39239],[-71.362656,42.391792],[-71.361834,42.392261],[-71.362358,42.39352],[-71.361673,42.395283],[-71.362006,42.39619],[-71.365055,42.396499],[-71.366488,42.397189],[-71.368691,42.397559],[-71.369917,42.398299],[-71.369932,42.398658],[-71.367225,42.400212],[-71.368291,42.401001],[-71.369469,42.400658],[-71.370077,42.400881],[-71.368613,42.402856],[-71.368146,42.404038],[-71.370371,42.405086],[-71.373773,42.405652],[-71.374743,42.407162],[-71.37463,42.407847],[-71.374089,42.408323],[-71.367499,42.41072],[-71.367428,42.412149],[-71.366353,42.412723],[-71.3326,42.39945],[-71.33457,42.396122],[-71.335878,42.39395],[-71.328754,42.331669],[-71.333752,42.332408],[-71.338524,42.323224],[-71.345998,42.314813],[-71.355201,42.317179],[-71.35992,42.317159],[-71.363169,42.31582],[-71.364094,42.315915],[-71.368494,42.31282],[-71.370614,42.31027],[-71.372873,42.30983],[-71.373397,42.309864],[-71.377688,42.314678],[-71.381758,42.328478],[-71.388833,42.336278],[-71.388345,42.336956],[-71.388609,42.337378],[-71.390941,42.337102],[-71.392875,42.335621],[-71.394878,42.335758],[-71.395079,42.336066],[-71.394887,42.338553],[-71.396718,42.341054],[-71.39805,42.342759],[-71.397945,42.343217],[-71.393248,42.344181],[-71.391695,42.345216],[-71.387683,42.344702],[-71.38794,42.348645],[-71.388962,42.350032],[-71.390113,42.354821],[-71.39081,42.355246],[-71.391799,42.361846],[-71.390032,42.36524],[-71.390238,42.365393],[-71.390086,42.367957]],[[-71.389041,42.36466],[-71.38666,42.36141],[-71.386039,42.361293],[-71.383397,42.36279],[-71.384072,42.365765],[-71.387211,42.365459],[-71.388968,42.364915],[-71.389941,42.365343],[-71.388799,42.366335],[-71.390038,42.367476],[-71.390032,42.36524],[-71.389041,42.36466]]]}},{"type":"Feature","properties":{"area_id":"316","layer":"municipality","name":"Webster","municipality_type":"town","county_id":"25027"},"geometry":{"type":"Polygon","coordinates":[[[-71.883949,42.024403],[-71.884033,42.024867],[-71.885449,42.025461],[-71.887041,42.0283],[-71.886782,42.029819],[-71.887829,42.031059],[-71.887476,42.032234],[-71.888737,42.033891],[-71.889346,42.035778],[-71.888694,42.039181],[-71.887509,42.041863],[-71.886939,42.045257],[-71.886333,42.04596],[-71.887405,42.0472],[-71.88748,42.050397],[-71.886849,42.051011],[-71.883971,42.050687],[-71.88284,42.05115],[-71.881246,42.051179],[-71.880496,42.051631],[-71.880737,42.052406],[-71.88008,42.053921],[-71.880388,42.055516],[-71.879929,42.057842],[-71.880767,42.058392],[-71.882326,42.058776],[-71.881581,42.060278],[-71.88214,42.062123],[-71.881771,42.062899],[-71.87961,42.063904],[-71.878827,42.066162],[-71.878979,42.067767],[-71.881506,42.075905],[-71.830065,42.092787],[-71.804549,42.023565],[-71.883949,42.024403]]]}},{"type":"Feature","properties":{"area_id":"317","layer":"municipality","name":"Wellesley","municipality_type":"town","county_id":"25021"},"geometry":{"type":"MultiPolygon","coordinates":[[[[-71.228888,42.316353],[-71.229738,42.316514],[-71.233007,42.316276],[-71.294823,42.273073],[-71.296205,42.274326],[-71.2972,42.274506],[-71.298353,42.274269],[-71.299641,42.275011],[-71.299713,42.276311],[-71.297789,42.279216],[-71.297488,42.280694],[-71.298221,42.281771],[-71.300315,42.282906],[-71.300997,42.282369],[-71.302478,42.280169],[-71.304637,42.278368],[-71.309303,42.276388],[-71.309494,42.275701],[-71.309012,42.274788],[-71.30901,42.273338],[-71.308026,42.271812],[-71.308466,42.270741],[-71.323663,42.297425],[-71.329751,42.313],[-71.32737,42.313728],[-71.269953,42.32809],[-71.269359,42.327727],[-71.266098,42.327399],[-71.26353,42.326023],[-71.261953,42.326658],[-71.259565,42.326683],[-71.259001,42.32635],[-71.258399,42.324947],[-71.257819,42.324515],[-71.254889,42.325135],[-71.253838,42.326629],[-71.252937,42.326765],[-71.251746,42.326132],[-71.251245,42.325279],[-71.250229,42.324559],[-71.249939,42.323871],[-71.248757,42.323456],[-71.247801,42.321874],[-71.246611,42.321031],[-71.244588,42.321267],[-71.24107,42.320877],[-71.238787,42.321808],[-71.234762,42.320859],[-71.231135,42.320847],[-71.228359,42.319015],[-71.228149,42.317169],[-71.227544,42.315409],[-71.228888,42.316353]]],[[[-71.299805,42.270503],[-71.298568,42.271209],[-71.297601,42.272372],[-71.296687,42.272631],[-71.295653,42.272493],[-71.299747,42.269622],[-71.299805,42.270503]]]]}},{"type":"Feature","properties":{"area_id":"318","layer":"municipality","name":"Wellfleet","municipality_type":"town","county_id":"25001"},"geometry":{"type":"MultiPolygon","coordinates":[[[[-70.007062,41.880756],[-70.006641,41.881734],[-70.007194,41.882258],[-70.006886,41.882169],[-70.006198,41.882853],[-70.005722,41.882837],[-70.005837,41.882278],[-70.005165,41.882383],[-70.005032,41.881559],[-70.004337,41.881054],[-70.007062,41.880756]]],[[[-70.011498,41.900114],[-70.012272,41.900043],[-70.01093,41.897936],[-70.009952,41.897275],[-70.008728,41.896974],[-70.00697,41.89718],[-70.006579,41.896396],[-70.005884,41.896475],[-70.005201,41.896043],[-70.005246,41.896434],[-70.004767,41.896262],[-70.004405,41.895189],[-70.00415,41.895647],[-70.002521,41.896043],[-70.002554,41.895377],[-70.003622,41.894917],[-70.00341,41.893896],[-70.003982,41.893604],[-70.004309,41.892923],[-70.0051,41.892829],[-70.001642,41.891002],[-70.001508,41.890596],[-70.002476,41.890739],[-70.001666,41.890166],[-70.001638,41.889151],[-70.002236,41.889305],[-70.002344,41.889992],[-70.00268,41.889728],[-70.002314,41.888965],[-70.003301,41.888848],[-70.003858,41.889245],[-70.004774,41.889022],[-70.005758,41.889868],[-70.006456,41.889875],[-70.006541,41.890359],[-70.008347,41.89063],[-70.008816,41.891118],[-70.008725,41.891659],[-70.009773,41.891476],[-70.009873,41.891097],[-70.010151,41.891313],[-70.011244,41.89096],[-70.012485,41.891275],[-70.013847,41.890746],[-70.015362,41.890767],[-70.017283,41.891461],[-70.018136,41.890767],[-70.018867,41.891632],[-70.01989,41.892008],[-70.023376,41.895552],[-70.024373,41.897425],[-70.02412,41.898873],[-70.022834,41.900375],[-70.022011,41.900233],[-70.022348,41.899912],[-70.021118,41.899953],[-70.019871,41.899465],[-70.018514,41.900311],[-70.015885,41.900295],[-70.013726,41.901484],[-70.010884,41.901976],[-70.010463,41.901219],[-70.006837,41.900827],[-70.007822,41.900336],[-70.008481,41.89931],[-70.011498,41.900114]]],[[[-69.980616,41.877057],[-69.982966,41.877423],[-69.984272,41.877168],[-69.987287,41.877486],[-69.989849,41.877279],[-69.99301,41.876202],[-69.995008,41.876609],[-69.99582,41.87633],[-69.996927,41.876535],[-69.997256,41.876974],[-69.999066,41.876716],[-69.999039,41.877153],[-70.000443,41.877724],[-70.001726,41.877337],[-70.002202,41.877791],[-70.002412,41.877297],[-70.002875,41.877556],[-70.002818,41.877213],[-70.003357,41.877629],[-70.004411,41.877594],[-70.005374,41.8783],[-70.004505,41.879463],[-70.004578,41.879832],[-70.005926,41.88043],[-70.005145,41.880806],[-70.004466,41.880472],[-70.003741,41.88061],[-70.004871,41.881848],[-70.004585,41.882188],[-70.004375,41.881824],[-70.004045,41.881996],[-70.003938,41.882714],[-70.004466,41.883302],[-70.006077,41.883526],[-70.006545,41.884076],[-70.006107,41.884693],[-70.004524,41.885092],[-70.00409,41.885996],[-70.002913,41.88684],[-70.002123,41.886835],[-70.001932,41.887357],[-70.001067,41.887612],[-70.000496,41.888222],[-70.000542,41.888831],[-70.000216,41.889219],[-70.001245,41.889395],[-70.001154,41.890658],[-70.002184,41.891974],[-70.003678,41.893086],[-70.003117,41.894021],[-70.003386,41.894891],[-70.002154,41.89508],[-70.002075,41.895576],[-70.001903,41.89526],[-70.001452,41.895384],[-70.001334,41.896067],[-70.000842,41.896126],[-70.000827,41.896657],[-70.001233,41.897102],[-70.002492,41.897505],[-70.002775,41.899434],[-70.003601,41.899503],[-70.003852,41.899105],[-70.004316,41.899182],[-70.005546,41.900214],[-70.006201,41.901797],[-70.005922,41.904311],[-70.006427,41.905013],[-70.006228,41.905571],[-70.0065,41.905918],[-70.008939,41.906533],[-70.011055,41.905884],[-70.01439,41.90559],[-70.01533,41.905959],[-70.015998,41.905714],[-70.016579,41.906284],[-70.018319,41.906664],[-70.019684,41.907899],[-70.020444,41.907729],[-70.020792,41.908532],[-70.021638,41.909253],[-70.024171,41.909835],[-70.025972,41.912408],[-70.027787,41.913659],[-70.028339,41.914565],[-70.029133,41.914964],[-70.029173,41.915784],[-70.030773,41.916857],[-70.030682,41.917642],[-70.031488,41.918268],[-70.031066,41.918725],[-70.032623,41.921324],[-70.032824,41.923737],[-70.033599,41.924561],[-70.035389,41.925345],[-70.034831,41.925621],[-70.033434,41.924817],[-70.032447,41.924737],[-70.031263,41.925508],[-70.030051,41.925836],[-70.030262,41.924954],[-70.029355,41.923609],[-70.029494,41.922586],[-70.028129,41.921304],[-70.027804,41.920673],[-70.02805,41.920252],[-70.025662,41.919338],[-70.023819,41.919885],[-70.023308,41.92037],[-70.023538,41.920965],[-70.02512,41.921451],[-70.025506,41.922053],[-70.024016,41.924649],[-70.023881,41.926011],[-70.022807,41.928598],[-70.023795,41.929408],[-70.024529,41.929525],[-70.025513,41.92915],[-70.025903,41.929682],[-70.026632,41.929893],[-70.029891,41.92959],[-70.030337,41.928861],[-70.035724,41.930281],[-70.039373,41.930086],[-70.043898,41.930326],[-70.050507,41.929497],[-70.05205,41.92909],[-70.053447,41.928034],[-70.056127,41.927024],[-70.057853,41.925703],[-70.059179,41.925239],[-70.059979,41.925449],[-70.060763,41.926338],[-70.063485,41.928191],[-70.063478,41.927844],[-70.066749,41.928755],[-70.066792,41.929412],[-70.065535,41.929251],[-70.064486,41.930239],[-70.064323,41.930905],[-70.064889,41.931525],[-70.066146,41.931417],[-70.067851,41.93071],[-70.070555,41.92856],[-70.070433,41.925184],[-70.06983,41.924535],[-70.068624,41.924345],[-70.067894,41.923819],[-70.065143,41.923392],[-70.063722,41.923945],[-70.062828,41.92392],[-70.06234,41.924382],[-70.061956,41.92353],[-70.060965,41.923229],[-70.059361,41.921776],[-70.057833,41.921133],[-70.054554,41.922101],[-70.054442,41.922877],[-70.053298,41.922271],[-70.054439,41.921273],[-70.054397,41.920396],[-70.055873,41.919006],[-70.061892,41.916091],[-70.064335,41.914487],[-70.064666,41.913315],[-70.064044,41.913551],[-70.063739,41.913295],[-70.064281,41.91269],[-70.064349,41.911752],[-70.065546,41.910251],[-70.065583,41.909366],[-70.065057,41.908106],[-70.06632,41.90364],[-70.065968,41.901597],[-70.066181,41.90081],[-70.065724,41.900521],[-70.067248,41.900146],[-70.068772,41.900585],[-70.07077,41.899026],[-70.070537,41.895886],[-70.068859,41.892111],[-70.068257,41.888153],[-70.067266,41.885276],[-70.067571,41.884767],[-70.068323,41.884771],[-70.068216,41.885808],[-70.069498,41.888508],[-70.069457,41.89181],[-70.070403,41.893137],[-70.070712,41.894626],[-70.072071,41.895779],[-70.071582,41.897946],[-70.072134,41.904334],[-70.072097,41.908274],[-70.072471,41.91066],[-70.072273,41.912784],[-70.073303,41.915417],[-70.073088,41.918713],[-70.073466,41.922403],[-70.073232,41.924298],[-70.073845,41.927476],[-70.073365,41.935165],[-70.074145,41.938701],[-70.076566,41.941085],[-70.077037,41.941947],[-70.077445,41.947044],[-70.076387,41.954732],[-70.076641,41.9561],[-70.077598,41.957813],[-70.038801,41.962878],[-69.997101,41.96677],[-69.987521,41.951188],[-69.977736,41.932964],[-69.967775,41.910642],[-69.956676,41.880004],[-69.980616,41.877057]]]]}},{"type":"Feature","properties":{"area_id":"319","layer":"municipality","name":"Wendell","municipality_type":"town","county_id":"25011"},"geometry":{"type":"Polygon","coordinates":[[[-72.361627,42.595613],[-72.360238,42.597629],[-72.358818,42.598796],[-72.357085,42.598853],[-72.353786,42.598094],[-72.356791,42.548711],[-72.358184,42.501355],[-72.36847,42.5025],[-72.440884,42.510385],[-72.439539,42.518587],[-72.459642,42.516432],[-72.452736,42.554564],[-72.453872,42.55722],[-72.453934,42.558306],[-72.454735,42.559632],[-72.456873,42.561584],[-72.459704,42.563211],[-72.45994,42.563978],[-72.460806,42.564578],[-72.461158,42.565381],[-72.462378,42.566641],[-72.462324,42.567177],[-72.463603,42.568689],[-72.46426,42.570391],[-72.463838,42.571822],[-72.464205,42.573299],[-72.463839,42.574016],[-72.466127,42.576748],[-72.461346,42.578223],[-72.461123,42.5793],[-72.459957,42.580543],[-72.457017,42.581558],[-72.453587,42.583475],[-72.449557,42.586091],[-72.445778,42.589142],[-72.443152,42.589602],[-72.441406,42.592101],[-72.437429,42.59396],[-72.437016,42.594711],[-72.437859,42.597621],[-72.437673,42.598256],[-72.43402,42.599763],[-72.432233,42.601052],[-72.429318,42.605629],[-72.42774,42.607031],[-72.426451,42.60766],[-72.422282,42.607534],[-72.41712,42.607841],[-72.41586,42.607634],[-72.414097,42.606202],[-72.409585,42.603841],[-72.401995,42.598032],[-72.393802,42.598087],[-72.392847,42.597895],[-72.388855,42.595808],[-72.383961,42.598052],[-72.378774,42.597813],[-72.375961,42.599112],[-72.373571,42.599418],[-72.369696,42.598377],[-72.363911,42.595595],[-72.362302,42.595231],[-72.361627,42.595613]]]}},{"type":"Feature","properties":{"area_id":"320","layer":"municipality","name":"Wenham","municipality_type":"town","county_id":"25009"},"geometry":{"type":"Polygon","coordinates":[[[-70.875334,42.60989],[-70.814544,42.593423],[-70.810085,42.584227],[-70.813297,42.580148],[-70.81902,42.579295],[-70.820312,42.577831],[-70.827693,42.583141],[-70.835412,42.59069],[-70.901393,42.590983],[-70.922343,42.591523],[-70.927498,42.592237],[-70.933859,42.599589],[-70.929454,42.608989],[-70.931109,42.612434],[-70.927465,42.617028],[-70.925715,42.622933],[-70.924286,42.623793],[-70.922773,42.623238],[-70.920837,42.623764],[-70.919961,42.623144],[-70.919379,42.623797],[-70.918918,42.623854],[-70.918554,42.623607],[-70.919149,42.62303],[-70.918928,42.622771],[-70.875334,42.60989]]]}},{"type":"Feature","properties":{"area_id":"321","layer":"municipality","name":"West Boylston","municipality_type":"town","county_id":"25027"},"geometry":{"type":"Polygon","coordinates":[[[-71.786554,42.398988],[-71.777737,42.400418],[-71.763306,42.400376],[-71.741917,42.392782],[-71.74192,42.386859],[-71.753806,42.38314],[-71.759707,42.370751],[-71.763739,42.344204],[-71.764442,42.312871],[-71.767193,42.313249],[-71.76724,42.311452],[-71.768268,42.311269],[-71.77972,42.328971],[-71.785895,42.341196],[-71.802043,42.331354],[-71.824163,42.404863],[-71.817768,42.403963],[-71.786554,42.398988]]]}},{"type":"Feature","properties":{"area_id":"322","layer":"municipality","name":"West Bridgewater","municipality_type":"town","county_id":"25023"},"geometry":{"type":"Polygon","coordinates":[[[-70.979586,42.011009],[-70.978786,42.007403],[-70.990618,42.003914],[-71.00271,41.998067],[-71.054184,41.982725],[-71.054718,41.985066],[-71.069595,42.049712],[-71.025777,42.055098],[-71.022926,42.042187],[-70.98716,42.046577],[-70.979586,42.011009]]]}},{"type":"Feature","properties":{"area_id":"323","layer":"municipality","name":"West Brookfield","municipality_type":"town","county_id":"25027"},"geometry":{"type":"Polygon","coordinates":[[[-72.117352,42.278829],[-72.125038,42.263482],[-72.113293,42.25244],[-72.117382,42.242779],[-72.111252,42.238591],[-72.112766,42.233227],[-72.118794,42.230955],[-72.119866,42.21395],[-72.123743,42.215683],[-72.129844,42.221247],[-72.142258,42.197461],[-72.1397,42.179545],[-72.147211,42.181481],[-72.153903,42.207192],[-72.170099,42.232588],[-72.171194,42.233542],[-72.171305,42.234302],[-72.172976,42.234942],[-72.174083,42.235759],[-72.174508,42.236711],[-72.17581,42.237012],[-72.176755,42.236862],[-72.177656,42.237276],[-72.177586,42.23809],[-72.178461,42.239142],[-72.178175,42.239634],[-72.179259,42.244626],[-72.179723,42.244836],[-72.179421,42.245538],[-72.179738,42.245739],[-72.179404,42.24607],[-72.181127,42.246083],[-72.182163,42.24798],[-72.182507,42.251397],[-72.211077,42.251261],[-72.211458,42.252428],[-72.211102,42.255686],[-72.216091,42.256205],[-72.217819,42.270189],[-72.21278,42.269813],[-72.212044,42.28266],[-72.20711,42.285255],[-72.203957,42.288888],[-72.203282,42.291191],[-72.210799,42.294488],[-72.169045,42.29786],[-72.170447,42.294043],[-72.170545,42.291532],[-72.164742,42.291366],[-72.164744,42.29179],[-72.161739,42.291885],[-72.161542,42.288363],[-72.144949,42.291229],[-72.145691,42.277168],[-72.134785,42.281157],[-72.117352,42.278829]]]}},{"type":"Feature","properties":{"area_id":"324","layer":"municipality","name":"West Newbury","municipality_type":"town","county_id":"25009"},"geometry":{"type":"Polygon","coordinates":[[[-70.963573,42.820344],[-70.961462,42.819903],[-70.957898,42.819721],[-70.945753,42.820689],[-70.940296,42.822557],[-70.937422,42.819223],[-70.936184,42.818465],[-70.935846,42.817724],[-70.934202,42.817859],[-70.934605,42.816536],[-70.93372,42.815676],[-70.932788,42.815075],[-70.931835,42.81513],[-70.930664,42.814602],[-70.931504,42.813576],[-70.931591,42.812125],[-70.931285,42.811516],[-70.930133,42.810636],[-70.929623,42.808819],[-70.929906,42.808148],[-70.931569,42.806412],[-70.93081,42.802701],[-70.917389,42.787479],[-70.926251,42.781035],[-70.931887,42.778992],[-70.933612,42.778743],[-70.940558,42.775807],[-70.942418,42.774855],[-70.945716,42.77234],[-70.949537,42.770312],[-70.949989,42.769772],[-70.9517,42.76887],[-70.952671,42.769007],[-70.956828,42.767097],[-70.958292,42.76566],[-70.95945,42.76628],[-70.963419,42.765385],[-70.966494,42.760247],[-70.967189,42.758286],[-70.996486,42.771655],[-71.020382,42.784305],[-71.020192,42.787304],[-71.019595,42.790091],[-71.01799,42.792439],[-71.013257,42.796017],[-71.003522,42.801027],[-70.999835,42.805049],[-70.998603,42.807539],[-70.998772,42.809008],[-70.999604,42.810549],[-71.000845,42.812524],[-71.001204,42.813731],[-71.001158,42.817272],[-71.000107,42.818881],[-70.99645,42.821468],[-70.995061,42.821869],[-70.991202,42.822127],[-70.986113,42.823738],[-70.979605,42.824583],[-70.972424,42.823952],[-70.969165,42.822472],[-70.963573,42.820344]]]}},{"type":"Feature","properties":{"area_id":"325","layer":"municipality","name":"West Springfield","municipality_type":"town with city form of government","county_id":"25013"},"geometry":{"type":"Polygon","coordinates":[[[-72.627881,42.155585],[-72.627079,42.151407],[-72.625359,42.149199],[-72.618463,42.143797],[-72.615896,42.139961],[-72.61497,42.137598],[-72.615759,42.133424],[-72.617502,42.129988],[-72.620901,42.125078],[-72.621491,42.12378],[-72.622158,42.120671],[-72.620947,42.11639],[-72.615211,42.109488],[-72.610398,42.106285],[-72.601078,42.102475],[-72.596766,42.100353],[-72.592637,42.097447],[-72.588523,42.093244],[-72.591765,42.092031],[-72.594921,42.093796],[-72.598524,42.093437],[-72.598845,42.093182],[-72.60074,42.086261],[-72.601082,42.086005],[-72.605701,42.087825],[-72.609546,42.088619],[-72.613554,42.087553],[-72.619953,42.08754],[-72.627279,42.089991],[-72.628976,42.091142],[-72.631092,42.095177],[-72.630849,42.095923],[-72.629835,42.096631],[-72.629517,42.097341],[-72.630657,42.100009],[-72.631194,42.100439],[-72.634186,42.100508],[-72.636568,42.099194],[-72.638636,42.09882],[-72.643502,42.099388],[-72.647108,42.09927],[-72.649257,42.098888],[-72.651784,42.097875],[-72.655221,42.097537],[-72.657261,42.096867],[-72.65834,42.096125],[-72.660144,42.093419],[-72.661359,42.089864],[-72.661337,42.08864],[-72.660799,42.086994],[-72.66096,42.086121],[-72.661781,42.084559],[-72.663012,42.084317],[-72.66417,42.084856],[-72.666319,42.086576],[-72.667583,42.0899],[-72.669104,42.09221],[-72.670462,42.093429],[-72.673247,42.094871],[-72.67397,42.096393],[-72.675718,42.098421],[-72.676216,42.100257],[-72.68018,42.100972],[-72.681444,42.100705],[-72.68188,42.101012],[-72.682521,42.102855],[-72.682625,42.106083],[-72.68297,42.106803],[-72.684422,42.10715],[-72.688687,42.106243],[-72.694861,42.105891],[-72.69303,42.112677],[-72.692496,42.117022],[-72.690765,42.12288],[-72.690929,42.125705],[-72.69019,42.128747],[-72.686359,42.135955],[-72.687181,42.142374],[-72.686692,42.143894],[-72.689154,42.146333],[-72.687976,42.149382],[-72.686659,42.150696],[-72.685539,42.154579],[-72.684892,42.162946],[-72.627344,42.162041],[-72.627881,42.155585]]]}},{"type":"Feature","properties":{"area_id":"326","layer":"municipality","name":"West Stockbridge","municipality_type":"town","county_id":"25003"},"geometry":{"type":"Polygon","coordinates":[[[-73.3505,42.339459],[-73.352298,42.320118],[-73.364734,42.319043],[-73.365927,42.259154],[-73.365941,42.258534],[-73.40245,42.258549],[-73.400008,42.272521],[-73.415499,42.279787],[-73.415422,42.292028],[-73.431298,42.296153],[-73.410858,42.351744],[-73.340958,42.351884],[-73.3505,42.339459]]]}},{"type":"Feature","properties":{"area_id":"327","layer":"municipality","name":"West Tisbury","municipality_type":"town","county_id":"25007"},"geometry":{"type":"Polygon","coordinates":[[[-70.609477,41.384848],[-70.607061,41.349309],[-70.634587,41.348255],[-70.650994,41.347084],[-70.651818,41.350015],[-70.653599,41.352712],[-70.655536,41.354425],[-70.659607,41.356942],[-70.661234,41.358604],[-70.66252,41.361136],[-70.66435,41.36194],[-70.665377,41.363037],[-70.667462,41.368764],[-70.66832,41.373509],[-70.673407,41.374322],[-70.673915,41.375256],[-70.67707,41.37751],[-70.678936,41.376346],[-70.681892,41.373259],[-70.684223,41.371851],[-70.689575,41.37861],[-70.697192,41.39124],[-70.705782,41.401109],[-70.712334,41.409279],[-70.711537,41.411232],[-70.711821,41.413829],[-70.711122,41.415682],[-70.710277,41.416772],[-70.710107,41.417671],[-70.709099,41.418536],[-70.708086,41.418784],[-70.70688,41.419933],[-70.705928,41.422004],[-70.705432,41.424195],[-70.701921,41.428446],[-70.701377,41.430412],[-70.701565,41.43268],[-70.700981,41.433827],[-70.698987,41.434507],[-70.697887,41.435428],[-70.696613,41.434943],[-70.695656,41.434951],[-70.69269,41.436311],[-70.690505,41.4369],[-70.68913,41.438063],[-70.687376,41.440941],[-70.686116,41.442044],[-70.684645,41.442081],[-70.682548,41.441055],[-70.680219,41.440774],[-70.677404,41.441531],[-70.674796,41.441678],[-70.67266,41.442483],[-70.670339,41.444703],[-70.669624,41.44694],[-70.668693,41.448073],[-70.66784,41.449945],[-70.666313,41.451637],[-70.664892,41.45691],[-70.659519,41.460757],[-70.658606,41.460964],[-70.657153,41.460719],[-70.656256,41.46101],[-70.615102,41.413641],[-70.609477,41.384848]]]}},{"type":"Feature","properties":{"area_id":"328","layer":"municipality","name":"Westborough","municipality_type":"town","county_id":"25027"},"geometry":{"type":"Polygon","coordinates":[[[-71.55173,42.266335],[-71.552511,42.267506],[-71.554499,42.267893],[-71.555285,42.267469],[-71.555464,42.267842],[-71.556585,42.268142],[-71.557879,42.267409],[-71.558335,42.2674],[-71.558582,42.267876],[-71.559781,42.26759],[-71.560585,42.267872],[-71.562195,42.26766],[-71.58676,42.259554],[-71.599319,42.225968],[-71.621111,42.230877],[-71.644428,42.226636],[-71.648423,42.245185],[-71.650162,42.2478],[-71.670934,42.24471],[-71.674173,42.248599],[-71.674456,42.252366],[-71.676442,42.254181],[-71.670619,42.261078],[-71.659175,42.266841],[-71.670116,42.278772],[-71.642703,42.2882],[-71.643013,42.28927],[-71.64235,42.290558],[-71.637876,42.292754],[-71.637649,42.294314],[-71.636997,42.29488],[-71.637166,42.296212],[-71.634182,42.297034],[-71.634326,42.298323],[-71.633209,42.300569],[-71.580033,42.3059],[-71.542739,42.269751],[-71.542938,42.267189],[-71.550116,42.266032],[-71.55173,42.266335]]]}},{"type":"Feature","properties":{"area_id":"329","layer":"municipality","name":"Westfield","municipality_type":"city","county_id":"25013"},"geometry":{"type":"Polygon","coordinates":[[[-72.686862,42.183399],[-72.684892,42.162946],[-72.685539,42.154579],[-72.686659,42.150696],[-72.687976,42.149382],[-72.689154,42.146333],[-72.686692,42.143894],[-72.687181,42.142374],[-72.686359,42.135955],[-72.69019,42.128747],[-72.690929,42.125705],[-72.690765,42.12288],[-72.692496,42.117022],[-72.69303,42.112677],[-72.694861,42.105891],[-72.69546,42.104764],[-72.695694,42.103089],[-72.696308,42.102358],[-72.701965,42.091047],[-72.702868,42.087742],[-72.705652,42.082153],[-72.70599,42.080806],[-72.837213,42.102227],[-72.83932,42.111735],[-72.853896,42.11501],[-72.851294,42.124668],[-72.850568,42.125115],[-72.849441,42.124911],[-72.847019,42.126422],[-72.843842,42.126066],[-72.842793,42.12672],[-72.842747,42.127146],[-72.844167,42.129964],[-72.844252,42.131378],[-72.843937,42.132272],[-72.843425,42.132491],[-72.84082,42.132214],[-72.839217,42.133385],[-72.836803,42.133825],[-72.835912,42.134771],[-72.836331,42.136814],[-72.835519,42.137452],[-72.831302,42.138274],[-72.830491,42.138107],[-72.828937,42.136995],[-72.812876,42.155857],[-72.807515,42.157348],[-72.802507,42.162895],[-72.797893,42.16587],[-72.785763,42.200483],[-72.78104,42.199758],[-72.686862,42.183399]]]}},{"type":"Feature","properties":{"area_id":"330","layer":"municipality","name":"Westford","municipality_type":"town","county_id":"25017"},"geometry":{"type":"Polygon","coordinates":[[[-71.384741,42.538708],[-71.399515,42.534025],[-71.423796,42.526198],[-71.428535,42.528812],[-71.480021,42.558103],[-71.483765,42.573797],[-71.498007,42.576872],[-71.496182,42.591457],[-71.493528,42.617412],[-71.417643,42.653783],[-71.405383,42.610333],[-71.401998,42.599882],[-71.400227,42.591108],[-71.388374,42.549955],[-71.384741,42.538708]]]}},{"type":"Feature","properties":{"area_id":"331","layer":"municipality","name":"Westhampton","municipality_type":"town","county_id":"25015"},"geometry":{"type":"Polygon","coordinates":[[[-72.736301,42.276547],[-72.73576,42.266534],[-72.814406,42.256809],[-72.821115,42.338633],[-72.82226,42.352826],[-72.777143,42.358253],[-72.741219,42.362739],[-72.736727,42.28425],[-72.736301,42.276547]]]}},{"type":"Feature","properties":{"area_id":"332","layer":"municipality","name":"Westminster","municipality_type":"town","county_id":"25027"},"geometry":{"type":"Polygon","coordinates":[[[-71.842005,42.514686],[-71.844955,42.514447],[-71.847371,42.514714],[-71.849399,42.517911],[-71.856838,42.519092],[-71.861041,42.516383],[-71.864533,42.516942],[-71.90965,42.484501],[-71.919836,42.491456],[-71.979687,42.532319],[-71.975523,42.535927],[-71.972523,42.53618],[-71.959395,42.546396],[-71.963939,42.549446],[-71.951809,42.56032],[-71.923504,42.595424],[-71.928023,42.602019],[-71.912813,42.607826],[-71.912907,42.607429],[-71.91141,42.607876],[-71.910663,42.60671],[-71.895296,42.611612],[-71.895977,42.612773],[-71.892894,42.61377],[-71.892141,42.612476],[-71.883052,42.615334],[-71.883629,42.616359],[-71.880602,42.617348],[-71.882035,42.61992],[-71.858659,42.629033],[-71.862345,42.558048],[-71.860263,42.558527],[-71.856874,42.558127],[-71.855132,42.5583],[-71.855593,42.552064],[-71.862509,42.552484],[-71.862954,42.544711],[-71.837808,42.543794],[-71.842005,42.514686]]]}},{"type":"Feature","properties":{"area_id":"333","layer":"municipality","name":"Weston","municipality_type":"town","county_id":"25017"},"geometry":{"type":"Polygon","coordinates":[[[-71.279584,42.398761],[-71.276173,42.392925],[-71.267762,42.39015],[-71.276518,42.374973],[-71.273624,42.373744],[-71.273039,42.372502],[-71.272149,42.371785],[-71.272377,42.371517],[-71.271756,42.371235],[-71.271877,42.370795],[-71.270684,42.369431],[-71.270233,42.368367],[-71.270773,42.367493],[-71.273143,42.366566],[-71.273567,42.365907],[-71.273423,42.365244],[-71.271276,42.363382],[-71.269309,42.362645],[-71.268918,42.359889],[-71.264923,42.35525],[-71.262889,42.354238],[-71.260359,42.353666],[-71.259146,42.351731],[-71.258624,42.349369],[-71.260307,42.348203],[-71.260431,42.347619],[-71.259761,42.34612],[-71.261236,42.34429],[-71.261877,42.341929],[-71.261043,42.341011],[-71.258249,42.341199],[-71.256865,42.340656],[-71.255886,42.34012],[-71.25569,42.339299],[-71.256747,42.338048],[-71.258956,42.336595],[-71.259204,42.335427],[-71.259934,42.334833],[-71.261005,42.334612],[-71.263138,42.334911],[-71.264416,42.334481],[-71.265131,42.331839],[-71.265666,42.331282],[-71.268011,42.330568],[-71.269768,42.33119],[-71.270248,42.330989],[-71.269763,42.32977],[-71.270281,42.32874],[-71.269953,42.32809],[-71.32737,42.313728],[-71.327445,42.321123],[-71.328754,42.331669],[-71.335878,42.39395],[-71.33457,42.396122],[-71.321525,42.392692],[-71.31985,42.392884],[-71.31775,42.392178],[-71.314614,42.393225],[-71.315244,42.393489],[-71.313525,42.396289],[-71.312225,42.395834],[-71.309941,42.399642],[-71.293379,42.40225],[-71.283234,42.398992],[-71.282823,42.399745],[-71.279584,42.398761]]]}},{"type":"Feature","properties":{"area_id":"334","layer":"municipality","name":"Westport","municipality_type":"town","county_id":"25005"},"geometry":{"type":"Polygon","coordinates":[[[-71.023362,41.503912],[-71.026536,41.503373],[-71.030026,41.501641],[-71.03392,41.500298],[-71.03618,41.498777],[-71.038033,41.496387],[-71.038386,41.495703],[-71.038274,41.495124],[-71.038464,41.493667],[-71.038077,41.490449],[-71.03687,41.48905],[-71.035412,41.488406],[-71.034736,41.487695],[-71.03594,41.486692],[-71.036666,41.485237],[-71.036597,41.484626],[-71.035989,41.48404],[-71.035269,41.482467],[-71.036751,41.481918],[-71.03631,41.481379],[-71.037546,41.480586],[-71.03851,41.481267],[-71.038608,41.481736],[-71.039036,41.481672],[-71.038827,41.483394],[-71.03925,41.484217],[-71.039232,41.485672],[-71.039736,41.486621],[-71.03944,41.487807],[-71.040603,41.490303],[-71.038738,41.493192],[-71.038491,41.495119],[-71.039303,41.495321],[-71.044661,41.49998],[-71.048582,41.50235],[-71.054486,41.504728],[-71.060276,41.506107],[-71.062759,41.507002],[-71.074494,41.50832],[-71.079471,41.50923],[-71.084689,41.509487],[-71.087116,41.508505],[-71.087677,41.507961],[-71.087903,41.507106],[-71.090653,41.505904],[-71.091061,41.505287],[-71.092149,41.504844],[-71.092622,41.503887],[-71.093958,41.504327],[-71.095665,41.504158],[-71.096999,41.504476],[-71.096608,41.504071],[-71.099977,41.504331],[-71.103028,41.503875],[-71.104852,41.50297],[-71.105565,41.50226],[-71.10607,41.502524],[-71.106229,41.502075],[-71.106795,41.502025],[-71.106902,41.501727],[-71.111759,41.500909],[-71.11368,41.500136],[-71.115398,41.498818],[-71.115161,41.498572],[-71.115448,41.496613],[-71.115887,41.496277],[-71.118964,41.497098],[-71.12047,41.497156],[-71.122444,41.522133],[-71.13162,41.593725],[-71.138348,41.603686],[-71.1354,41.625657],[-71.133268,41.629705],[-71.133335,41.630357],[-71.133005,41.630934],[-71.134053,41.632028],[-71.134191,41.634006],[-71.132758,41.636444],[-71.11895,41.680691],[-71.114408,41.692813],[-71.105694,41.692813],[-71.076675,41.687478],[-71.075095,41.678011],[-71.064097,41.667212],[-71.062607,41.665407],[-71.054184,41.653266],[-71.051732,41.648458],[-71.048936,41.640257],[-71.04627,41.63721],[-71.044876,41.636629],[-71.043083,41.633321],[-71.038542,41.628107],[-71.036659,41.624124],[-71.037767,41.623438],[-71.03773,41.62211],[-71.036543,41.617309],[-71.038329,41.608038],[-71.036847,41.598192],[-71.037486,41.597812],[-71.039017,41.595665],[-71.039675,41.593773],[-71.041026,41.593025],[-71.044819,41.589857],[-71.045008,41.587752],[-71.044553,41.586569],[-71.040047,41.581023],[-71.033184,41.571091],[-71.032176,41.569087],[-71.031587,41.566041],[-71.029444,41.559528],[-71.029049,41.557398],[-71.029744,41.554909],[-71.030995,41.552157],[-71.030158,41.548164],[-71.031471,41.546393],[-71.029603,41.538709],[-71.0263,41.53052],[-71.032722,41.527772],[-71.028595,41.513826],[-71.022204,41.504414],[-71.023362,41.503912]]]}},{"type":"Feature","properties":{"area_id":"335","layer":"municipality","name":"Westwood","municipality_type":"town","county_id":"25021"},"geometry":{"type":"Polygon","coordinates":[[[-71.147111,42.208301],[-71.148466,42.206604],[-71.147575,42.205971],[-71.145713,42.206353],[-71.146256,42.205261],[-71.146308,42.204254],[-71.14996,42.201078],[-71.150464,42.199951],[-71.151902,42.198851],[-71.15235,42.198042],[-71.153759,42.197861],[-71.154853,42.19695],[-71.162332,42.201292],[-71.163233,42.202151],[-71.178676,42.21231],[-71.185231,42.212821],[-71.189981,42.213585],[-71.196532,42.213864],[-71.210779,42.208815],[-71.238344,42.1828],[-71.239563,42.183446],[-71.240719,42.184599],[-71.240208,42.186841],[-71.241572,42.187824],[-71.24239,42.191043],[-71.241878,42.191846],[-71.241954,42.192646],[-71.242667,42.193319],[-71.244237,42.196651],[-71.245209,42.197272],[-71.246268,42.19745],[-71.248647,42.199325],[-71.251417,42.202622],[-71.232238,42.256907],[-71.232287,42.258434],[-71.231721,42.259264],[-71.206155,42.2434],[-71.186171,42.228666],[-71.166723,42.22361],[-71.145933,42.209231],[-71.147111,42.208301]]]}},{"type":"Feature","properties":{"area_id":"336","layer":"municipality","name":"Weymouth","municipality_type":"town with city form of government","county_id":"25021"},"geometry":{"type":"MultiPolygon","coordinates":[[[[-70.914733,42.225205],[-70.924878,42.157589],[-70.940764,42.151381],[-70.981268,42.135521],[-70.976478,42.168333],[-70.968701,42.219887],[-70.967685,42.220671],[-70.968067,42.221699],[-70.966755,42.223479],[-70.964113,42.224608],[-70.962647,42.224488],[-70.960447,42.226479],[-70.960247,42.227206],[-70.960599,42.228381],[-70.960241,42.229136],[-70.959519,42.229666],[-70.958978,42.229107],[-70.958783,42.229282],[-70.958856,42.229979],[-70.959481,42.230622],[-70.958938,42.232858],[-70.958306,42.233404],[-70.956502,42.23409],[-70.956223,42.235171],[-70.955727,42.235235],[-70.954079,42.23439],[-70.952699,42.232328],[-70.951573,42.232124],[-70.949962,42.232478],[-70.951342,42.233443],[-70.95126,42.234047],[-70.952036,42.234715],[-70.951441,42.234809],[-70.951522,42.235481],[-70.952294,42.235354],[-70.951798,42.235711],[-70.952212,42.236018],[-70.952147,42.236587],[-70.950756,42.236167],[-70.949906,42.236268],[-70.949831,42.236524],[-70.950591,42.23743],[-70.951915,42.238026],[-70.953021,42.237922],[-70.955116,42.239131],[-70.956149,42.239264],[-70.957403,42.239931],[-70.958969,42.239589],[-70.961073,42.240153],[-70.963322,42.24013],[-70.963628,42.238939],[-70.96699,42.239697],[-70.966621,42.243216],[-70.966182,42.243611],[-70.965905,42.244567],[-70.966205,42.244643],[-70.966208,42.24502],[-70.963471,42.245976],[-70.961642,42.24579],[-70.961879,42.243743],[-70.960985,42.243326],[-70.9585,42.243849],[-70.9576,42.244535],[-70.957666,42.245903],[-70.958143,42.245683],[-70.959313,42.245952],[-70.958366,42.247055],[-70.95771,42.24722],[-70.957525,42.248042],[-70.957109,42.247729],[-70.955294,42.247577],[-70.952742,42.248392],[-70.952881,42.248903],[-70.95263,42.249117],[-70.95067,42.248832],[-70.949245,42.250088],[-70.947157,42.250153],[-70.946966,42.250507],[-70.945064,42.25115],[-70.94443,42.251817],[-70.942801,42.252282],[-70.942567,42.252722],[-70.940376,42.252863],[-70.937937,42.253869],[-70.937147,42.254484],[-70.936926,42.255239],[-70.937169,42.256218],[-70.938014,42.257009],[-70.937847,42.257937],[-70.937068,42.257708],[-70.936321,42.257957],[-70.935858,42.257368],[-70.935111,42.257194],[-70.931214,42.257548],[-70.925694,42.257482],[-70.925052,42.257989],[-70.925011,42.258649],[-70.927374,42.258974],[-70.927879,42.25923],[-70.927906,42.259622],[-70.927235,42.260192],[-70.925046,42.260434],[-70.924217,42.260959],[-70.923914,42.262061],[-70.925797,42.263189],[-70.924165,42.263643],[-70.92229,42.262171],[-70.92251,42.260948],[-70.922159,42.259234],[-70.921348,42.258246],[-70.920176,42.25773],[-70.91988,42.256951],[-70.920051,42.255637],[-70.920981,42.255614],[-70.922337,42.254621],[-70.923109,42.254699],[-70.925316,42.254094],[-70.925186,42.25473],[-70.925807,42.255436],[-70.926957,42.255307],[-70.927331,42.255589],[-70.927451,42.255107],[-70.929154,42.255313],[-70.932966,42.254234],[-70.933333,42.253647],[-70.933176,42.25301],[-70.935262,42.253222],[-70.935667,42.252604],[-70.935157,42.251352],[-70.936113,42.251846],[-70.936768,42.251742],[-70.937142,42.249475],[-70.935198,42.24806],[-70.937963,42.247232],[-70.937275,42.24692],[-70.936106,42.247059],[-70.935142,42.247707],[-70.932932,42.247452],[-70.932647,42.248282],[-70.932273,42.248207],[-70.932288,42.247349],[-70.931774,42.247206],[-70.931559,42.246785],[-70.932198,42.246453],[-70.932126,42.245655],[-70.932573,42.245032],[-70.929791,42.241925],[-70.930707,42.23983],[-70.930116,42.239468],[-70.929585,42.239747],[-70.928769,42.237218],[-70.925874,42.234604],[-70.928081,42.234925],[-70.927951,42.233958],[-70.926851,42.233551],[-70.927523,42.232017],[-70.926586,42.230005],[-70.927081,42.229671],[-70.926437,42.229813],[-70.92624,42.229272],[-70.925698,42.229439],[-70.923387,42.228712],[-70.924114,42.228202],[-70.924565,42.227221],[-70.924458,42.225485],[-70.922524,42.224552],[-70.921452,42.224731],[-70.920415,42.225843],[-70.92006,42.225806],[-70.92015,42.225432],[-70.918937,42.226198],[-70.918182,42.225464],[-70.916883,42.225877],[-70.915945,42.225816],[-70.914733,42.225205]]],[[[-70.911114,42.268978],[-70.910271,42.269008],[-70.910165,42.268449],[-70.909569,42.268094],[-70.910451,42.267447],[-70.910281,42.26709],[-70.910866,42.266737],[-70.911354,42.265746],[-70.911284,42.26696],[-70.912187,42.267501],[-70.913234,42.267379],[-70.914145,42.268652],[-70.912414,42.269554],[-70.911114,42.268978]]],[[[-70.916553,42.26888],[-70.918238,42.268757],[-70.91981,42.268187],[-70.920006,42.267482],[-70.923438,42.267337],[-70.924555,42.26625],[-70.925568,42.26595],[-70.926275,42.266242],[-70.925019,42.266243],[-70.923951,42.267247],[-70.925491,42.26772],[-70.925931,42.268344],[-70.925905,42.269193],[-70.925168,42.269867],[-70.922012,42.270448],[-70.917669,42.272418],[-70.917476,42.271933],[-70.916373,42.271095],[-70.916071,42.270244],[-70.916553,42.26888]]]]}},{"type":"Feature","properties":{"area_id":"337","layer":"municipality","name":"Whately","municipality_type":"town","county_id":"25011"},"geometry":{"type":"Polygon","coordinates":[[[-72.587478,42.462363],[-72.589113,42.456423],[-72.589557,42.452521],[-72.589361,42.448617],[-72.58306,42.427665],[-72.581103,42.422584],[-72.585585,42.423152],[-72.622328,42.415114],[-72.629148,42.414881],[-72.629086,42.41432],[-72.669138,42.409721],[-72.704393,42.405559],[-72.700879,42.452929],[-72.657401,42.458388],[-72.655718,42.46126],[-72.657376,42.466018],[-72.656228,42.47004],[-72.632427,42.472886],[-72.631497,42.468278],[-72.623616,42.469066],[-72.623725,42.469941],[-72.611146,42.471188],[-72.609234,42.463985],[-72.585457,42.466843],[-72.587478,42.462363]]]}},{"type":"Feature","properties":{"area_id":"338","layer":"municipality","name":"Whitman","municipality_type":"town","county_id":"25023"},"geometry":{"type":"Polygon","coordinates":[[[-70.912965,42.084438],[-70.908108,42.061673],[-70.9129,42.065028],[-70.929089,42.066264],[-70.951045,42.06087],[-70.975231,42.071186],[-70.976529,42.087205],[-70.946839,42.094543],[-70.915909,42.100132],[-70.902401,42.085897],[-70.912965,42.084438]]]}},{"type":"Feature","properties":{"area_id":"339","layer":"municipality","name":"Wilbraham","municipality_type":"town","county_id":"25013"},"geometry":{"type":"Polygon","coordinates":[[[-72.37944,42.103143],[-72.41454,42.099231],[-72.418174,42.0905],[-72.469936,42.084775],[-72.471088,42.08973],[-72.484558,42.156524],[-72.478765,42.153522],[-72.474385,42.1539],[-72.469328,42.152665],[-72.464628,42.152832],[-72.458199,42.15477],[-72.454108,42.155114],[-72.452826,42.154873],[-72.450239,42.153541],[-72.448476,42.153393],[-72.445128,42.153898],[-72.441458,42.155785],[-72.437037,42.156537],[-72.435261,42.156414],[-72.431375,42.155408],[-72.428073,42.156653],[-72.420487,42.157232],[-72.418788,42.156575],[-72.417511,42.154821],[-72.413799,42.153112],[-72.412237,42.153042],[-72.41026,42.153501],[-72.409321,42.153976],[-72.409038,42.154829],[-72.410585,42.160542],[-72.410309,42.162862],[-72.412034,42.167296],[-72.411091,42.168641],[-72.411189,42.170668],[-72.410123,42.17382],[-72.410565,42.174352],[-72.412128,42.174736],[-72.412313,42.175567],[-72.410045,42.177178],[-72.410088,42.177782],[-72.407078,42.17843],[-72.401041,42.181506],[-72.397772,42.182586],[-72.395251,42.184825],[-72.389032,42.152352],[-72.37944,42.103143]]]}},{"type":"Feature","properties":{"area_id":"340","layer":"municipality","name":"Williamsburg","municipality_type":"town","county_id":"25015"},"geometry":{"type":"Polygon","coordinates":[[[-72.672127,42.371362],[-72.741219,42.362739],[-72.777143,42.358253],[-72.773534,42.401535],[-72.7703,42.444708],[-72.757759,42.445891],[-72.700879,42.452929],[-72.704393,42.405559],[-72.669138,42.409721],[-72.672127,42.371362]]]}},{"type":"Feature","properties":{"area_id":"341","layer":"municipality","name":"Williamstown","municipality_type":"town","county_id":"25003"},"geometry":{"type":"Polygon","coordinates":[[[-73.165905,42.71184],[-73.175375,42.712293],[-73.17725,42.686941],[-73.167774,42.686624],[-73.169759,42.660182],[-73.171545,42.628715],[-73.261997,42.631337],[-73.30696,42.632652],[-73.264815,42.74586],[-73.163641,42.743953],[-73.165905,42.71184]]]}},{"type":"Feature","properties":{"area_id":"342","layer":"municipality","name":"Wilmington","municipality_type":"town","county_id":"25017"},"geometry":{"type":"Polygon","coordinates":[[[-71.130525,42.583219],[-71.136743,42.553473],[-71.136479,42.552376],[-71.131296,42.531829],[-71.135455,42.53001],[-71.170035,42.515547],[-71.192953,42.534529],[-71.19512,42.535673],[-71.197726,42.538416],[-71.199749,42.539504],[-71.204995,42.544498],[-71.206408,42.545841],[-71.209808,42.546025],[-71.212373,42.547553],[-71.210609,42.547672],[-71.209831,42.551453],[-71.210609,42.552742],[-71.211392,42.55308],[-71.208873,42.554544],[-71.21867,42.561658],[-71.217816,42.561502],[-71.217531,42.56186],[-71.217697,42.562185],[-71.216907,42.56191],[-71.216438,42.562088],[-71.216727,42.562463],[-71.215717,42.562598],[-71.215537,42.563307],[-71.215812,42.563782],[-71.214636,42.564612],[-71.215281,42.564959],[-71.214263,42.565149],[-71.214936,42.565915],[-71.214431,42.566345],[-71.215064,42.566953],[-71.215315,42.570354],[-71.214433,42.571038],[-71.213681,42.571187],[-71.212636,42.572329],[-71.212669,42.572726],[-71.212005,42.572605],[-71.211705,42.573195],[-71.21139,42.573052],[-71.211128,42.573321],[-71.192531,42.564547],[-71.175196,42.592274],[-71.164879,42.59803],[-71.16391,42.60186],[-71.160668,42.605327],[-71.159518,42.607668],[-71.158598,42.612991],[-71.156565,42.614985],[-71.15442,42.615277],[-71.148653,42.613177],[-71.143187,42.604038],[-71.141203,42.603216],[-71.135406,42.599088],[-71.130525,42.583219]]]}},{"type":"Feature","properties":{"area_id":"343","layer":"municipality","name":"Winchendon","municipality_type":"town","county_id":"25027"},"geometry":{"type":"Polygon","coordinates":[[[-71.986074,42.630025],[-72.035047,42.608868],[-72.046095,42.60186],[-72.075751,42.625245],[-72.116632,42.626616],[-72.111081,42.717241],[-71.981432,42.713237],[-71.986074,42.630025]]]}},{"type":"Feature","properties":{"area_id":"344","layer":"municipality","name":"Winchester","municipality_type":"town","county_id":"25017"},"geometry":{"type":"Polygon","coordinates":[[[-71.121347,42.448679],[-71.124139,42.444118],[-71.121977,42.439795],[-71.12715,42.438895],[-71.129072,42.435559],[-71.149887,42.435849],[-71.182278,42.436288],[-71.177886,42.44021],[-71.182563,42.443646],[-71.182544,42.443902],[-71.18353,42.44401],[-71.183938,42.444296],[-71.183816,42.444618],[-71.185713,42.445013],[-71.189636,42.449838],[-71.16299,42.460208],[-71.156236,42.456924],[-71.152339,42.46371],[-71.123863,42.473401],[-71.112053,42.473815],[-71.109522,42.473904],[-71.119403,42.453454],[-71.121347,42.448679]]]}},{"type":"Feature","properties":{"area_id":"345","layer":"municipality","name":"Windsor","municipality_type":"town","county_id":"25003"},"geometry":{"type":"Polygon","coordinates":[[[-72.968584,42.54002],[-72.979283,42.497865],[-72.986475,42.466714],[-72.988128,42.466956],[-73.067947,42.480124],[-73.115171,42.487799],[-73.11369,42.492421],[-73.120266,42.493499],[-73.107867,42.536474],[-73.103777,42.550824],[-73.08856,42.548418],[-73.085426,42.55951],[-72.979037,42.541626],[-72.968584,42.54002]]]}},{"type":"Feature","properties":{"area_id":"346","layer":"municipality","name":"Winthrop","municipality_type":"town with city form of government","county_id":"25025"},"geometry":{"type":"MultiPolygon","coordinates":[[[[-70.977525,42.365349],[-70.979068,42.363993],[-70.980412,42.364138],[-70.980752,42.363904],[-70.981209,42.364257],[-70.981523,42.36559],[-70.983135,42.366451],[-70.98008,42.367299],[-70.978471,42.36706],[-70.977632,42.36609],[-70.977525,42.365349]]],[[[-71.010361,42.365048],[-71.006124,42.376061],[-71.000085,42.377778],[-70.997445,42.377224],[-70.997953,42.376988],[-71.00115,42.36991],[-71.000365,42.368634],[-70.998544,42.366972],[-70.9984,42.366416],[-71.000444,42.365356],[-71.000696,42.364649],[-71.010361,42.365048]]],[[[-70.967453,42.378065],[-70.967441,42.378206],[-70.966761,42.377152],[-70.966794,42.377023],[-70.967453,42.378065]]],[[[-70.968821,42.355875],[-70.973734,42.35831],[-70.975007,42.359505],[-70.975329,42.360477],[-70.975154,42.362417],[-70.97558,42.362545],[-70.97456,42.363915],[-70.973942,42.36416],[-70.97228,42.363895],[-70.972143,42.363656],[-70.973013,42.361839],[-70.971859,42.36171],[-70.969775,42.365662],[-70.969733,42.366324],[-70.97007,42.366843],[-70.971134,42.366655],[-70.970903,42.366503],[-70.971316,42.366512],[-70.971086,42.36629],[-70.971282,42.366178],[-70.972378,42.366671],[-70.972459,42.367186],[-70.971578,42.367934],[-70.971714,42.368765],[-70.971137,42.369507],[-70.971559,42.370196],[-70.971157,42.37032],[-70.97068,42.371146],[-70.971413,42.371658],[-70.972324,42.370823],[-70.973348,42.370694],[-70.971919,42.371334],[-70.972004,42.372233],[-70.975091,42.371299],[-70.976755,42.371593],[-70.978242,42.37147],[-70.976969,42.370957],[-70.97997,42.371104],[-70.980623,42.371409],[-70.980548,42.37098],[-70.980881,42.371043],[-70.981715,42.369981],[-70.984453,42.369152],[-70.984383,42.368718],[-70.986461,42.368785],[-70.988139,42.36843],[-70.9896,42.368467],[-70.990458,42.369446],[-70.996148,42.371178],[-70.996773,42.372042],[-70.996876,42.372846],[-70.996479,42.373436],[-70.996051,42.37584],[-70.995506,42.376222],[-70.993298,42.376569],[-70.992716,42.377316],[-70.992503,42.380381],[-70.992815,42.380568],[-70.992326,42.381085],[-70.99236,42.381486],[-70.992753,42.381963],[-70.993915,42.382096],[-70.993911,42.383748],[-70.99339,42.383905],[-70.99389,42.384091],[-70.992876,42.384467],[-70.992303,42.38429],[-70.992522,42.384705],[-70.991011,42.38526],[-70.99052,42.384488],[-70.990455,42.385462],[-70.989319,42.386094],[-70.986837,42.385858],[-70.98604,42.386224],[-70.985592,42.386627],[-70.985373,42.388179],[-70.983264,42.389233],[-70.982746,42.390802],[-70.981455,42.390854],[-70.980429,42.391747],[-70.979513,42.390913],[-70.977358,42.390202],[-70.976607,42.389518],[-70.975695,42.389545],[-70.973867,42.390884],[-70.973358,42.390312],[-70.973524,42.390039],[-70.97229,42.390247],[-70.968672,42.38994],[-70.967436,42.389429],[-70.966604,42.388571],[-70.966825,42.387711],[-70.967808,42.387605],[-70.96764,42.38734],[-70.968294,42.387156],[-70.968954,42.387277],[-70.968831,42.386992],[-70.969394,42.386706],[-70.97072,42.386485],[-70.972056,42.384319],[-70.972444,42.380882],[-70.971867,42.380583],[-70.972421,42.380311],[-70.972091,42.379366],[-70.971708,42.379375],[-70.972169,42.379158],[-70.971749,42.378081],[-70.971189,42.377945],[-70.971509,42.377699],[-70.970345,42.376368],[-70.968393,42.375013],[-70.966985,42.374522],[-70.966401,42.37519],[-70.967488,42.376705],[-70.9672,42.377524],[-70.96569,42.375043],[-70.965789,42.374665],[-70.965115,42.373835],[-70.965553,42.373523],[-70.965868,42.373993],[-70.967489,42.37381],[-70.96778,42.372824],[-70.967634,42.37219],[-70.966463,42.37242],[-70.966008,42.372735],[-70.966359,42.373006],[-70.965565,42.373078],[-70.96537,42.373424],[-70.964705,42.373173],[-70.964628,42.372668],[-70.966377,42.372104],[-70.96682,42.370796],[-70.965493,42.369387],[-70.965347,42.368487],[-70.963076,42.367388],[-70.962618,42.365631],[-70.964824,42.366841],[-70.966437,42.366814],[-70.966633,42.366489],[-70.9659,42.36613],[-70.966841,42.365795],[-70.963606,42.365165],[-70.962798,42.365451],[-70.962735,42.365026],[-70.96193,42.36483],[-70.96224,42.364569],[-70.963652,42.36502],[-70.966851,42.365336],[-70.968302,42.364391],[-70.969121,42.362831],[-70.969171,42.361255],[-70.96828,42.358388],[-70.967251,42.357067],[-70.968821,42.355875]]]]}},{"type":"Feature","properties":{"area_id":"347","layer":"municipality","name":"Woburn","municipality_type":"city","county_id":"25017"},"geometry":{"type":"Polygon","coordinates":[[[-71.121738,42.498746],[-71.116796,42.494648],[-71.112053,42.473815],[-71.123863,42.473401],[-71.152339,42.46371],[-71.156236,42.456924],[-71.16299,42.460208],[-71.189636,42.449838],[-71.193844,42.45315],[-71.195414,42.453599],[-71.198447,42.456991],[-71.206968,42.463633],[-71.204309,42.465847],[-71.188279,42.479705],[-71.187397,42.479373],[-71.185478,42.479973],[-71.186507,42.480988],[-71.182945,42.482131],[-71.181376,42.483395],[-71.181501,42.483631],[-71.168924,42.487095],[-71.17072,42.489764],[-71.168915,42.490556],[-71.168439,42.498158],[-71.1692,42.506517],[-71.169924,42.50674],[-71.169353,42.507369],[-71.169676,42.507513],[-71.169325,42.507881],[-71.169474,42.509497],[-71.169854,42.509694],[-71.169498,42.510237],[-71.17026,42.510461],[-71.169647,42.511372],[-71.170035,42.515547],[-71.135455,42.53001],[-71.124227,42.508404],[-71.123866,42.507626],[-71.124177,42.507535],[-71.122397,42.504162],[-71.12196,42.504287],[-71.11976,42.500301],[-71.121738,42.498746]]]}},{"type":"Feature","properties":{"area_id":"348","layer":"municipality","name":"Worcester","municipality_type":"city","county_id":"25027"},"geometry":{"type":"Polygon","coordinates":[[[-71.758543,42.29623],[-71.75128,42.254503],[-71.74608,42.243847],[-71.731238,42.241295],[-71.73343,42.237984],[-71.797141,42.210048],[-71.803835,42.220935],[-71.806752,42.223907],[-71.810035,42.231271],[-71.856633,42.226684],[-71.884044,42.281261],[-71.875388,42.286553],[-71.802043,42.331354],[-71.785895,42.341196],[-71.77972,42.328971],[-71.768268,42.311269],[-71.758543,42.29623]]]}},{"type":"Feature","properties":{"area_id":"349","layer":"municipality","name":"Worthington","municipality_type":"town","county_id":"25015"},"geometry":{"type":"Polygon","coordinates":[[[-72.904582,42.430395],[-72.885636,42.340044],[-72.885208,42.332602],[-72.894789,42.3315],[-72.895639,42.340711],[-72.953274,42.343838],[-72.953945,42.345921],[-72.957519,42.347633],[-72.960132,42.350407],[-72.961819,42.352758],[-72.963077,42.353507],[-72.963751,42.357417],[-72.965557,42.36085],[-72.966829,42.362552],[-72.965975,42.363678],[-72.966001,42.364047],[-72.968905,42.364897],[-72.968576,42.365946],[-72.966318,42.367812],[-72.966038,42.36905],[-72.965088,42.36972],[-72.964982,42.370389],[-72.966939,42.3719],[-72.967523,42.372807],[-72.968504,42.372916],[-72.969617,42.373597],[-72.970075,42.374776],[-72.970895,42.375525],[-72.973169,42.376324],[-72.97384,42.37688],[-72.974351,42.379244],[-72.975096,42.380505],[-72.975763,42.383571],[-72.977907,42.385253],[-72.977346,42.386754],[-72.976502,42.391457],[-73.009081,42.387742],[-72.992645,42.449103],[-72.880816,42.433019],[-72.904582,42.430395]]]}},{"type":"Feature","properties":{"area_id":"350","layer":"municipality","name":"Wrentham","municipality_type":"town","county_id":"25021"},"geometry":{"type":"Polygon","coordinates":[[[-71.287704,42.076935],[-71.2871,42.063716],[-71.289442,42.059111],[-71.289084,42.04505],[-71.381328,42.018945],[-71.458117,42.017861],[-71.455905,42.034905],[-71.388236,42.041013],[-71.365315,42.076203],[-71.359274,42.089528],[-71.315746,42.090122],[-71.285082,42.082401],[-71.287704,42.076935]]]}},{"type":"Feature","properties":{"area_id":"351","layer":"municipality","name":"Yarmouth","municipality_type":"town","county_id":"25001"},"geometry":{"type":"MultiPolygon","coordinates":[[[[-70.192495,41.648303],[-70.195285,41.64758],[-70.195949,41.648215],[-70.192495,41.648303]]],[[[-70.220915,41.723502],[-70.220108,41.722311],[-70.219514,41.722079],[-70.217308,41.722469],[-70.216626,41.722974],[-70.216776,41.72344],[-70.217656,41.723036],[-70.21816,41.7235],[-70.21804,41.724458],[-70.217243,41.724384],[-70.21687,41.725108],[-70.21608,41.724671],[-70.215342,41.725073],[-70.215088,41.724587],[-70.214146,41.72435],[-70.213591,41.724896],[-70.213146,41.724676],[-70.214006,41.7239],[-70.213327,41.723082],[-70.212785,41.723932],[-70.212842,41.724398],[-70.21249,41.724569],[-70.212072,41.724476],[-70.212258,41.724063],[-70.211778,41.723697],[-70.211261,41.724066],[-70.210506,41.723652],[-70.209743,41.724011],[-70.20999,41.723515],[-70.209333,41.723146],[-70.208577,41.723947],[-70.208368,41.723313],[-70.208044,41.723473],[-70.208272,41.723736],[-70.207451,41.723845],[-70.206422,41.723632],[-70.206489,41.723109],[-70.205951,41.723262],[-70.205939,41.722888],[-70.205136,41.72325],[-70.203756,41.723201],[-70.203127,41.72379],[-70.203288,41.724005],[-70.201757,41.724378],[-70.201559,41.723997],[-70.200317,41.723656],[-70.197037,41.721592],[-70.198446,41.71853],[-70.185955,41.71279],[-70.184659,41.712888],[-70.182806,41.712094],[-70.181801,41.710754],[-70.178837,41.709063],[-70.180413,41.707385],[-70.181716,41.706328],[-70.182515,41.704063],[-70.182228,41.70327],[-70.181017,41.702744],[-70.18077,41.702182],[-70.181095,41.701613],[-70.180019,41.701212],[-70.178306,41.701303],[-70.178356,41.700197],[-70.17793,41.699936],[-70.176163,41.699908],[-70.175532,41.700187],[-70.174584,41.699887],[-70.173481,41.69879],[-70.173539,41.698054],[-70.17154,41.697052],[-70.17164,41.696536],[-70.172406,41.695993],[-70.172447,41.695307],[-70.170906,41.695463],[-70.170637,41.694208],[-70.169874,41.69379],[-70.170515,41.693293],[-70.170357,41.692519],[-70.167972,41.689271],[-70.166829,41.688945],[-70.166624,41.688381],[-70.164874,41.687332],[-70.163334,41.687198],[-70.162108,41.687641],[-70.161957,41.687009],[-70.163154,41.687127],[-70.163284,41.686638],[-70.162777,41.686566],[-70.162308,41.685851],[-70.161832,41.685967],[-70.161782,41.686515],[-70.161567,41.686486],[-70.159861,41.684674],[-70.162694,41.683465],[-70.163133,41.682622],[-70.162949,41.681318],[-70.164895,41.680283],[-70.167539,41.680165],[-70.168368,41.679391],[-70.168595,41.680363],[-70.169558,41.680425],[-70.169404,41.677913],[-70.170122,41.677146],[-70.169984,41.676062],[-70.171332,41.675001],[-70.171988,41.673374],[-70.173668,41.671056],[-70.175289,41.670723],[-70.176477,41.672035],[-70.177459,41.67234],[-70.179327,41.671994],[-70.180448,41.671401],[-70.181477,41.669457],[-70.181525,41.667892],[-70.182528,41.666968],[-70.182783,41.665706],[-70.183647,41.665467],[-70.18416,41.663555],[-70.185082,41.662805],[-70.187528,41.661971],[-70.188938,41.660381],[-70.188854,41.659876],[-70.189439,41.65981],[-70.189156,41.659348],[-70.189414,41.658806],[-70.190933,41.658014],[-70.192366,41.656725],[-70.194736,41.655724],[-70.196725,41.654106],[-70.197736,41.651247],[-70.198606,41.6504],[-70.198959,41.649397],[-70.198878,41.648617],[-70.198012,41.647353],[-70.198046,41.646413],[-70.197462,41.645506],[-70.197798,41.644156],[-70.203321,41.643523],[-70.208555,41.642177],[-70.211304,41.641103],[-70.21681,41.638086],[-70.220296,41.637195],[-70.220567,41.636833],[-70.220303,41.635912],[-70.220979,41.635017],[-70.226005,41.634579],[-70.229634,41.633296],[-70.23342,41.632627],[-70.236304,41.63129],[-70.238913,41.630851],[-70.242706,41.629671],[-70.247405,41.627657],[-70.251456,41.625275],[-70.254542,41.622235],[-70.254763,41.621526],[-70.25438,41.621039],[-70.255942,41.62015],[-70.255436,41.618922],[-70.255848,41.616959],[-70.258593,41.612435],[-70.260402,41.610476],[-70.261023,41.610165],[-70.263976,41.609957],[-70.266244,41.609256],[-70.266809,41.609488],[-70.268303,41.611836],[-70.268264,41.612119],[-70.267797,41.612213],[-70.268024,41.61375],[-70.268714,41.615574],[-70.27033,41.617965],[-70.269353,41.620875],[-70.269625,41.622457],[-70.2704,41.623989],[-70.269441,41.625766],[-70.26865,41.626315],[-70.268572,41.626833],[-70.267429,41.627376],[-70.267806,41.628502],[-70.266668,41.628911],[-70.266652,41.629364],[-70.265085,41.62861],[-70.266614,41.627891],[-70.267069,41.626827],[-70.267724,41.626533],[-70.267486,41.626378],[-70.266941,41.626474],[-70.266044,41.627576],[-70.264233,41.627965],[-70.261473,41.627518],[-70.259838,41.627577],[-70.259223,41.627106],[-70.259084,41.62652],[-70.260051,41.627072],[-70.260652,41.626924],[-70.260883,41.625721],[-70.262078,41.625418],[-70.262813,41.624629],[-70.265427,41.623962],[-70.266391,41.624415],[-70.267609,41.623827],[-70.267321,41.622919],[-70.266342,41.622848],[-70.265901,41.623298],[-70.265476,41.623227],[-70.264215,41.621859],[-70.262075,41.621533],[-70.26077,41.62177],[-70.259971,41.622752],[-70.260362,41.623416],[-70.26034,41.624481],[-70.259742,41.624468],[-70.259672,41.62502],[-70.259016,41.624774],[-70.258779,41.624892],[-70.259055,41.625106],[-70.258111,41.62525],[-70.257715,41.626548],[-70.256877,41.627056],[-70.257291,41.62739],[-70.257956,41.626678],[-70.258624,41.626713],[-70.257311,41.628268],[-70.257182,41.629737],[-70.254236,41.632426],[-70.252806,41.632777],[-70.251941,41.63174],[-70.252128,41.631132],[-70.253757,41.630013],[-70.252699,41.629272],[-70.251447,41.629677],[-70.251558,41.630044],[-70.251161,41.63041],[-70.249727,41.630538],[-70.247005,41.629984],[-70.244035,41.630906],[-70.245179,41.63124],[-70.245619,41.63099],[-70.24689,41.631083],[-70.247521,41.63051],[-70.249526,41.631282],[-70.251349,41.631431],[-70.251723,41.631754],[-70.251799,41.632376],[-70.249564,41.633079],[-70.248313,41.63323],[-70.248583,41.633009],[-70.248142,41.632778],[-70.245269,41.632568],[-70.243611,41.631277],[-70.241634,41.631393],[-70.241905,41.632245],[-70.24109,41.634616],[-70.240966,41.636746],[-70.241312,41.638125],[-70.242066,41.639433],[-70.241964,41.639828],[-70.243798,41.640977],[-70.244979,41.641104],[-70.246731,41.640572],[-70.247228,41.64005],[-70.246774,41.639232],[-70.247478,41.639637],[-70.248389,41.639479],[-70.250042,41.640654],[-70.252214,41.643149],[-70.255129,41.645103],[-70.257437,41.645962],[-70.258036,41.645956],[-70.258246,41.645605],[-70.259698,41.645764],[-70.262556,41.645088],[-70.26333,41.644248],[-70.266606,41.644436],[-70.268292,41.645477],[-70.269236,41.645566],[-70.269846,41.645971],[-70.270805,41.645816],[-70.271303,41.646483],[-70.273107,41.646668],[-70.274258,41.648025],[-70.27362,41.64889],[-70.273698,41.649403],[-70.259626,41.692293],[-70.260471,41.704206],[-70.261301,41.706289],[-70.262325,41.707369],[-70.263464,41.707839],[-70.263756,41.708301],[-70.262531,41.708985],[-70.262373,41.710516],[-70.261006,41.710729],[-70.260223,41.711305],[-70.259609,41.713196],[-70.258609,41.714777],[-70.257272,41.715777],[-70.255646,41.716288],[-70.254418,41.717749],[-70.25123,41.720045],[-70.249596,41.722029],[-70.247399,41.723337],[-70.245115,41.724043],[-70.242806,41.723945],[-70.241226,41.724844],[-70.239808,41.725189],[-70.238884,41.724985],[-70.238701,41.724173],[-70.238106,41.723819],[-70.23527,41.723858],[-70.232666,41.725241],[-70.231556,41.727635],[-70.230259,41.728471],[-70.227841,41.727282],[-70.226499,41.725425],[-70.224679,41.724672],[-70.222913,41.724831],[-70.221554,41.72602],[-70.220901,41.725764],[-70.220687,41.725173],[-70.220915,41.723502]]]]}}]}
